DrugBank ID,CYPs,Name,InChI,SMILES
DB00091,"['CYP2C19', 'CYP2D6', 'CYP3A5', 'CYP3A4']",Cyclosporine,"InChI=1S/C62H111N11O12/c1-25-27-28-40(15)52(75)51-56(79)65-43(26-2)58(81)67(18)33-48(74)68(19)44(29-34(3)4)55(78)66-49(38(11)12)61(84)69(20)45(30-35(5)6)54(77)63-41(16)53(76)64-42(17)57(80)70(21)46(31-36(7)8)59(82)71(22)47(32-37(9)10)60(83)72(23)50(39(13)14)62(85)73(51)24/h25,27,34-47,49-52,75H,26,28-33H2,1-24H3,(H,63,77)(H,64,76)(H,65,79)(H,66,78)/b27-25+/t40-,41+,42-,43+,44+,45+,46+,47+,49+,50+,51+,52-/m1/s1",CC[C@@H]1NC(=O)[C@H]([C@H](O)[C@H](C)C\C=C\C)N(C)C(=O)[C@H](C(C)C)N(C)C(=O)[C@H](CC(C)C)N(C)C(=O)[C@H](CC(C)C)N(C)C(=O)[C@@H](C)NC(=O)[C@H](C)NC(=O)[C@H](CC(C)C)N(C)C(=O)[C@@H](NC(=O)[C@H](CC(C)C)N(C)C(=O)CN(C)C1=O)C(C)C
DB00118,['CYP2E1'],Ademetionine,"InChI=1S/C15H22N6O5S/c1-27(3-2-7(16)15(24)25)4-8-10(22)11(23)14(26-8)21-6-20-9-12(17)18-5-19-13(9)21/h5-8,10-11,14,22-23H,2-4,16H2,1H3,(H2-,17,18,19,24,25)/t7-,8+,10+,11+,14+,27?/m0/s1",C[S+](CC[C@H](N)C([O-])=O)C[C@H]1O[C@H]([C@H](O)[C@@H]1O)N1C=NC2=C1N=CN=C2N
DB00121,[],Biotin,"InChI=1S/C10H16N2O3S/c13-8(14)4-2-1-3-7-9-6(5-16-7)11-10(15)12-9/h6-7,9H,1-5H2,(H,13,14)(H2,11,12,15)/t6-,7-,9-/m0/s1",[H][C@]12CS[C@@H](CCCCC(O)=O)[C@@]1([H])NC(=O)N2
DB00136,['CYP3A4'],Calcitriol,"InChI=1S/C27H44O3/c1-18(8-6-14-26(3,4)30)23-12-13-24-20(9-7-15-27(23,24)5)10-11-21-16-22(28)17-25(29)19(21)2/h10-11,18,22-25,28-30H,2,6-9,12-17H2,1,3-5H3/b20-10+,21-11-/t18-,22-,23-,24+,25+,27-/m1/s1",C[C@H](CCCC(C)(C)O)[C@@]1([H])CC[C@@]2([H])\C(CCC[C@]12C)=C\C=C1\C[C@@H](O)C[C@H](O)C1=C
DB00152,[],Thiamine,"InChI=1S/C12H17N4OS/c1-8-11(3-4-17)18-7-16(8)6-10-5-14-9(2)15-12(10)13/h5,7,17H,3-4,6H2,1-2H3,(H2,13,14,15)/q+1",CC1=C(CCO)SC=[N+]1CC1=CN=C(C)N=C1N
DB00162,[],Vitamin A,"InChI=1S/C20H30O/c1-16(8-6-9-17(2)13-15-21)11-12-19-18(3)10-7-14-20(19,4)5/h6,8-9,11-13,21H,7,10,14-15H2,1-5H3/b9-6+,12-11+,16-8+,17-13+",C\C(=C/CO)\C=C\C=C(/C)\C=C\C1=C(C)CCCC1(C)C
DB00163,['CYP3A4'],Vitamin E,"InChI=1S/C29H50O2/c1-20(2)12-9-13-21(3)14-10-15-22(4)16-11-18-29(8)19-17-26-25(7)27(30)23(5)24(6)28(26)31-29/h20-22,30H,9-19H2,1-8H3/t21-,22-,29-/m1/s1",CC(C)CCC[C@@H](C)CCC[C@@H](C)CCC[C@]1(C)CCC2=C(O1)C(C)=C(C)C(O)=C2C
DB00165,['CYP1A1'],Pyridoxine,"InChI=1S/C8H11NO3/c1-5-8(12)7(4-11)6(3-10)2-9-5/h2,10-12H,3-4H2,1H3",CC1=C(O)C(CO)=C(CO)C=N1
DB00169,"['CYP3A4', 'CYP1A1', 'CYP2C8']",Cholecalciferol,"InChI=1S/C27H44O/c1-19(2)8-6-9-21(4)25-15-16-26-22(10-7-17-27(25,26)5)12-13-23-18-24(28)14-11-20(23)3/h12-13,19,21,24-26,28H,3,6-11,14-18H2,1-2,4-5H3/b22-12+,23-13-/t21-,24+,25-,26+,27-/m1/s1",CC(C)CCC[C@@H](C)[C@@]1([H])CC[C@@]2([H])\C(CCC[C@]12C)=C\C=C1\C[C@@H](O)CCC1=C
DB00170,"['CYP1A2', 'CYP2A6', 'CYP2B6', 'CYP2C8', 'CYP2C9', 'CYP2C19', 'CYP2D6', 'CYP2E1', 'CYP3A4', 'CYP3A5', 'CYP3A7', 'CYP1A1']",Menadione,"InChI=1S/C11H8O2/c1-7-6-10(12)8-4-2-3-5-9(8)11(7)13/h2-6H,1H3",CC1=CC(=O)C2=CC=CC=C2C1=O
DB00176,"['CYP2D6', 'CYP1A2', 'CYP1A1', 'CYP3A4', 'CYP3A4', 'CYP3A43', 'CYP3A5', 'CYP3A7', 'CYP2C9', 'CYP2C19', 'CYP2B6']",Fluvoxamine,"InChI=1S/C15H21F3N2O2/c1-21-10-3-2-4-14(20-22-11-9-19)12-5-7-13(8-6-12)15(16,17)18/h5-8H,2-4,9-11,19H2,1H3/b20-14+",COCCCC\C(=N/OCCN)C1=CC=C(C=C1)C(F)(F)F
DB00177,['CYP2C9'],Valsartan,"InChI=1S/C24H29N5O3/c1-4-5-10-21(30)29(22(16(2)3)24(31)32)15-17-11-13-18(14-12-17)19-8-6-7-9-20(19)23-25-27-28-26-23/h6-9,11-14,16,22H,4-5,10,15H2,1-3H3,(H,31,32)(H,25,26,27,28)/t22-/m0/s1",CCCCC(=O)N(CC1=CC=C(C=C1)C1=CC=CC=C1C1=NNN=N1)[C@@H](C(C)C)C(O)=O
DB00180,['CYP3A4'],Flunisolide,"InChI=1S/C24H31FO6/c1-21(2)30-19-9-14-13-8-16(25)15-7-12(27)5-6-22(15,3)20(13)17(28)10-23(14,4)24(19,31-21)18(29)11-26/h5-7,13-14,16-17,19-20,26,28H,8-11H2,1-4H3/t13-,14-,16-,17-,19+,20+,22-,23-,24+/m0/s1",[H][C@@]12C[C@@]3([H])[C@]4([H])C[C@H](F)C5=CC(=O)C=C[C@]5(C)[C@@]4([H])[C@@H](O)C[C@]3(C)[C@@]1(OC(C)(C)O2)C(=O)CO
DB00182,"['CYP2A6', 'CYP2D6']",Amphetamine,"InChI=1S/C9H13N/c1-8(10)7-9-5-3-2-4-6-9/h2-6,8H,7,10H2,1H3",CC(N)CC1=CC=CC=C1
DB00184,"['CYP1A1', 'CYP1A2', 'CYP2C19', 'CYP2C8', 'CYP2C9', 'CYP2D6', 'CYP3A4', 'CYP2A6', 'CYP2E1', 'CYP2B6']",Nicotine,"InChI=1S/C10H14N2/c1-12-7-3-5-10(12)9-4-2-6-11-8-9/h2,4,6,8,10H,3,5,7H2,1H3/t10-/m0/s1",CN1CCC[C@H]1C1=CN=CC=C1
DB00185,"['CYP2D6', 'CYP3A4']",Cevimeline,"InChI=1S/C10H17NOS/c1-8-12-10(7-13-8)6-11-4-2-9(10)3-5-11/h8-9H,2-7H2,1H3/t8?,10-/m1/s1",CC1O[C@@]2(CS1)CN1CCC2CC1
DB00187,['CYP2D6'],Esmolol,"InChI=1S/C16H25NO4/c1-12(2)17-10-14(18)11-21-15-7-4-13(5-8-15)6-9-16(19)20-3/h4-5,7-8,12,14,17-18H,6,9-11H2,1-3H3",COC(=O)CCC1=CC=C(OCC(O)CNC(C)C)C=C1
DB00188,"['CYP3A4', 'CYP2C19', 'CYP2D6', 'CYP1A2', 'CYP2C9']",Bortezomib,"InChI=1S/C19H25BN4O4/c1-13(2)10-17(20(27)28)24-18(25)15(11-14-6-4-3-5-7-14)23-19(26)16-12-21-8-9-22-16/h3-9,12-13,15,17,27-28H,10-11H2,1-2H3,(H,23,26)(H,24,25)/t15-,17-/m0/s1",CC(C)C[C@H](NC(=O)[C@H](CC1=CC=CC=C1)NC(=O)C1=CN=CC=N1)B(O)O
DB00191,['CYP3A4'],Phentermine,"InChI=1S/C10H15N/c1-10(2,11)8-9-6-4-3-5-7-9/h3-7H,8,11H2,1-2H3",CC(C)(N)CC1=CC=CC=C1
DB00193,"['CYP2B6', 'CYP2D6', 'CYP3A4']",Tramadol,"InChI=1S/C16H25NO2/c1-17(2)12-14-7-4-5-10-16(14,18)13-8-6-9-15(11-13)19-3/h6,8-9,11,14,18H,4-5,7,10,12H2,1-3H3",COC1=CC=CC(=C1)C1(O)CCCCC1CN(C)C
DB00195,"['CYP2D6', 'CYP1A2']",Betaxolol,"InChI=1S/C18H29NO3/c1-14(2)19-11-17(20)13-22-18-7-5-15(6-8-18)9-10-21-12-16-3-4-16/h5-8,14,16-17,19-20H,3-4,9-13H2,1-2H3",CC(C)NCC(O)COC1=CC=C(CCOCC2CC2)C=C1
DB00196,"['CYP3A5', 'CYP3A4', 'CYP2C9', 'CYP2C19']",Fluconazole,"InChI=1S/C13H12F2N6O/c14-10-1-2-11(12(15)3-10)13(22,4-20-8-16-6-18-20)5-21-9-17-7-19-21/h1-3,6-9,22H,4-5H2",OC(CN1C=NC=N1)(CN1C=NC=N1)C1=C(F)C=C(F)C=C1
DB00197,"['CYP1A1', 'CYP2B6', 'CYP2C9', 'CYP3A5', 'CYP3A7', 'CYP3A4', 'CYP2C19', 'CYP2C8']",Troglitazone,"InChI=1S/C24H27NO5S/c1-13-14(2)21-18(15(3)20(13)26)9-10-24(4,30-21)12-29-17-7-5-16(6-8-17)11-19-22(27)25-23(28)31-19/h5-8,19,26H,9-12H2,1-4H3,(H,25,27,28)",CC1=C(C)C2=C(CCC(C)(COC3=CC=C(CC4SC(=O)NC4=O)C=C3)O2)C(C)=C1O
DB00199,"['CYP3A5', 'CYP3A4', 'CYP3A7']",Erythromycin,"InChI=1S/C37H67NO13/c1-14-25-37(10,45)30(41)20(4)27(39)18(2)16-35(8,44)32(51-34-28(40)24(38(11)12)15-19(3)47-34)21(5)29(22(6)33(43)49-25)50-26-17-36(9,46-13)31(42)23(7)48-26/h18-26,28-32,34,40-42,44-45H,14-17H2,1-13H3/t18-,19-,20+,21+,22-,23+,24+,25-,26+,28-,29+,30-,31+,32-,34+,35-,36-,37-/m1/s1",CC[C@H]1OC(=O)[C@H](C)[C@@H](O[C@H]2C[C@@](C)(OC)[C@@H](O)[C@H](C)O2)[C@H](C)[C@@H](O[C@@H]2O[C@H](C)C[C@@H]([C@H]2O)N(C)C)[C@](C)(O)C[C@@H](C)C(=O)[C@H](C)[C@@H](O)[C@]1(C)O
DB00201,"['CYP1A2', 'CYP3A4', 'CYP2E1', 'CYP2C8', 'CYP2C9', 'CYP1A1', 'CYP2D6']",Caffeine,"InChI=1S/C8H10N4O2/c1-10-4-9-6-5(10)7(13)12(3)8(14)11(6)2/h4H,1-3H3",CN1C=NC2=C1C(=O)N(C)C(=O)N2C
DB00203,"['CYP3A4', 'CYP3A5', 'CYP3A7', 'CYP2C9', 'CYP2C19', 'CYP2D6', 'CYP2E1']",Sildenafil,"InChI=1S/C22H30N6O4S/c1-5-7-17-19-20(27(4)25-17)22(29)24-21(23-19)16-14-15(8-9-18(16)32-6-2)33(30,31)28-12-10-26(3)11-13-28/h8-9,14H,5-7,10-13H2,1-4H3,(H,23,24,29)",CCCC1=NN(C)C2=C1N=C(NC2=O)C1=CC(=CC=C1OCC)S(=O)(=O)N1CCN(C)CC1
DB00204,['CYP3A4'],Dofetilide,"InChI=1S/C19H27N3O5S2/c1-22(13-12-16-4-6-17(7-5-16)20-28(2,23)24)14-15-27-19-10-8-18(9-11-19)21-29(3,25)26/h4-11,20-21H,12-15H2,1-3H3",CN(CCOC1=CC=C(NS(C)(=O)=O)C=C1)CCC1=CC=C(NS(C)(=O)=O)C=C1
DB00205,['CYP2C8'],Pyrimethamine,"InChI=1S/C12H13ClN4/c1-2-9-10(11(14)17-12(15)16-9)7-3-5-8(13)6-4-7/h3-6H,2H2,1H3,(H4,14,15,16,17)",CCC1=C(C(N)=NC(N)=N1)C1=CC=C(Cl)C=C1
DB00206,['CYP3A5'],Reserpine,"InChI=1S/C33H40N2O9/c1-38-19-7-8-20-21-9-10-35-16-18-13-27(44-32(36)17-11-25(39-2)30(41-4)26(12-17)40-3)31(42-5)28(33(37)43-6)22(18)15-24(35)29(21)34-23(20)14-19/h7-8,11-12,14,18,22,24,27-28,31,34H,9-10,13,15-16H2,1-6H3/t18-,22+,24-,27-,28+,31+/m1/s1",[H][C@]12C[C@@H](OC(=O)C3=CC(OC)=C(OC)C(OC)=C3)[C@H](OC)[C@@H](C(=O)OC)[C@@]1([H])C[C@@]1([H])N(CCC3=C1NC1=C3C=CC(OC)=C1)C2
DB00207,['CYP3A4'],Azithromycin,"InChI=1S/C38H72N2O12/c1-15-27-38(10,46)31(42)24(6)40(13)19-20(2)17-36(8,45)33(52-35-29(41)26(39(11)12)16-21(3)48-35)22(4)30(23(5)34(44)50-27)51-28-18-37(9,47-14)32(43)25(7)49-28/h20-33,35,41-43,45-46H,15-19H2,1-14H3/t20-,21-,22+,23-,24-,25+,26+,27-,28+,29-,30+,31-,32+,33-,35+,36-,37-,38-/m1/s1",CC[C@H]1OC(=O)[C@H](C)[C@@H](O[C@H]2C[C@@](C)(OC)[C@@H](O)[C@H](C)O2)[C@H](C)[C@@H](O[C@@H]2O[C@H](C)C[C@@H]([C@H]2O)N(C)C)[C@](C)(O)C[C@@H](C)CN(C)[C@H](C)[C@@H](O)[C@]1(C)O
DB00208,"['CYP2C19', 'CYP2D6', 'CYP2C9', 'CYP2C8', 'CYP1A2', 'CYP2B6', 'CYP2E1']",Ticlopidine,"InChI=1S/C14H14ClNS/c15-13-4-2-1-3-11(13)9-16-7-5-14-12(10-16)6-8-17-14/h1-4,6,8H,5,7,9-10H2",ClC1=CC=CC=C1CN1CCC2=C(C1)C=CS2
DB00209,['CYP2D6'],Trospium,"InChI=1S/C25H30NO3/c27-24(25(28,19-9-3-1-4-10-19)20-11-5-2-6-12-20)29-23-17-21-13-14-22(18-23)26(21)15-7-8-16-26/h1-6,9-12,21-23,28H,7-8,13-18H2/q+1/t21-,22+,23+",[H][C@]12CC[C@]([H])(C[C@@H](C1)OC(=O)C(O)(C1=CC=CC=C1)C1=CC=CC=C1)[N+]21CCCC1
DB00211,['CYP2D6'],Midodrine,"InChI=1S/C12H18N2O4/c1-17-8-3-4-11(18-2)9(5-8)10(15)7-14-12(16)6-13/h3-5,10,15H,6-7,13H2,1-2H3,(H,14,16)",COC1=CC(C(O)CNC(=O)CN)=C(OC)C=C1
DB00213,"['CYP2C19', 'CYP3A4']",Pantoprazole,"InChI=1S/C16H15F2N3O4S/c1-23-13-5-6-19-12(14(13)24-2)8-26(22)16-20-10-4-3-9(25-15(17)18)7-11(10)21-16/h3-7,15H,8H2,1-2H3,(H,20,21)",COC1=C(OC)C(CS(=O)C2=NC3=C(N2)C=C(OC(F)F)C=C3)=NC=C1
DB00214,"['CYP2C8', 'CYP2C9']",Torasemide,"InChI=1S/C16H20N4O3S/c1-11(2)18-16(21)20-24(22,23)15-10-17-8-7-14(15)19-13-6-4-5-12(3)9-13/h4-11H,1-3H3,(H,17,19)(H2,18,20,21)",CC(C)NC(=O)NS(=O)(=O)C1=C(NC2=CC=CC(C)=C2)C=CN=C1
DB00215,"['CYP3A4', 'CYP2C19', 'CYP2D6', 'CYP1A2']",Citalopram,"InChI=1S/C20H21FN2O/c1-23(2)11-3-10-20(17-5-7-18(21)8-6-17)19-9-4-15(13-22)12-16(19)14-24-20/h4-9,12H,3,10-11,14H2,1-2H3",CN(C)CCCC1(OCC2=C1C=CC(=C2)C#N)C1=CC=C(F)C=C1
DB00216,"['CYP2D6', 'CYP2C9', 'CYP2C19', 'CYP2A6', 'CYP3A4']",Eletriptan,"InChI=1S/C22H26N2O2S/c1-24-12-5-6-19(24)15-18-16-23-22-10-9-17(14-21(18)22)11-13-27(25,26)20-7-3-2-4-8-20/h2-4,7-10,14,16,19,23H,5-6,11-13,15H2,1H3/t19-/m1/s1",CN1CCC[C@@H]1CC1=CNC2=C1C=C(CCS(=O)(=O)C1=CC=CC=C1)C=C2
DB00218,['CYP1A2'],Moxifloxacin,"InChI=1S/C21H24FN3O4/c1-29-20-17-13(19(26)14(21(27)28)9-25(17)12-4-5-12)7-15(22)18(20)24-8-11-3-2-6-23-16(11)10-24/h7,9,11-12,16,23H,2-6,8,10H2,1H3,(H,27,28)/t11-,16+/m0/s1",[H][C@]12CN(C[C@@]1([H])NCCC2)C1=C(F)C=C2C(=O)C(=CN(C3CC3)C2=C1OC)C(O)=O
DB00220,"['CYP3A4', 'CYP3A7', 'CYP3A5', 'CYP2B6', 'CYP2C19', 'CYP2C9', 'CYP2D6']",Nelfinavir,"InChI=1S/C32H45N3O4S/c1-21-25(15-10-16-28(21)36)30(38)33-26(20-40-24-13-6-5-7-14-24)29(37)19-35-18-23-12-9-8-11-22(23)17-27(35)31(39)34-32(2,3)4/h5-7,10,13-16,22-23,26-27,29,36-37H,8-9,11-12,17-20H2,1-4H3,(H,33,38)(H,34,39)/t22-,23+,26-,27-,29+/m0/s1",[H][C@@]12CCCC[C@]1([H])CN(C[C@@H](O)[C@H](CSC1=CC=CC=C1)NC(=O)C1=C(C)C(O)=CC=C1)[C@@H](C2)C(=O)NC(C)(C)C
DB00222,['CYP2C9'],Glimepiride,"InChI=1S/C24H34N4O5S/c1-4-21-17(3)15-28(22(21)29)24(31)25-14-13-18-7-11-20(12-8-18)34(32,33)27-23(30)26-19-9-5-16(2)6-10-19/h7-8,11-12,16,19H,4-6,9-10,13-15H2,1-3H3,(H,25,31)(H2,26,27,30)/t16-,19-",CCC1=C(C)CN(C(=O)NCCC2=CC=C(C=C2)S(=O)(=O)NC(=O)N[C@H]2CC[C@H](C)CC2)C1=O
DB00224,"['CYP2D6', 'CYP3A4', 'CYP3A5', 'CYP3A7']",Indinavir,"InChI=1S/C36H47N5O4/c1-36(2,3)39-35(45)31-24-40(22-26-12-9-15-37-21-26)16-17-41(31)23-29(42)19-28(18-25-10-5-4-6-11-25)34(44)38-33-30-14-8-7-13-27(30)20-32(33)43/h4-15,21,28-29,31-33,42-43H,16-20,22-24H2,1-3H3,(H,38,44)(H,39,45)/t28-,29+,31+,32-,33+/m1/s1",CC(C)(C)NC(=O)[C@@H]1CN(CC2=CN=CC=C2)CCN1C[C@@H](O)C[C@@H](CC1=CC=CC=C1)C(=O)N[C@@H]1[C@H](O)CC2=CC=CC=C12
DB00227,"['CYP3A4', 'CYP2C8', 'CYP2C19']",Lovastatin,"InChI=1S/C24H36O5/c1-5-15(3)24(27)29-21-11-14(2)10-17-7-6-16(4)20(23(17)21)9-8-19-12-18(25)13-22(26)28-19/h6-7,10,14-16,18-21,23,25H,5,8-9,11-13H2,1-4H3/t14-,15-,16-,18+,19+,20-,21-,23-/m0/s1",[H][C@]12[C@H](C[C@@H](C)C=C1C=C[C@H](C)[C@@H]2CC[C@@H]1C[C@@H](O)CC(=O)O1)OC(=O)[C@@H](C)CC
DB00228,['CYP2E1'],Enflurane,"InChI=1S/C3H2ClF5O/c4-1(5)3(8,9)10-2(6)7/h1-2H",FC(F)OC(F)(F)C(F)Cl
DB00231,"['CYP3A4', 'CYP2B6', 'CYP2C9']",Temazepam,"InChI=1S/C16H13ClN2O2/c1-19-13-8-7-11(17)9-12(13)14(18-15(20)16(19)21)10-5-3-2-4-6-10/h2-9,15,20H,1H3",CN1C2=C(C=C(Cl)C=C2)C(=NC(O)C1=O)C1=CC=CC=C1
DB00234,"['CYP3A4', 'CYP2D6']",Reboxetine,"InChI=1S/C19H23NO3/c1-2-21-16-10-6-7-11-17(16)23-19(15-8-4-3-5-9-15)18-14-20-12-13-22-18/h3-11,18-20H,2,12-14H2,1H3/t18-,19-/m1/s1",[H][C@@]1(CNCCO1)[C@H](OC1=CC=CC=C1OCC)C1=CC=CC=C1
DB00238,"['CYP2D6', 'CYP1A2', 'CYP3A7', 'CYP3A4', 'CYP2B6', 'CYP3A5', 'CYP2C9', 'CYP2A6']",Nevirapine,"InChI=1S/C15H14N4O/c1-9-6-8-17-14-12(9)18-15(20)11-3-2-7-16-13(11)19(14)10-4-5-10/h2-3,6-8,10H,4-5H2,1H3,(H,18,20)",CC1=C2NC(=O)C3=C(N=CC=C3)N(C3CC3)C2=NC=C1
DB00239,"['CYP3A4', 'CYP2C19']",Oxiconazole,"InChI=1S/C18H13Cl4N3O/c19-13-2-1-12(16(21)7-13)10-26-24-18(9-25-6-5-23-11-25)15-4-3-14(20)8-17(15)22/h1-8,11H,9-10H2/b24-18+",ClC1=CC(Cl)=C(CO\N=C(/CN2C=CN=C2)C2=CC=C(Cl)C=C2Cl)C=C1
DB00240,['CYP3A4'],Alclometasone,"InChI=1S/C22H29ClO5/c1-11-6-14-18-15(23)8-12-7-13(25)4-5-20(12,2)19(18)16(26)9-21(14,3)22(11,28)17(27)10-24/h4-5,7,11,14-16,18-19,24,26,28H,6,8-10H2,1-3H3/t11-,14+,15-,16+,18-,19+,20+,21+,22+/m1/s1",[H][C@@]12C[C@@H](C)[C@](O)(C(=O)CO)[C@@]1(C)C[C@H](O)[C@@]1([H])[C@@]2([H])[C@H](Cl)CC2=CC(=O)C=C[C@]12C
DB00243,"['CYP3A4', 'CYP2D6']",Ranolazine,"InChI=1S/C24H33N3O4/c1-18-7-6-8-19(2)24(18)25-23(29)16-27-13-11-26(12-14-27)15-20(28)17-31-22-10-5-4-9-21(22)30-3/h4-10,20,28H,11-17H2,1-3H3,(H,25,29)",COC1=CC=CC=C1OCC(O)CN1CCN(CC(=O)NC2=C(C)C=CC=C2C)CC1
DB00246,['CYP3A4'],Ziprasidone,"InChI=1S/C21H21ClN4OS/c22-17-13-18-15(12-20(27)23-18)11-14(17)5-6-25-7-9-26(10-8-25)21-16-3-1-2-4-19(16)28-24-21/h1-4,11,13H,5-10,12H2,(H,23,27)",ClC1=C(CCN2CCN(CC2)C2=NSC3=CC=CC=C23)C=C2CC(=O)NC2=C1
DB00247,['CYP3A4'],Methysergide,"InChI=1S/C21H27N3O2/c1-4-15(12-25)22-21(26)14-8-17-16-6-5-7-18-20(16)13(10-23(18)2)9-19(17)24(3)11-14/h5-8,10,14-15,19,25H,4,9,11-12H2,1-3H3,(H,22,26)/t14-,15?,19-/m1/s1",[H][C@@]12CC3=CN(C)C4=C3C(=CC=C4)C1=C[C@H](CN2C)C(=O)NC(CC)CO
DB00248,['CYP3A4'],Cabergoline,"InChI=1S/C26H37N5O2/c1-5-11-30-17-19(25(32)31(26(33)27-6-2)13-8-12-29(3)4)14-21-20-9-7-10-22-24(20)18(16-28-22)15-23(21)30/h5,7,9-10,16,19,21,23,28H,1,6,8,11-15,17H2,2-4H3,(H,27,33)/t19-,21-,23-/m1/s1",[H][C@@]12CC3=CNC4=CC=CC(=C34)[C@@]1([H])C[C@H](CN2CC=C)C(=O)N(CCCN(C)C)C(=O)NCC
DB00250,"['CYP2C9', 'CYP2E1', 'CYP3A4', 'CYP2C8', 'CYP2C19', 'CYP3A5', 'CYP3A7']",Dapsone,"InChI=1S/C12H12N2O2S/c13-9-1-5-11(6-2-9)17(15,16)12-7-3-10(14)4-8-12/h1-8H,13-14H2",NC1=CC=C(C=C1)S(=O)(=O)C1=CC=C(N)C=C1
DB00252,"['CYP2C9', 'CYP2C19', 'CYP2C8', 'CYP2B6', 'CYP3A4', 'CYP3A5', 'CYP3A7', 'CYP1A2', 'CYP2A6', 'CYP2D6', 'CYP2E1']",Phenytoin,"InChI=1S/C15H12N2O2/c18-13-15(17-14(19)16-13,11-7-3-1-4-8-11)12-9-5-2-6-10-12/h1-10H,(H2,16,17,18,19)",O=C1NC(=O)C(N1)(C1=CC=CC=C1)C1=CC=CC=C1
DB00253,"['CYP3A4', 'CYP3A5']",Medrysone,"InChI=1S/C22H32O3/c1-12-9-15-17-6-5-16(13(2)23)22(17,4)11-19(25)20(15)21(3)8-7-14(24)10-18(12)21/h10,12,15-17,19-20,25H,5-9,11H2,1-4H3/t12-,15-,16+,17-,19-,20+,21-,22+/m0/s1",[H][C@@]12CC[C@H](C(C)=O)[C@@]1(C)C[C@H](O)[C@@]1([H])[C@@]2([H])C[C@H](C)C2=CC(=O)CC[C@]12C
DB00254,['CYP3A4'],Doxycycline,"InChI=1S/C22H24N2O8/c1-7-8-5-4-6-9(25)11(8)16(26)12-10(7)17(27)14-15(24(2)3)18(28)13(21(23)31)20(30)22(14,32)19(12)29/h4-7,10,14-15,17,25,27-29,32H,1-3H3,(H2,23,31)/t7-,10+,14+,15-,17-,22-/m0/s1",[H][C@@]12[C@@H](C)C3=CC=CC(O)=C3C(=O)C1=C(O)[C@]1(O)C(=O)C(C(N)=O)=C(O)[C@@H](N(C)C)[C@]1([H])[C@H]2O
DB00255,"['CYP3A4', 'CYP2C8', 'CYP2C9', 'CYP2E1']",Diethylstilbestrol,"InChI=1S/C18H20O2/c1-3-17(13-5-9-15(19)10-6-13)18(4-2)14-7-11-16(20)12-8-14/h5-12,19-20H,3-4H2,1-2H3/b18-17+",CC\C(=C(\CC)C1=CC=C(O)C=C1)C1=CC=C(O)C=C1
DB00257,"['CYP2C8', 'CYP3A4', 'CYP2B6', 'CYP2D6', 'CYP2A6', 'CYP2C9', 'CYP2E1', 'CYP3A7']",Clotrimazole,"InChI=1S/C22H17ClN2/c23-21-14-8-7-13-20(21)22(25-16-15-24-17-25,18-9-3-1-4-10-18)19-11-5-2-6-12-19/h1-17H",ClC1=CC=CC=C1C(N1C=CN=C1)(C1=CC=CC=C1)C1=CC=CC=C1
DB00261,['CYP1A2'],Anagrelide,"InChI=1S/C10H7Cl2N3O/c11-6-1-2-7-5(9(6)12)3-15-4-8(16)14-10(15)13-7/h1-2H,3-4H2,(H,13,14,16)",ClC1=CC=C2N=C3NC(=O)CN3CC2=C1Cl
DB00263,['CYP2C9'],Sulfisoxazole,"InChI=1S/C11H13N3O3S/c1-7-8(2)13-17-11(7)14-18(15,16)10-5-3-9(12)4-6-10/h3-6,14H,12H2,1-2H3",CC1=NOC(NS(=O)(=O)C2=CC=C(N)C=C2)=C1C
DB00264,"['CYP3A4', 'CYP2D6']",Metoprolol,"InChI=1S/C15H25NO3/c1-12(2)16-10-14(17)11-19-15-6-4-13(5-7-15)8-9-18-3/h4-7,12,14,16-17H,8-11H2,1-3H3",COCCC1=CC=C(OCC(O)CNC(C)C)C=C1
DB00266,['CYP2C9'],Dicoumarol,"InChI=1S/C19H12O6/c20-16-10-5-1-3-7-14(10)24-18(22)12(16)9-13-17(21)11-6-2-4-8-15(11)25-19(13)23/h1-8,20-21H,9H2",OC1=C(CC2=C(O)C3=C(OC2=O)C=CC=C3)C(=O)OC2=C1C=CC=C2
DB00268,['CYP1A2'],Ropinirole,"InChI=1S/C16H24N2O/c1-3-9-18(10-4-2)11-8-13-6-5-7-15-14(13)12-16(19)17-15/h5-7H,3-4,8-12H2,1-2H3,(H,17,19)",CCCN(CCC)CCC1=C2CC(=O)NC2=CC=C1
DB00270,['CYP3A4'],Isradipine,"InChI=1S/C19H21N3O5/c1-9(2)26-19(24)15-11(4)20-10(3)14(18(23)25-5)16(15)12-7-6-8-13-17(12)22-27-21-13/h6-9,16,20H,1-5H3",COC(=O)C1=C(C)NC(C)=C(C1C1=CC=CC2=NON=C12)C(=O)OC(C)C
DB00273,"['CYP3A4', 'CYP2C19']",Topiramate,"InChI=1S/C12H21NO8S/c1-10(2)18-7-5-16-12(6-17-22(13,14)15)9(8(7)19-10)20-11(3,4)21-12/h7-9H,5-6H2,1-4H3,(H2,13,14,15)/t7-,8-,9+,12+/m1/s1",[H][C@@]12CO[C@@]3(COS(N)(=O)=O)OC(C)(C)O[C@@]3([H])[C@]1([H])OC(C)(C)O2
DB00277,"['CYP1A1', 'CYP2D6', 'CYP1A2', 'CYP2E1', 'CYP3A4']",Theophylline,"InChI=1S/C7H8N4O2/c1-10-5-4(8-3-9-5)6(12)11(2)7(10)13/h3H,1-2H3,(H,8,9)",CN1C2=C(NC=N2)C(=O)N(C)C1=O
DB00278,"['CYP3A4', 'CYP3A5']",Argatroban,"InChI=1S/C23H36N6O5S/c1-14-8-10-29(18(12-14)22(31)32)21(30)17(6-4-9-26-23(24)25)28-35(33,34)19-7-3-5-16-11-15(2)13-27-20(16)19/h3,5,7,14-15,17-18,27-28H,4,6,8-13H2,1-2H3,(H,31,32)(H4,24,25,26)/t14-,15?,17+,18-/m1/s1",C[C@@H]1CCN([C@H](C1)C(O)=O)C(=O)[C@H](CCCNC(N)=N)NS(=O)(=O)C1=CC=CC2=C1NCC(C)C2
DB00280,"['CYP1A2', 'CYP3A4']",Disopyramide,"InChI=1S/C21H29N3O/c1-16(2)24(17(3)4)15-13-21(20(22)25,18-10-6-5-7-11-18)19-12-8-9-14-23-19/h5-12,14,16-17H,13,15H2,1-4H3,(H2,22,25)",CC(C)N(CCC(C(N)=O)(C1=CC=CC=C1)C1=NC=CC=C1)C(C)C
DB00281,"['CYP3A4', 'CYP2D6', 'CYP3A5', 'CYP3A7', 'CYP1A2', 'CYP2C9', 'CYP2C8', 'CYP2A6', 'CYP2B6']",Lidocaine,"InChI=1S/C14H22N2O/c1-5-16(6-2)10-13(17)15-14-11(3)8-7-9-12(14)4/h7-9H,5-6,10H2,1-4H3,(H,15,17)",CCN(CC)CC(=O)NC1=C(C)C=CC=C1C
DB00283,['CYP2D6'],Clemastine,"InChI=1S/C21H26ClNO/c1-21(17-7-4-3-5-8-17,18-10-12-19(22)13-11-18)24-16-14-20-9-6-15-23(20)2/h3-5,7-8,10-13,20H,6,9,14-16H2,1-2H3/t20-,21-/m1/s1",CN1CCC[C@@H]1CCO[C@](C)(C1=CC=CC=C1)C1=CC=C(Cl)C=C1
DB00285,"['CYP2D6', 'CYP3A4', 'CYP2C9', 'CYP2C19']",Venlafaxine,"InChI=1S/C17H27NO2/c1-18(2)13-16(17(19)11-5-4-6-12-17)14-7-9-15(20-3)10-8-14/h7-10,16,19H,4-6,11-13H2,1-3H3",COC1=CC=C(C=C1)C(CN(C)C)C1(O)CCCCC1
DB00288,"['CYP3A4', 'CYP3A5']",Amcinonide,"InChI=1S/C28H35FO7/c1-16(30)34-15-22(33)28-23(35-26(36-28)9-4-5-10-26)13-20-19-7-6-17-12-18(31)8-11-24(17,2)27(19,29)21(32)14-25(20,28)3/h8,11-12,19-21,23,32H,4-7,9-10,13-15H2,1-3H3/t19-,20-,21-,23+,24-,25-,27-,28+/m0/s1",[H][C@@]12C[C@H]3OC4(CCCC4)O[C@@]3(C(=O)COC(C)=O)[C@@]1(C)C[C@H](O)[C@@]1(F)[C@@]2([H])CCC2=CC(=O)C=C[C@]12C
DB00289,"['CYP2C19', 'CYP2D6']",Atomoxetine,"InChI=1S/C17H21NO/c1-14-8-6-7-11-16(14)19-17(12-13-18-2)15-9-4-3-5-10-15/h3-11,17-18H,12-13H2,1-2H3/t17-/m1/s1",CNCC[C@@H](OC1=CC=CC=C1C)C1=CC=CC=C1
DB00292,[],Etomidate,"InChI=1S/C14H16N2O2/c1-3-18-14(17)13-9-15-10-16(13)11(2)12-7-5-4-6-8-12/h4-11H,3H2,1-2H3/t11-/m1/s1",CCOC(=O)C1=CN=CN1[C@H](C)C1=CC=CC=C1
DB00294,['CYP3A4'],Etonogestrel,"InChI=1S/C22H28O2/c1-4-21-13-14(3)20-17-9-7-16(23)12-15(17)6-8-18(20)19(21)10-11-22(21,24)5-2/h2,12,17-20,24H,3-4,6-11,13H2,1H3/t17-,18-,19-,20+,21-,22-/m0/s1",[H][C@@]12CC[C@@](O)(C#C)[C@@]1(CC)CC(=C)[C@]1([H])[C@@]3([H])CCC(=O)C=C3CC[C@@]21[H]
DB00295,"['CYP2C8', 'CYP3A4']",Morphine,"InChI=1S/C17H19NO3/c1-18-7-6-17-10-3-5-13(20)16(17)21-15-12(19)4-2-9(14(15)17)8-11(10)18/h2-5,10-11,13,16,19-20H,6-8H2,1H3/t10-,11+,13-,16-,17-/m0/s1",[H][C@@]12OC3=C(O)C=CC4=C3[C@@]11CCN(C)[C@]([H])(C4)[C@]1([H])C=C[C@@H]2O
DB00296,"['CYP1A2', 'CYP3A4', 'CYP2B6']",Ropivacaine,"InChI=1S/C17H26N2O/c1-4-11-19-12-6-5-10-15(19)17(20)18-16-13(2)8-7-9-14(16)3/h7-9,15H,4-6,10-12H2,1-3H3,(H,18,20)/t15-/m0/s1",CCCN1CCCC[C@H]1C(=O)NC1=C(C)C=CC=C1C
DB00297,"['CYP2C19', 'CYP2D6', 'CYP3A4']",Bupivacaine,"InChI=1S/C18H28N2O/c1-4-5-12-20-13-7-6-11-16(20)18(21)19-17-14(2)9-8-10-15(17)3/h8-10,16H,4-7,11-13H2,1-3H3,(H,19,21)",CCCCN1CCCCC1C(=O)NC1=C(C)C=CC=C1C
DB00301,['CYP3A4'],Flucloxacillin,"InChI=1S/C19H17ClFN3O5S/c1-7-10(12(23-29-7)11-8(20)5-4-6-9(11)21)15(25)22-13-16(26)24-14(18(27)28)19(2,3)30-17(13)24/h4-6,13-14,17H,1-3H3,(H,22,25)(H,27,28)/t13-,14+,17-/m1/s1",[H][C@]12SC(C)(C)[C@@H](N1C(=O)[C@H]2NC(=O)C1=C(C)ON=C1C1=C(Cl)C=CC=C1F)C(O)=O
DB00304,"['CYP3A4', 'CYP2C9']",Desogestrel,"InChI=1S/C22H30O/c1-4-21-14-15(3)20-17-9-7-6-8-16(17)10-11-18(20)19(21)12-13-22(21,23)5-2/h2,8,17-20,23H,3-4,6-7,9-14H2,1H3/t17-,18-,19-,20+,21-,22-/m0/s1",[H][C@@]12CC[C@@](O)(C#C)[C@@]1(CC)CC(=C)[C@]1([H])[C@@]3([H])CCCC=C3CC[C@@]21[H]
DB00307,"['CYP2C8', 'CYP3A4']",Bexarotene,"InChI=1S/C24H28O2/c1-15-13-20-21(24(5,6)12-11-23(20,3)4)14-19(15)16(2)17-7-9-18(10-8-17)22(25)26/h7-10,13-14H,2,11-12H2,1,3-6H3,(H,25,26)",CC1=CC2=C(C=C1C(=C)C1=CC=C(C=C1)C(O)=O)C(C)(C)CCC2(C)C
DB00309,['CYP3A4'],Vindesine,"InChI=1S/C43H55N5O7/c1-6-39(52)21-25-22-42(38(51)55-5,33-27(13-17-47(23-25)24-39)26-11-8-9-12-30(26)45-33)29-19-28-31(20-32(29)54-4)46(3)35-41(28)15-18-48-16-10-14-40(7-2,34(41)48)36(49)43(35,53)37(44)50/h8-12,14,19-20,25,34-36,45,49,52-53H,6-7,13,15-18,21-24H2,1-5H3,(H2,44,50)/t25-,34-,35+,36+,39-,40+,41+,42-,43-/m0/s1",[H][C@@]12N3CC[C@@]11C4=CC(=C(OC)C=C4N(C)[C@@]1([H])[C@](O)([C@H](O)[C@]2(CC)C=CC3)C(N)=O)[C@]1(C[C@@]2([H])CN(C[C@](O)(CC)C2)CCC2=C1NC1=C2C=CC=C1)C(=O)OC
DB00312,"['CYP2C19', 'CYP2A6', 'CYP3A4']",Pentobarbital,"InChI=1S/C11H18N2O3/c1-4-6-7(3)11(5-2)8(14)12-10(16)13-9(11)15/h7H,4-6H2,1-3H3,(H2,12,13,14,15,16)",CCCC(C)C1(CC)C(=O)NC(=O)NC1=O
DB00313,"['CYP2A6', 'CYP2B6', 'CYP2C9', 'CYP3A5', 'CYP1A2', 'CYP2C19', 'CYP3A4']",Valproic acid,"InChI=1S/C8H16O2/c1-3-5-7(6-4-2)8(9)10/h7H,3-6H2,1-2H3,(H,9,10)",CCCC(CCC)C(O)=O
DB00315,['CYP1A2'],Zolmitriptan,"InChI=1S/C16H21N3O2/c1-19(2)6-5-12-9-17-15-4-3-11(8-14(12)15)7-13-10-21-16(20)18-13/h3-4,8-9,13,17H,5-7,10H2,1-2H3,(H,18,20)/t13-/m0/s1",CN(C)CCC1=CNC2=CC=C(C[C@H]3COC(=O)N3)C=C12
DB00316,"['CYP2E1', 'CYP1A2', 'CYP3A4', 'CYP2D6', 'CYP2A6']",Acetaminophen,"InChI=1S/C8H9NO2/c1-6(10)9-7-2-4-8(11)5-3-7/h2-5,11H,1H3,(H,9,10)",CC(=O)NC1=CC=C(O)C=C1
DB00317,"['CYP3A5', 'CYP1A1', 'CYP2C9', 'CYP2C19', 'CYP3A4', 'CYP2D6']",Gefitinib,"InChI=1S/C22H24ClFN4O3/c1-29-20-13-19-16(12-21(20)31-8-2-5-28-6-9-30-10-7-28)22(26-14-25-19)27-15-3-4-18(24)17(23)11-15/h3-4,11-14H,2,5-10H2,1H3,(H,25,26,27)",COC1=C(OCCCN2CCOCC2)C=C2C(NC3=CC(Cl)=C(F)C=C3)=NC=NC2=C1
DB00318,"['CYP2D6', 'CYP3A4']",Codeine,"InChI=1S/C18H21NO3/c1-19-8-7-18-11-4-5-13(20)17(18)22-16-14(21-2)6-3-10(15(16)18)9-12(11)19/h3-6,11-13,17,20H,7-9H2,1-2H3/t11-,12+,13-,17-,18-/m0/s1",[H][C@]12C=C[C@H](O)[C@@H]3OC4=C5C(C[C@H]1N(C)CC[C@@]235)=CC=C4OC
DB00320,['CYP3A4'],Dihydroergotamine,"InChI=1S/C33H37N5O5/c1-32(35-29(39)21-15-23-22-10-6-11-24-28(22)20(17-34-24)16-25(23)36(2)18-21)31(41)38-26(14-19-8-4-3-5-9-19)30(40)37-13-7-12-27(37)33(38,42)43-32/h3-6,8-11,17,21,23,25-27,34,42H,7,12-16,18H2,1-2H3,(H,35,39)/t21-,23-,25-,26+,27+,32-,33+/m1/s1",[H][C@@]12CCCN1C(=O)[C@H](CC1=CC=CC=C1)N1C(=O)[C@](C)(NC(=O)[C@H]3CN(C)[C@]4([H])CC5=CNC6=CC=CC(=C56)[C@@]4([H])C3)O[C@@]21O
DB00321,"['CYP2D6', 'CYP1A2', 'CYP2C19', 'CYP2C9', 'CYP3A4', 'CYP3A5', 'CYP2B6', 'CYP2C8']",Amitriptyline,"InChI=1S/C20H23N/c1-21(2)15-7-12-20-18-10-5-3-8-16(18)13-14-17-9-4-6-11-19(17)20/h3-6,8-12H,7,13-15H2,1-2H3",CN(C)CCC=C1C2=CC=CC=C2CCC2=CC=CC=C12
DB00322,['CYP2C9'],Floxuridine,"InChI=1S/C9H11FN2O5/c10-4-2-12(9(16)11-8(4)15)7-1-5(14)6(3-13)17-7/h2,5-7,13-14H,1,3H2,(H,11,15,16)/t5-,6+,7+/m0/s1",OC[C@H]1O[C@H](C[C@@H]1O)N1C=C(F)C(=O)NC1=O
DB00323,['CYP2C9'],Tolcapone,"InChI=1S/C14H11NO5/c1-8-2-4-9(5-3-8)13(17)10-6-11(15(19)20)14(18)12(16)7-10/h2-7,16,18H,1H3",CC1=CC=C(C=C1)C(=O)C1=CC(=C(O)C(O)=C1)[N+]([O-])=O
DB00324,"['CYP3A5', 'CYP3A4']",Fluorometholone,"InChI=1S/C22H29FO4/c1-12-9-17-15-6-8-21(27,13(2)24)20(15,4)11-18(26)22(17,23)19(3)7-5-14(25)10-16(12)19/h5,7,10,12,15,17-18,26-27H,6,8-9,11H2,1-4H3/t12-,15-,17-,18-,19-,20-,21-,22-/m0/s1",[H][C@@]12CC[C@](O)(C(C)=O)[C@@]1(C)C[C@H](O)[C@@]1(F)[C@@]2([H])C[C@H](C)C2=CC(=O)C=C[C@]12C
DB00325,['CYP1A1'],Nitroprusside,InChI=1S/5CN.Fe.NO/c5*1-2;;1-2/q;;;;;2*-1,O=N[Fe--](C#N)(C#N)(C#N)(C#N)C#N
DB00327,['CYP2C9'],Hydromorphone,"InChI=1S/C17H19NO3/c1-18-7-6-17-10-3-5-13(20)16(17)21-15-12(19)4-2-9(14(15)17)8-11(10)18/h2,4,10-11,16,19H,3,5-8H2,1H3/t10-,11+,16-,17-/m0/s1",[H][C@@]12OC3=C(O)C=CC4=C3[C@@]11CCN(C)[C@]([H])(C4)[C@]1([H])CCC2=O
DB00328,"['CYP2C19', 'CYP2C9']",Indomethacin,"InChI=1S/C19H16ClNO4/c1-11-15(10-18(22)23)16-9-14(25-2)7-8-17(16)21(11)19(24)12-3-5-13(20)6-4-12/h3-9H,10H2,1-2H3,(H,22,23)",COC1=CC2=C(C=C1)N(C(=O)C1=CC=C(Cl)C=C1)C(C)=C2CC(O)=O
DB00330,"['CYP1A2', 'CYP2E1', 'CYP2C19', 'CYP2D6', 'CYP2A6', 'CYP2C9', 'CYP3A4']",Ethambutol,"InChI=1S/C10H24N2O2/c1-3-9(7-13)11-5-6-12-10(4-2)8-14/h9-14H,3-8H2,1-2H3/t9-,10-/m0/s1",CC[C@@H](CO)NCCN[C@@H](CC)CO
DB00333,"['CYP3A4', 'CYP2C19', 'CYP3A7', 'CYP2D6', 'CYP2B6', 'CYP2C8', 'CYP1A2', 'CYP2C9', 'CYP3A4', 'CYP3A43', 'CYP3A5', 'CYP3A7']",Methadone,"InChI=1S/C21H27NO/c1-5-20(23)21(16-17(2)22(3)4,18-12-8-6-9-13-18)19-14-10-7-11-15-19/h6-15,17H,5,16H2,1-4H3",CCC(=O)C(CC(C)N(C)C)(C1=CC=CC=C1)C1=CC=CC=C1
DB00334,"['CYP1A2', 'CYP2D6', 'CYP2C19', 'CYP2C9', 'CYP3A4', 'CYP3A4', 'CYP3A43', 'CYP3A5', 'CYP3A7']",Olanzapine,"InChI=1S/C17H20N4S/c1-12-11-13-16(21-9-7-20(2)8-10-21)18-14-5-3-4-6-15(14)19-17(13)22-12/h3-6,11,19H,7-10H2,1-2H3",CN1CCN(CC1)C1=NC2=CC=CC=C2NC2=C1C=C(C)S2
DB00335,['CYP2D6'],Atenolol,"InChI=1S/C14H22N2O3/c1-10(2)16-8-12(17)9-19-13-5-3-11(4-6-13)7-14(15)18/h3-6,10,12,16-17H,7-9H2,1-2H3,(H2,15,18)",CC(C)NCC(O)COC1=CC=C(CC(N)=O)C=C1
DB00337,['CYP3A4'],Pimecrolimus,"InChI=1S/C43H68ClNO11/c1-10-30-18-24(2)17-25(3)19-36(53-8)39-37(54-9)21-27(5)43(51,56-39)40(48)41(49)45-16-12-11-13-32(45)42(50)55-38(28(6)33(46)23-34(30)47)26(4)20-29-14-15-31(44)35(22-29)52-7/h18,20,25,27-33,35-39,46,51H,10-17,19,21-23H2,1-9H3/b24-18+,26-20+/t25-,27+,28+,29-,30+,31-,32-,33-,35+,36-,37-,38+,39+,43+/m0/s1",[H][C@]1(CC[C@H](Cl)[C@@H](C1)OC)\C=C(/C)[C@@]1([H])OC(=O)[C@]2([H])CCCCN2C(=O)C(=O)[C@]2(O)O[C@@]([H])([C@H](C[C@H]2C)OC)[C@H](C[C@@H](C)C\C(C)=C\[C@@H](CC)C(=O)C[C@H](O)[C@H]1C)OC
DB00338,"['CYP1A1', 'CYP1A2', 'CYP2C8', 'CYP2C9', 'CYP2D6', 'CYP3A4', 'CYP2C19']",Omeprazole,"InChI=1S/C17H19N3O3S/c1-10-8-18-15(11(2)16(10)23-4)9-24(21)17-19-13-6-5-12(22-3)7-14(13)20-17/h5-8H,9H2,1-4H3,(H,19,20)",COC1=CC2=C(C=C1)N=C(N2)S(=O)CC1=NC=C(C)C(OC)=C1C
DB00342,"['CYP3A4', 'CYP3A7', 'CYP2D6', 'CYP3A5', 'CYP2C8']",Terfenadine,"InChI=1S/C32H41NO2/c1-31(2,3)26-18-16-25(17-19-26)30(34)15-10-22-33-23-20-29(21-24-33)32(35,27-11-6-4-7-12-27)28-13-8-5-9-14-28/h4-9,11-14,16-19,29-30,34-35H,10,15,20-24H2,1-3H3",CC(C)(C)C1=CC=C(C=C1)C(O)CCCN1CCC(CC1)C(O)(C1=CC=CC=C1)C1=CC=CC=C1
DB00343,"['CYP3A4', 'CYP3A5', 'CYP3A7', 'CYP2C19', 'CYP2D6', 'CYP2C8']",Diltiazem,"InChI=1S/C22H26N2O4S/c1-15(25)28-20-21(16-9-11-17(27-4)12-10-16)29-19-8-6-5-7-18(19)24(22(20)26)14-13-23(2)3/h5-12,20-21H,13-14H2,1-4H3/t20-,21+/m1/s1",COC1=CC=C(C=C1)[C@@H]1SC2=C(C=CC=C2)N(CCN(C)C)C(=O)[C@@H]1OC(C)=O
DB00346,['CYP3A4'],Alfuzosin,"InChI=1S/C19H27N5O4/c1-24(8-5-7-21-18(25)14-6-4-9-28-14)19-22-13-11-16(27-3)15(26-2)10-12(13)17(20)23-19/h10-11,14H,4-9H2,1-3H3,(H,21,25)(H2,20,22,23)",COC1=CC2=C(C=C1OC)C(N)=NC(=N2)N(C)CCCNC(=O)C1CCCO1
DB00347,"['CYP2E1', 'CYP3A4', 'CYP2C8', 'CYP2C9', 'CYP2C19']",Trimethadione,InChI=1S/C6H9NO3/c1-6(2)4(8)7(3)5(9)10-6/h1-3H3,CN1C(=O)OC(C)(C)C1=O
DB00349,"['CYP1A2', 'CYP2B6', 'CYP2D6', 'CYP2C8', 'CYP2C9', 'CYP2C19', 'CYP3A5', 'CYP3A4', 'CYP3A7']",Clobazam,"InChI=1S/C16H13ClN2O2/c1-18-13-8-7-11(17)9-14(13)19(16(21)10-15(18)20)12-5-3-2-4-6-12/h2-9H,10H2,1H3",CN1C2=C(C=C(Cl)C=C2)N(C2=CC=CC=C2)C(=O)CC1=O
DB00351,['CYP3A4'],Megestrol acetate,"InChI=1S/C24H32O4/c1-14-12-18-19(22(4)9-6-17(27)13-21(14)22)7-10-23(5)20(18)8-11-24(23,15(2)25)28-16(3)26/h12-13,18-20H,6-11H2,1-5H3/t18-,19+,20+,22-,23+,24+/m1/s1",[H][C@@]12CC[C@](OC(C)=O)(C(C)=O)[C@@]1(C)CC[C@@]1([H])[C@@]2([H])C=C(C)C2=CC(=O)CC[C@]12C
DB00353,['CYP3A4'],Methylergometrine,"InChI=1S/C20H25N3O2/c1-3-14(11-24)22-20(25)13-7-16-15-5-4-6-17-19(15)12(9-21-17)8-18(16)23(2)10-13/h4-7,9,13-14,18,21,24H,3,8,10-11H2,1-2H3,(H,22,25)/t13-,14+,18-/m1/s1",[H][C@@]12CC3=CNC4=CC=CC(=C34)C1=C[C@H](CN2C)C(=O)N[C@@H](CC)CO
DB00356,"['CYP2E1', 'CYP1A1', 'CYP1A2', 'CYP2A6', 'CYP3A4', 'CYP2D6']",Chlorzoxazone,"InChI=1S/C7H4ClNO2/c8-4-1-2-6-5(3-4)9-7(10)11-6/h1-3H,(H,9,10)",ClC1=CC2=C(OC(=O)N2)C=C1
DB00357,"['CYP3A4', 'CYP2C19']",Aminoglutethimide,"InChI=1S/C13H16N2O2/c1-2-13(8-7-11(16)15-12(13)17)9-3-5-10(14)6-4-9/h3-6H,2,7-8,14H2,1H3,(H,15,16,17)",CCC1(CCC(=O)NC1=O)C1=CC=C(N)C=C1
DB00358,['CYP3A4'],Mefloquine,"InChI=1S/C17H16F6N2O/c18-16(19,20)11-5-3-4-9-10(15(26)12-6-1-2-7-24-12)8-13(17(21,22)23)25-14(9)11/h3-5,8,12,15,24,26H,1-2,6-7H2",OC(C1CCCCN1)C1=CC(=NC2=C1C=CC=C2C(F)(F)F)C(F)(F)F
DB00359,"['CYP2C8', 'CYP3A4', 'CYP2C9']",Sulfadiazine,"InChI=1S/C10H10N4O2S/c11-8-2-4-9(5-3-8)17(15,16)14-10-12-6-1-7-13-10/h1-7H,11H2,(H,12,13,14)",NC1=CC=C(C=C1)S(=O)(=O)NC1=NC=CC=N1
DB00361,"['CYP2D6', 'CYP3A4']",Vinorelbine,"InChI=1S/C45H54N4O8/c1-8-27-19-28-22-44(40(51)55-6,36-30(25-48(23-27)24-28)29-13-10-11-14-33(29)46-36)32-20-31-34(21-35(32)54-5)47(4)38-43(31)16-18-49-17-12-15-42(9-2,37(43)49)39(57-26(3)50)45(38,53)41(52)56-7/h10-15,19-21,28,37-39,46,53H,8-9,16-18,22-25H2,1-7H3/t28-,37-,38+,39+,42+,43+,44-,45-/m0/s1",[H][C@@]12N(C)C3=CC(OC)=C(C=C3[C@@]11CCN3CC=C[C@](CC)([C@@]13[H])[C@@]([H])(OC(C)=O)[C@]2(O)C(=O)OC)[C@]1(C[C@@]2([H])CN(CC(CC)=C2)CC2=C1NC1=CC=CC=C21)C(=O)OC
DB00363,"['CYP1A2', 'CYP2D6', 'CYP2C9', 'CYP3A4', 'CYP2C19', 'CYP2A6', 'CYP2C8', 'CYP1A1']",Clozapine,"InChI=1S/C18H19ClN4/c1-22-8-10-23(11-9-22)18-14-4-2-3-5-15(14)20-16-7-6-13(19)12-17(16)21-18/h2-7,12,20H,8-11H2,1H3",CN1CCN(CC1)C1=NC2=CC(Cl)=CC=C2NC2=CC=CC=C12
DB00365,"['CYP1A2', 'CYP3A4']",Grepafloxacin,"InChI=1S/C19H22FN3O3/c1-10-8-22(6-5-21-10)15-7-14-16(11(2)17(15)20)18(24)13(19(25)26)9-23(14)12-3-4-12/h7,9-10,12,21H,3-6,8H2,1-2H3,(H,25,26)",CC1CN(CCN1)C1=C(F)C(C)=C2C(=O)C(=CN(C3CC3)C2=C1)C(O)=O
DB00367,"['CYP3A5', 'CYP3A4']",Levonorgestrel,"InChI=1S/C21H28O2/c1-3-20-11-9-17-16-8-6-15(22)13-14(16)5-7-18(17)19(20)10-12-21(20,23)4-2/h2,13,16-19,23H,3,5-12H2,1H3/t16-,17+,18+,19-,20-,21-/m0/s1",[H][C@@]12CC[C@@](O)(C#C)[C@@]1(CC)CC[C@]1([H])[C@@]3([H])CCC(=O)C=C3CC[C@@]21[H]
DB00370,"['CYP3A4', 'CYP2D6', 'CYP1A2']",Mirtazapine,"InChI=1S/C17H19N3/c1-19-9-10-20-16(12-19)15-7-3-2-5-13(15)11-14-6-4-8-18-17(14)20/h2-8,16H,9-12H2,1H3",CN1CCN2C(C1)C1=CC=CC=C1CC1=C2N=CC=C1
DB00373,"['CYP2C19', 'CYP2D6']",Timolol,"InChI=1S/C13H24N4O3S/c1-13(2,3)14-8-10(18)9-20-12-11(15-21-16-12)17-4-6-19-7-5-17/h10,14,18H,4-9H2,1-3H3/t10-/m0/s1",[H][C@](O)(CNC(C)(C)C)COC1=NSN=C1N1CCOCC1
DB00374,"['CYP2C8', 'CYP2C9']",Treprostinil,"InChI=1S/C23H34O5/c1-2-3-4-7-17(24)9-10-18-19-11-15-6-5-8-22(28-14-23(26)27)20(15)12-16(19)13-21(18)25/h5-6,8,16-19,21,24-25H,2-4,7,9-14H2,1H3,(H,26,27)/t16-,17-,18+,19-,21+/m0/s1",[H][C@]12C[C@@H](O)[C@H](CC[C@@H](O)CCCCC)[C@@]1([H])CC1=C(C2)C(OCC(O)=O)=CC=C1
DB00377,"['CYP2D6', 'CYP3A4', 'CYP1A2']",Palonosetron,"InChI=1S/C19H24N2O/c22-19-16-6-2-4-14-3-1-5-15(18(14)16)11-21(19)17-12-20-9-7-13(17)8-10-20/h2,4,6,13,15,17H,1,3,5,7-12H2/t15-,17-/m1/s1",[H][C@]12CCCC3=C1C(=CC=C3)C(=O)N(C2)[C@@H]1CN2CCC1CC2
DB00378,['CYP3A4'],Dydrogesterone,"InChI=1S/C21H28O2/c1-13(22)17-6-7-18-16-5-4-14-12-15(23)8-10-20(14,2)19(16)9-11-21(17,18)3/h4-5,12,16-19H,6-11H2,1-3H3/t16-,17+,18-,19+,20+,21+/m0/s1",[H][C@@]12CC[C@H](C(C)=O)[C@@]1(C)CC[C@]1([H])[C@@]2([H])C=CC2=CC(=O)CC[C@@]12C
DB00379,"['CYP2B6', 'CYP2E1', 'CYP3A4', 'CYP1A2', 'CYP2D6']",Mexiletine,"InChI=1S/C11H17NO/c1-8-5-4-6-9(2)11(8)13-7-10(3)12/h4-6,10H,7,12H2,1-3H3",CC(N)COC1=C(C)C=CC=C1C
DB00381,"['CYP3A4', 'CYP1A1', 'CYP2B6', 'CYP3A5', 'CYP2C8', 'CYP2D6', 'CYP2C19', 'CYP2C9']",Amlodipine,"InChI=1S/C20H25ClN2O5/c1-4-28-20(25)18-15(11-27-10-9-22)23-12(2)16(19(24)26-3)17(18)13-7-5-6-8-14(13)21/h5-8,17,23H,4,9-11,22H2,1-3H3",CCOC(=O)C1=C(COCCN)NC(C)=C(C1C1=CC=CC=C1Cl)C(=O)OC
DB00382,['CYP1A2'],Tacrine,"InChI=1S/C13H14N2/c14-13-9-5-1-3-7-11(9)15-12-8-4-2-6-10(12)13/h1,3,5,7H,2,4,6,8H2,(H2,14,15)",NC1=C2CCCCC2=NC2=CC=CC=C12
DB00384,['CYP1A2'],Triamterene,"InChI=1S/C12H11N7/c13-9-7(6-4-2-1-3-5-6)16-8-10(14)18-12(15)19-11(8)17-9/h1-5H,(H6,13,14,15,17,18,19)",NC1=NC(N)=C2N=C(C(N)=NC2=N1)C1=CC=CC=C1
DB00388,['CYP1A2'],Phenylephrine,"InChI=1S/C9H13NO2/c1-10-6-9(12)7-3-2-4-8(11)5-7/h2-5,9-12H,6H2,1H3/t9-/m0/s1",CNC[C@H](O)C1=CC(O)=CC=C1
DB00393,['CYP3A4'],Nimodipine,"InChI=1S/C21H26N2O7/c1-12(2)30-21(25)18-14(4)22-13(3)17(20(24)29-10-9-28-5)19(18)15-7-6-8-16(11-15)23(26)27/h6-8,11-12,19,22H,9-10H2,1-5H3",COCCOC(=O)C1=C(C)NC(C)=C(C1C1=CC(=CC=C1)[N+]([O-])=O)C(=O)OC(C)C
DB00394,"['CYP3A5', 'CYP3A4']",Beclomethasone dipropionate,"InChI=1S/C28H37ClO7/c1-6-23(33)35-15-22(32)28(36-24(34)7-2)16(3)12-20-19-9-8-17-13-18(30)10-11-25(17,4)27(19,29)21(31)14-26(20,28)5/h10-11,13,16,19-21,31H,6-9,12,14-15H2,1-5H3/t16-,19-,20-,21-,25-,26-,27-,28-/m0/s1",[H][C@@]12C[C@H](C)[C@](OC(=O)CC)(C(=O)COC(=O)CC)[C@@]1(C)C[C@H](O)[C@@]1(Cl)[C@@]2([H])CCC2=CC(=O)C=C[C@]12C
DB00395,['CYP2C19'],Carisoprodol,"InChI=1S/C12H24N2O4/c1-5-6-12(4,7-17-10(13)15)8-18-11(16)14-9(2)3/h9H,5-8H2,1-4H3,(H2,13,15)(H,14,16)",CCCC(C)(COC(N)=O)COC(=O)NC(C)C
DB00396,"['CYP1A1', 'CYP2A6', 'CYP2D6', 'CYP2C19', 'CYP2C9', 'CYP3A5', 'CYP3A4', 'CYP3A7']",Progesterone,"InChI=1S/C21H30O2/c1-13(22)17-6-7-18-16-5-4-14-12-15(23)8-10-20(14,2)19(16)9-11-21(17,18)3/h12,16-19H,4-11H2,1-3H3/t16-,17+,18-,19-,20-,21+/m0/s1",[H][C@@]12CC[C@H](C(C)=O)[C@@]1(C)CC[C@@]1([H])[C@@]2([H])CCC2=CC(=O)CC[C@]12C
DB00398,"['CYP3A4', 'CYP2C9', 'CYP2C8', 'CYP3A5', 'CYP3A7', 'CYP2B6', 'CYP1A2', 'CYP2C19', 'CYP2D6']",Sorafenib,"InChI=1S/C21H16ClF3N4O3/c1-26-19(30)18-11-15(8-9-27-18)32-14-5-2-12(3-6-14)28-20(31)29-13-4-7-17(22)16(10-13)21(23,24)25/h2-11H,1H3,(H,26,30)(H2,28,29,31)",CNC(=O)C1=NC=CC(OC2=CC=C(NC(=O)NC3=CC(=C(Cl)C=C3)C(F)(F)F)C=C2)=C1
DB00400,"['CYP1A2', 'CYP3A4']",Griseofulvin,"InChI=1S/C17H17ClO6/c1-8-5-9(19)6-12(23-4)17(8)16(20)13-10(21-2)7-11(22-3)14(18)15(13)24-17/h6-8H,5H2,1-4H3/t8-,17+/m1/s1",COC1=CC(OC)=C(Cl)C2=C1C(=O)[C@]1(O2)[C@H](C)CC(=O)C=C1OC
DB00401,"['CYP3A4', 'CYP3A5', 'CYP3A7']",Nisoldipine,"InChI=1S/C20H24N2O6/c1-11(2)10-28-20(24)17-13(4)21-12(3)16(19(23)27-5)18(17)14-8-6-7-9-15(14)22(25)26/h6-9,11,18,21H,10H2,1-5H3",COC(=O)C1=C(C)NC(C)=C(C1C1=CC=CC=C1[N+]([O-])=O)C(=O)OCC(C)C
DB00402,"['CYP3A4', 'CYP2C8']",Eszopiclone,"InChI=1S/C17H17ClN6O3/c1-22-6-8-23(9-7-22)17(26)27-16-14-13(19-4-5-20-14)15(25)24(16)12-3-2-11(18)10-21-12/h2-5,10,16H,6-9H2,1H3/t16-/m0/s1",CN1CCN(CC1)C(=O)O[C@@H]1N(C(=O)C2=NC=CN=C12)C1=NC=C(Cl)C=C1
DB00404,"['CYP3A7', 'CYP3A4', 'CYP2C9', 'CYP3A5']",Alprazolam,"InChI=1S/C17H13ClN4/c1-11-20-21-16-10-19-17(12-5-3-2-4-6-12)14-9-13(18)7-8-15(14)22(11)16/h2-9H,10H2,1H3",CC1=NN=C2CN=C(C3=CC=CC=C3)C3=C(C=CC(Cl)=C3)N12
DB00409,"['CYP2D6', 'CYP1A2', 'CYP3A4', 'CYP3A43', 'CYP3A5', 'CYP3A7']",Remoxipride,"InChI=1S/C16H23BrN2O3/c1-4-19-9-5-6-11(19)10-18-16(20)14-13(21-2)8-7-12(17)15(14)22-3/h7-8,11H,4-6,9-10H2,1-3H3,(H,18,20)/t11-/m0/s1",CCN1CCC[C@H]1CNC(=O)C1=C(OC)C=CC(Br)=C1OC
DB00412,"['CYP1A2', 'CYP2D6', 'CYP3A4', 'CYP2B6', 'CYP2E1', 'CYP2C8', 'CYP2C9']",Rosiglitazone,"InChI=1S/C18H19N3O3S/c1-21(16-4-2-3-9-19-16)10-11-24-14-7-5-13(6-8-14)12-15-17(22)20-18(23)25-15/h2-9,15H,10-12H2,1H3,(H,20,22,23)",CN(CCOC1=CC=C(CC2SC(=O)NC2=O)C=C1)C1=CC=CC=N1
DB00414,['CYP2C9'],Acetohexamide,"InChI=1S/C15H20N2O4S/c1-11(18)12-7-9-14(10-8-12)22(20,21)17-15(19)16-13-5-3-2-4-6-13/h7-10,13H,2-6H2,1H3,(H2,16,17,19)",CC(=O)C1=CC=C(C=C1)S(=O)(=O)NC(=O)NC1CCCCC1
DB00418,"['CYP1A2', 'CYP2C19', 'CYP2C8', 'CYP2C9']",Secobarbital,"InChI=1S/C12H18N2O3/c1-4-6-8(3)12(7-5-2)9(15)13-11(17)14-10(12)16/h5,8H,2,4,6-7H2,1,3H3,(H2,13,14,15,16,17)",CCCC(C)C1(CC=C)C(=O)NC(=O)NC1=O
DB00420,"['CYP1A2', 'CYP3A4', 'CYP2C9', 'CYP2D6', 'CYP2C19']",Promazine,"InChI=1S/C17H20N2S/c1-18(2)12-7-13-19-14-8-3-5-10-16(14)20-17-11-6-4-9-15(17)19/h3-6,8-11H,7,12-13H2,1-2H3",CN(C)CCCN1C2=CC=CC=C2SC2=CC=CC=C12
DB00421,['CYP2C8'],Spironolactone,"InChI=1S/C24H32O4S/c1-14(25)29-19-13-15-12-16(26)4-8-22(15,2)17-5-9-23(3)18(21(17)19)6-10-24(23)11-7-20(27)28-24/h12,17-19,21H,4-11,13H2,1-3H3/t17-,18-,19+,21+,22-,23-,24+/m0/s1",[H][C@@]12CC[C@@]3(CCC(=O)O3)[C@@]1(C)CC[C@@]1([H])[C@@]2([H])[C@@]([H])(CC2=CC(=O)CC[C@]12C)SC(C)=O
DB00425,"['CYP2C9', 'CYP2C19', 'CYP2D6', 'CYP3A4', 'CYP1A2']",Zolpidem,"InChI=1S/C19H21N3O/c1-13-5-8-15(9-6-13)19-16(11-18(23)21(3)4)22-12-14(2)7-10-17(22)20-19/h5-10,12H,11H2,1-4H3",CN(C)C(=O)CC1=C(N=C2C=CC(C)=CN12)C1=CC=C(C)C=C1
DB00428,"['CYP1A1', 'CYP1A2', 'CYP2E1']",Streptozocin,"InChI=1S/C8H15N3O7/c1-11(10-18)8(17)9-4(2-12)6(15)7(16)5(14)3-13/h2,4-7,13-16H,3H2,1H3,(H,9,17)/t4-,5+,6+,7+/m0/s1",CN(N=O)C(=O)N[C@@H](C=O)[C@@H](O)[C@H](O)[C@H](O)CO
DB00433,['CYP2D6'],Prochlorperazine,"InChI=1S/C20H24ClN3S/c1-22-11-13-23(14-12-22)9-4-10-24-17-5-2-3-6-19(17)25-20-8-7-16(21)15-18(20)24/h2-3,5-8,15H,4,9-14H2,1H3",CN1CCN(CCCN2C3=CC=CC=C3SC3=C2C=C(Cl)C=C3)CC1
DB00435,"['CYP1A2', 'CYP2B6', 'CYP3A4']",Nitric Oxide,InChI=1S/NO/c1-2,[N]=O
DB00439,"['CYP3A4', 'CYP3A5', 'CYP3A7', 'CYP2C8', 'CYP2D6', 'CYP2C9', 'CYP2B6']",Cerivastatin,"InChI=1S/C26H34FNO5/c1-15(2)25-21(11-10-19(29)12-20(30)13-23(31)32)24(17-6-8-18(27)9-7-17)22(14-33-5)26(28-25)16(3)4/h6-11,15-16,19-20,29-30H,12-14H2,1-5H3,(H,31,32)/b11-10+/t19-,20-/m1/s1",COCC1=C(C2=CC=C(F)C=C2)C(\C=C\[C@@H](O)C[C@@H](O)CC(O)=O)=C(C(C)C)N=C1C(C)C
DB00440,"['CYP2C9', 'CYP3A4', 'CYP1A2', 'CYP2C8']",Trimethoprim,"InChI=1S/C14H18N4O3/c1-19-10-5-8(6-11(20-2)12(10)21-3)4-9-7-17-14(16)18-13(9)15/h5-7H,4H2,1-3H3,(H4,15,16,17,18)",COC1=CC(CC2=CN=C(N)N=C2N)=CC(OC)=C1OC
DB00443,"['CYP3A5', 'CYP3A7', 'CYP2A6', 'CYP2B6', 'CYP2C8', 'CYP2C9', 'CYP2C19', 'CYP3A4']",Betamethasone,"InChI=1S/C22H29FO5/c1-12-8-16-15-5-4-13-9-14(25)6-7-19(13,2)21(15,23)17(26)10-20(16,3)22(12,28)18(27)11-24/h6-7,9,12,15-17,24,26,28H,4-5,8,10-11H2,1-3H3/t12-,15-,16-,17-,19-,20-,21-,22-/m0/s1",[H][C@@]12C[C@H](C)[C@](O)(C(=O)CO)[C@@]1(C)C[C@H](O)[C@@]1(F)[C@@]2([H])CCC2=CC(=O)C=C[C@]12C
DB00444,"['CYP3A5', 'CYP2C19', 'CYP2C9', 'CYP3A4']",Teniposide,"InChI=1S/C32H32O13S/c1-37-19-6-13(7-20(38-2)25(19)33)23-14-8-17-18(42-12-41-17)9-15(14)28(16-10-39-30(36)24(16)23)44-32-27(35)26(34)29-21(43-32)11-40-31(45-29)22-4-3-5-46-22/h3-9,16,21,23-24,26-29,31-35H,10-12H2,1-2H3/t16-,21+,23+,24-,26+,27+,28+,29+,31+,32-/m0/s1",[H][C@]12COC(=O)[C@]1([H])[C@H](C1=CC(OC)=C(O)C(OC)=C1)C1=C(C=C3OCOC3=C1)[C@H]2O[C@]1([H])O[C@]2([H])CO[C@H](O[C@@]2([H])[C@H](O)[C@H]1O)C1=CC=CS1
DB00446,"['CYP2C19', 'CYP3A4', 'CYP3A5', 'CYP3A7']",Chloramphenicol,"InChI=1S/C11H12Cl2N2O5/c12-10(13)11(18)14-8(5-16)9(17)6-1-3-7(4-2-6)15(19)20/h1-4,8-10,16-17H,5H2,(H,14,18)/t8-,9-/m1/s1",OC[C@@H](NC(=O)C(Cl)Cl)[C@H](O)C1=CC=C(C=C1)[N+]([O-])=O
DB00448,"['CYP1A1', 'CYP2C8', 'CYP2C9', 'CYP2D6', 'CYP3A4', 'CYP2C19']",Lansoprazole,"InChI=1S/C16H14F3N3O2S/c1-10-13(20-7-6-14(10)24-9-16(17,18)19)8-25(23)15-21-11-4-2-3-5-12(11)22-15/h2-7H,8-9H2,1H3,(H,21,22)",CC1=C(OCC(F)(F)F)C=CN=C1CS(=O)C1=NC2=CC=CC=C2N1
DB00451,['CYP2C8'],Levothyroxine,"InChI=1S/C15H11I4NO4/c16-8-4-7(5-9(17)13(8)21)24-14-10(18)1-6(2-11(14)19)3-12(20)15(22)23/h1-2,4-5,12,21H,3,20H2,(H,22,23)/t12-/m0/s1",N[C@@H](CC1=CC(I)=C(OC2=CC(I)=C(O)C(I)=C2)C(I)=C1)C(O)=O
DB00454,"['CYP3A4', 'CYP2C19', 'CYP2B6', 'CYP2D6', 'CYP1A2']",Meperidine,"InChI=1S/C15H21NO2/c1-3-18-14(17)15(9-11-16(2)12-10-15)13-7-5-4-6-8-13/h4-8H,3,9-12H2,1-2H3",CCOC(=O)C1(CCN(C)CC1)C1=CC=CC=C1
DB00455,"['CYP3A4', 'CYP2D6', 'CYP1A1', 'CYP2C19', 'CYP2C8', 'CYP1A2', 'CYP2B6', 'CYP2C9', 'CYP3A5']",Loratadine,"InChI=1S/C22H23ClN2O2/c1-2-27-22(26)25-12-9-15(10-13-25)20-19-8-7-18(23)14-17(19)6-5-16-4-3-11-24-21(16)20/h3-4,7-8,11,14H,2,5-6,9-10,12-13H2,1H3",CCOC(=O)N1CCC(CC1)=C1C2=C(CCC3=C1N=CC=C3)C=C(Cl)C=C2
DB00458,"['CYP2C19', 'CYP2D6', 'CYP1A2', 'CYP3A4', 'CYP3A7', 'CYP2B6', 'CYP2E1']",Imipramine,"InChI=1S/C19H24N2/c1-20(2)14-7-15-21-18-10-5-3-8-16(18)12-13-17-9-4-6-11-19(17)21/h3-6,8-11H,7,12-15H2,1-2H3",CN(C)CCCN1C2=CC=CC=C2CCC2=CC=CC=C12
DB00461,"['CYP1A2', 'CYP2C9']",Nabumetone,"InChI=1S/C15H16O2/c1-11(16)3-4-12-5-6-14-10-15(17-2)8-7-13(14)9-12/h5-10H,3-4H2,1-2H3",COC1=CC2=C(C=C1)C=C(CCC(C)=O)C=C2
DB00465,"['CYP2C8', 'CYP2C9']",Ketorolac,"InChI=1S/C15H13NO3/c17-14(10-4-2-1-3-5-10)13-7-6-12-11(15(18)19)8-9-16(12)13/h1-7,11H,8-9H2,(H,18,19)",OC(=O)C1CCN2C1=CC=C2C(=O)C1=CC=CC=C1
DB00466,['CYP1A1'],Picrotoxin,"InChI=1S/C15H18O7.C15H16O6/c1-12(2,18)6-7-10(16)20-8(6)9-13(3)14(7,19)4-5-15(13,22-5)11(17)21-9;1-5(2)7-8-11(16)19-9(7)10-13(3)14(8,18)4-6-15(13,21-6)12(17)20-10/h5-9,18-19H,4H2,1-3H3;6-10,18H,1,4H2,2-3H3/t5-,6+,7?,8?,9-,13-,14-,15+;6?,7-,8?,9?,10+,13+,14+,15-/m10/s1",[H][C@@]12OC(=O)[C@@]34OC3C[C@@](O)(C3[C@@H](C1OC3=O)C(C)=C)[C@@]24C.[H][C@@]12C[C@@]3(O)C4[C@@H](C(OC4=O)[C@@]4([H])OC(=O)[C@]1(O2)[C@@]34C)C(C)(C)O
DB00467,['CYP1A2'],Enoxacin,"InChI=1S/C15H17FN4O3/c1-2-19-8-10(15(22)23)12(21)9-7-11(16)14(18-13(9)19)20-5-3-17-4-6-20/h7-8,17H,2-6H2,1H3,(H,22,23)",CCN1C=C(C(O)=O)C(=O)C2=CC(F)=C(N=C12)N1CCNCC1
DB00468,"['CYP3A4', 'CYP3A5', 'CYP1A1', 'CYP2D6', 'CYP1A2', 'CYP2C8', 'CYP2C9', 'CYP2C19', 'CYP2E1', 'CYP3A7']",Quinine,"InChI=1S/C20H24N2O2/c1-3-13-12-22-9-7-14(13)10-19(22)20(23)16-6-8-21-18-5-4-15(24-2)11-17(16)18/h3-6,8,11,13-14,19-20,23H,1,7,9-10,12H2,2H3/t13-,14-,19-,20+/m0/s1",[H][C@]1(C[C@@H]2CC[N@]1C[C@@H]2C=C)[C@H](O)C1=CC=NC2=CC=C(OC)C=C12
DB00469,['CYP2C9'],Tenoxicam,"InChI=1S/C13H11N3O4S2/c1-16-10(13(18)15-9-4-2-3-6-14-9)11(17)12-8(5-7-21-12)22(16,19)20/h2-7,17H,1H3,(H,14,15,18)",CN1C(C(=O)NC2=CC=CC=N2)=C(O)C2=C(C=CS2)S1(=O)=O
DB00470,"['CYP1A1', 'CYP1A2', 'CYP2A6', 'CYP2C9', 'CYP2B6', 'CYP2C19', 'CYP2D6', 'CYP3A4', 'CYP3A5', 'CYP3A7']",Dronabinol,"InChI=1S/C21H30O2/c1-5-6-7-8-15-12-18(22)20-16-11-14(2)9-10-17(16)21(3,4)23-19(20)13-15/h11-13,16-17,22H,5-10H2,1-4H3/t16-,17-/m1/s1",[H][C@@]12C=C(C)CC[C@@]1([H])C(C)(C)OC1=C2C(O)=CC(CCCCC)=C1
DB00471,"['CYP2A6', 'CYP3A4', 'CYP2C9', 'CYP2C8']",Montelukast,"InChI=1S/C35H36ClNO3S/c1-34(2,40)30-9-4-3-7-25(30)13-17-32(41-23-35(18-19-35)22-33(38)39)27-8-5-6-24(20-27)10-15-29-16-12-26-11-14-28(36)21-31(26)37-29/h3-12,14-16,20-21,32,40H,13,17-19,22-23H2,1-2H3,(H,38,39)/b15-10+/t32-/m1/s1",OC(=O)CC1(CC1)CS[C@H](CCC1=CC=CC=C1C(O)(C)C)C1=CC=CC(\C=C\C2=NC3=C(C=CC(Cl)=C3)C=C2)=C1
DB00472,"['CYP2B6', 'CYP3A5', 'CYP2C9', 'CYP2D6', 'CYP1A2', 'CYP3A4', 'CYP2C19']",Fluoxetine,"InChI=1S/C17H18F3NO/c1-21-12-11-16(13-5-3-2-4-6-13)22-15-9-7-14(8-10-15)17(18,19)20/h2-10,16,21H,11-12H2,1H3",CNCCC(OC1=CC=C(C=C1)C(F)(F)F)C1=CC=CC=C1
DB00475,['CYP3A4'],Chlordiazepoxide,"InChI=1S/C16H14ClN3O/c1-18-15-10-20(21)16(11-5-3-2-4-6-11)13-9-12(17)7-8-14(13)19-15/h2-9H,10H2,1H3,(H,18,19)",CNC1=NC2=C(C=C(Cl)C=C2)C(C2=CC=CC=C2)=[N+]([O-])C1
DB00476,"['CYP2D6', 'CYP2C9', 'CYP3A4', 'CYP1A2', 'CYP2B6', 'CYP2C19']",Duloxetine,"InChI=1S/C18H19NOS/c1-19-12-11-17(18-10-5-13-21-18)20-16-9-4-7-14-6-2-3-8-15(14)16/h2-10,13,17,19H,11-12H2,1H3/t17-/m0/s1",CNCC[C@H](OC1=CC=CC2=CC=CC=C12)C1=CC=CS1
DB00477,"['CYP2D6', 'CYP1A2', 'CYP2E1', 'CYP3A4']",Chlorpromazine,"InChI=1S/C17H19ClN2S/c1-19(2)10-5-11-20-14-6-3-4-7-16(14)21-17-9-8-13(18)12-15(17)20/h3-4,6-9,12H,5,10-11H2,1-2H3",CN(C)CCCN1C2=CC=CC=C2SC2=C1C=C(Cl)C=C2
DB00481,"['CYP2B6', 'CYP2C8', 'CYP3A4']",Raloxifene,"InChI=1S/C28H27NO4S/c30-21-8-4-20(5-9-21)28-26(24-13-10-22(31)18-25(24)34-28)27(32)19-6-11-23(12-7-19)33-17-16-29-14-2-1-3-15-29/h4-13,18,30-31H,1-3,14-17H2",OC1=CC=C(C=C1)C1=C(C(=O)C2=CC=C(OCCN3CCCCC3)C=C2)C2=C(S1)C=C(O)C=C2
DB00482,"['CYP3A4', 'CYP2C9', 'CYP2D6', 'CYP2C8']",Celecoxib,"InChI=1S/C17H14F3N3O2S/c1-11-2-4-12(5-3-11)15-10-16(17(18,19)20)22-23(15)13-6-8-14(9-7-13)26(21,24)25/h2-10H,1H3,(H2,21,24,25)",CC1=CC=C(C=C1)C1=CC(=NN1C1=CC=C(C=C1)S(N)(=O)=O)C(F)(F)F
DB00485,['CYP3A4'],Dicloxacillin,"InChI=1S/C19H17Cl2N3O5S/c1-7-10(12(23-29-7)11-8(20)5-4-6-9(11)21)15(25)22-13-16(26)24-14(18(27)28)19(2,3)30-17(13)24/h4-6,13-14,17H,1-3H3,(H,22,25)(H,27,28)/t13-,14+,17-/m1/s1",[H][C@]12SC(C)(C)[C@@H](N1C(=O)[C@H]2NC(=O)C1=C(C)ON=C1C1=C(Cl)C=CC=C1Cl)C(O)=O
DB00486,"['CYP2C9', 'CYP3A4', 'CYP2C8', 'CYP2E1']",Nabilone,"InChI=1S/C24H36O3/c1-6-7-8-9-12-23(2,3)16-13-20(26)22-18-15-17(25)10-11-19(18)24(4,5)27-21(22)14-16/h13-14,18-19,26H,6-12,15H2,1-5H3/t18-,19-/m1/s1",[H][C@@]12CC(=O)CC[C@@]1([H])C(C)(C)OC1=CC(=CC(O)=C21)C(C)(C)CCCCCC
DB00487,['CYP1A2'],Pefloxacin,"InChI=1S/C17H20FN3O3/c1-3-20-10-12(17(23)24)16(22)11-8-13(18)15(9-14(11)20)21-6-4-19(2)5-7-21/h8-10H,3-7H2,1-2H3,(H,23,24)",CCN1C=C(C(O)=O)C(=O)C2=CC(F)=C(C=C12)N1CCN(C)CC1
DB00489,['CYP2D6'],Sotalol,"InChI=1S/C12H20N2O3S/c1-9(2)13-8-12(15)10-4-6-11(7-5-10)14-18(3,16)17/h4-7,9,12-15H,8H2,1-3H3",CC(C)NCC(O)C1=CC=C(NS(C)(=O)=O)C=C1
DB00490,"['CYP3A4', 'CYP3A5', 'CYP3A7', 'CYP2D6']",Buspirone,"InChI=1S/C21H31N5O2/c27-18-16-21(6-1-2-7-21)17-19(28)26(18)11-4-3-10-24-12-14-25(15-13-24)20-22-8-5-9-23-20/h5,8-9H,1-4,6-7,10-17H2",O=C1CC2(CCCC2)CC(=O)N1CCCCN1CCN(CC1)C1=NC=CC=N1
DB00494,['CYP2D6'],Entacapone,"InChI=1S/C14H15N3O5/c1-3-16(4-2)14(20)10(8-15)5-9-6-11(17(21)22)13(19)12(18)7-9/h5-7,18-19H,3-4H2,1-2H3/b10-5+",CCN(CC)C(=O)C(=C\C1=CC(=C(O)C(O)=C1)[N+]([O-])=O)\C#N
DB00495,"['CYP2A6', 'CYP2C9', 'CYP3A4']",Zidovudine,"InChI=1S/C10H13N5O4/c1-5-3-15(10(18)12-9(5)17)8-2-6(13-14-11)7(4-16)19-8/h3,6-8,16H,2,4H2,1H3,(H,12,17,18)/t6-,7+,8+/m0/s1",CC1=CN([C@H]2C[C@H](N=[N+]=[N-])[C@@H](CO)O2)C(=O)NC1=O
DB00496,"['CYP3A4', 'CYP2D6']",Darifenacin,"InChI=1S/C28H30N2O2/c29-27(31)28(23-7-3-1-4-8-23,24-9-5-2-6-10-24)25-14-17-30(20-25)16-13-21-11-12-26-22(19-21)15-18-32-26/h1-12,19,25H,13-18,20H2,(H2,29,31)/t25-/m1/s1",NC(=O)C([C@@H]1CCN(CCC2=CC3=C(OCC3)C=C2)C1)(C1=CC=CC=C1)C1=CC=CC=C1
DB00497,"['CYP2D6', 'CYP3A4', 'CYP3A5']",Oxycodone,"InChI=1S/C18H21NO4/c1-19-8-7-17-14-10-3-4-12(22-2)15(14)23-16(17)11(20)5-6-18(17,21)13(19)9-10/h3-4,13,16,21H,5-9H2,1-2H3/t13-,16+,17+,18-/m1/s1",COC1=C2O[C@H]3C(=O)CC[C@@]4(O)[C@H]5CC(C=C1)=C2[C@@]34CCN5C
DB00499,"['CYP1A1', 'CYP3A5', 'CYP1A2', 'CYP3A4']",Flutamide,"InChI=1S/C11H11F3N2O3/c1-6(2)10(17)15-7-3-4-9(16(18)19)8(5-7)11(12,13)14/h3-6H,1-2H3,(H,15,17)",CC(C)C(=O)NC1=CC(=C(C=C1)[N+]([O-])=O)C(F)(F)F
DB00501,"['CYP2C8', 'CYP2C9', 'CYP2E1', 'CYP1A2', 'CYP2D6', 'CYP2C19', 'CYP3A4', 'CYP3A5']",Cimetidine,"InChI=1S/C10H16N6S/c1-8-9(16-7-15-8)5-17-4-3-13-10(12-2)14-6-11/h7H,3-5H2,1-2H3,(H,15,16)(H2,12,13,14)",CN\C(NCCSCC1=C(C)NC=N1)=N\C#N
DB00502,"['CYP2C19', 'CYP2C9', 'CYP1A1', 'CYP1A2', 'CYP2D6', 'CYP3A5', 'CYP3A4', 'CYP3A7']",Haloperidol,"InChI=1S/C21H23ClFNO2/c22-18-7-5-17(6-8-18)21(26)11-14-24(15-12-21)13-1-2-20(25)16-3-9-19(23)10-4-16/h3-10,26H,1-2,11-15H2",OC1(CCN(CCCC(=O)C2=CC=C(F)C=C2)CC1)C1=CC=C(Cl)C=C1
DB00503,"['CYP3A4', 'CYP2D6', 'CYP2C9', 'CYP2C19', 'CYP2B6', 'CYP2C8', 'CYP1A2', 'CYP3A5', 'CYP3A7']",Ritonavir,"InChI=1S/C37H48N6O5S2/c1-24(2)33(42-36(46)43(5)20-29-22-49-35(40-29)25(3)4)34(45)39-28(16-26-12-8-6-9-13-26)18-32(44)31(17-27-14-10-7-11-15-27)41-37(47)48-21-30-19-38-23-50-30/h6-15,19,22-25,28,31-33,44H,16-18,20-21H2,1-5H3,(H,39,45)(H,41,47)(H,42,46)/t28-,31-,32-,33-/m0/s1",CC(C)[C@H](NC(=O)N(C)CC1=CSC(=N1)C(C)C)C(=O)N[C@H](C[C@H](O)[C@H](CC1=CC=CC=C1)NC(=O)OCC1=CN=CS1)CC1=CC=CC=C1
DB00514,"['CYP2D6', 'CYP3A4', 'CYP3A7', 'CYP2B6', 'CYP2C19', 'CYP2C9']",Dextromethorphan,"InChI=1S/C18H25NO/c1-19-10-9-18-8-4-3-5-15(18)17(19)11-13-6-7-14(20-2)12-16(13)18/h6-7,12,15,17H,3-5,8-11H2,1-2H3/t15-,17+,18+/m1/s1",[H][C@]12CCCC[C@]11CCN(C)[C@H]2CC2=C1C=C(OC)C=C2
DB00518,"['CYP1A1', 'CYP1A2', 'CYP3A4', 'CYP2C19']",Albendazole,"InChI=1S/C12H15N3O2S/c1-3-6-18-8-4-5-9-10(7-8)14-11(13-9)15-12(16)17-2/h4-5,7H,3,6H2,1-2H3,(H2,13,14,15,16)",CCCSC1=CC2=C(C=C1)N=C(NC(=O)OC)N2
DB00520,['CYP3A4'],Caspofungin,"InChI=1S/C52H88N10O15/c1-5-28(2)24-29(3)12-10-8-6-7-9-11-13-39(69)56-34-26-38(68)46(55-22-21-54)60-50(75)43-37(67)19-23-61(43)52(77)41(36(66)18-20-53)58-49(74)42(45(71)44(70)31-14-16-32(64)17-15-31)59-48(73)35-25-33(65)27-62(35)51(76)40(30(4)63)57-47(34)72/h14-17,28-30,33-38,40-46,55,63-68,70-71H,5-13,18-27,53-54H2,1-4H3,(H,56,69)(H,57,72)(H,58,74)(H,59,73)(H,60,75)/t28-,29+,30+,33+,34-,35-,36+,37-,38+,40-,41-,42-,43-,44-,45-,46-/m0/s1",[H][C@@]12C[C@@H](O)CN1C(=O)[C@@H](NC(=O)[C@]([H])(C[C@@H](O)[C@@H](NCCN)NC(=O)[C@@H]1[C@@H](O)CCN1C(=O)[C@@H](NC(=O)[C@@H](NC2=O)[C@H](O)[C@@H](O)C1=CC=C(O)C=C1)[C@H](O)CCN)NC(=O)CCCCCCCC[C@@H](C)C[C@@H](C)CC)[C@@H](C)O
DB00521,['CYP2D6'],Carteolol,"InChI=1S/C16H24N2O3/c1-16(2,3)17-9-11(19)10-21-14-6-4-5-13-12(14)7-8-15(20)18-13/h4-6,11,17,19H,7-10H2,1-3H3,(H,18,20)",CC(C)(C)NCC(O)COC1=CC=CC2=C1CCC(=O)N2
DB00528,"['CYP2D6', 'CYP3A4', 'CYP3A5', 'CYP3A7']",Lercanidipine,"InChI=1S/C36H41N3O6/c1-24-31(34(40)44-6)33(28-18-13-19-29(22-28)39(42)43)32(25(2)37-24)35(41)45-36(3,4)23-38(5)21-20-30(26-14-9-7-10-15-26)27-16-11-8-12-17-27/h7-19,22,30,33,37H,20-21,23H2,1-6H3",COC(=O)C1=C(C)NC(C)=C(C1C1=CC(=CC=C1)[N+]([O-])=O)C(=O)OC(C)(C)CN(C)CCC(C1=CC=CC=C1)C1=CC=CC=C1
DB00530,"['CYP3A4', 'CYP3A5', 'CYP1A2', 'CYP1A1', 'CYP2D6', 'CYP2C8']",Erlotinib,"InChI=1S/C22H23N3O4/c1-4-16-6-5-7-17(12-16)25-22-18-13-20(28-10-8-26-2)21(29-11-9-27-3)14-19(18)23-15-24-22/h1,5-7,12-15H,8-11H2,2-3H3,(H,23,24,25)",COCCOC1=CC2=C(C=C1OCCOC)C(NC1=CC(=CC=C1)C#C)=NC=N2
DB00531,"['CYP2C9', 'CYP3A4', 'CYP2B6', 'CYP2C19', 'CYP2A6', 'CYP3A5', 'CYP2C8']",Cyclophosphamide,"InChI=1S/C7H15Cl2N2O2P/c8-2-5-11(6-3-9)14(12)10-4-1-7-13-14/h1-7H2,(H,10,12)",ClCCN(CCCl)P1(=O)NCCCO1
DB00532,"['CYP2C19', 'CYP2B6', 'CYP1A2', 'CYP2D6', 'CYP2C8', 'CYP2C9']",Mephenytoin,"InChI=1S/C12H14N2O2/c1-3-12(9-7-5-4-6-8-9)10(15)14(2)11(16)13-12/h4-8H,3H2,1-2H3,(H,13,16)",CCC1(NC(=O)N(C)C1=O)C1=CC=CC=C1
DB00533,"['CYP2C8', 'CYP2C9', 'CYP3A4', 'CYP1A2']",Rofecoxib,"InChI=1S/C17H14O4S/c1-22(19,20)14-9-7-12(8-10-14)15-11-21-17(18)16(15)13-5-3-2-4-6-13/h2-10H,11H2,1H3",CS(=O)(=O)C1=CC=C(C=C1)C1=C(C(=O)OC1)C1=CC=CC=C1
DB00537,"['CYP1A2', 'CYP3A4', 'CYP3A5', 'CYP3A7']",Ciprofloxacin,"InChI=1S/C17H18FN3O3/c18-13-7-11-14(8-15(13)20-5-3-19-4-6-20)21(10-1-2-10)9-12(16(11)22)17(23)24/h7-10,19H,1-6H2,(H,23,24)",OC(=O)C1=CN(C2CC2)C2=CC(N3CCNCC3)=C(F)C=C2C1=O
DB00539,"['CYP1A1', 'CYP3A4']",Toremifene,"InChI=1S/C26H28ClNO/c1-28(2)19-20-29-24-15-13-23(14-16-24)26(22-11-7-4-8-12-22)25(17-18-27)21-9-5-3-6-10-21/h3-16H,17-20H2,1-2H3/b26-25-",CN(C)CCOC1=CC=C(C=C1)C(=C(\CCCl)C1=CC=CC=C1)\C1=CC=CC=C1
DB00540,"['CYP2D6', 'CYP3A4', 'CYP1A2', 'CYP2C19', 'CYP3A5', 'CYP2E1']",Nortriptyline,"InChI=1S/C19H21N/c1-20-14-6-11-19-17-9-4-2-7-15(17)12-13-16-8-3-5-10-18(16)19/h2-5,7-11,20H,6,12-14H2,1H3",CNCCC=C1C2=CC=CC=C2CCC2=CC=CC=C12
DB00541,"['CYP3A4', 'CYP3A5', 'CYP3A7']",Vincristine,"InChI=1S/C46H56N4O10/c1-7-42(55)22-28-23-45(40(53)58-5,36-30(14-18-48(24-28)25-42)29-12-9-10-13-33(29)47-36)32-20-31-34(21-35(32)57-4)50(26-51)38-44(31)16-19-49-17-11-15-43(8-2,37(44)49)39(60-27(3)52)46(38,56)41(54)59-6/h9-13,15,20-21,26,28,37-39,47,55-56H,7-8,14,16-19,22-25H2,1-6H3/t28-,37-,38+,39+,42-,43+,44+,45-,46-/m0/s1",[H][C@@]12N3CC[C@@]11C4=C(C=C(OC)C(=C4)[C@]4(C[C@H]5C[N@](C[C@](O)(CC)C5)CCC5=C4NC4=CC=CC=C54)C(=O)OC)N(C=O)[C@@]1([H])[C@](O)([C@H](OC(C)=O)[C@]2(CC)C=CC3)C(=O)OC
DB00543,['CYP2D6'],Amoxapine,"InChI=1S/C17H16ClN3O/c18-12-5-6-15-13(11-12)17(21-9-7-19-8-10-21)20-14-3-1-2-4-16(14)22-15/h1-6,11,19H,7-10H2",ClC1=CC2=C(OC3=CC=CC=C3N=C2N2CCNCC2)C=C1
DB00544,"['CYP2A6', 'CYP2C8', 'CYP1A2', 'CYP2C9']",Fluorouracil,"InChI=1S/C4H3FN2O2/c5-2-1-6-4(9)7-3(2)8/h1H,(H2,6,7,8,9)",FC1=CNC(=O)NC1=O
DB00545,['CYP3A4'],Pyridostigmine,"InChI=1S/C9H13N2O2/c1-10(2)9(12)13-8-5-4-6-11(3)7-8/h4-7H,1-3H3/q+1",CN(C)C(=O)OC1=C[N+](C)=CC=C1
DB00546,"['CYP3A4', 'CYP2C19']",Adinazolam,"InChI=1S/C19H18ClN5/c1-24(2)12-18-23-22-17-11-21-19(13-6-4-3-5-7-13)15-10-14(20)8-9-16(15)25(17)18/h3-10H,11-12H2,1-2H3",CN(C)CC1=NN=C2CN=C(C3=CC=CC=C3)C3=C(C=CC(Cl)=C3)N12
DB00549,"['CYP2C9', 'CYP2C8', 'CYP3A4', 'CYP1A2', 'CYP2C19', 'CYP2D6']",Zafirlukast,"InChI=1S/C31H33N3O6S/c1-20-8-4-7-11-29(20)41(37,38)33-30(35)22-13-12-21(28(17-22)39-3)16-23-19-34(2)27-15-14-24(18-26(23)27)32-31(36)40-25-9-5-6-10-25/h4,7-8,11-15,17-19,25H,5-6,9-10,16H2,1-3H3,(H,32,36)(H,33,35)",COC1=CC(=CC=C1CC1=CN(C)C2=C1C=C(NC(=O)OC1CCCC1)C=C2)C(=O)NS(=O)(=O)C1=CC=CC=C1C
DB00550,['CYP1A1'],Propylthiouracil,"InChI=1S/C7H10N2OS/c1-2-3-5-4-6(10)9-7(11)8-5/h4H,2-3H2,1H3,(H2,8,9,10,11)",CCCC1=CC(=O)NC(=S)N1
DB00553,"['CYP1A1', 'CYP2A6', 'CYP1A2']",Methoxsalen,"InChI=1S/C12H8O4/c1-14-12-10-8(4-5-15-10)6-7-2-3-9(13)16-11(7)12/h2-6H,1H3",COC1=C2OC(=O)C=CC2=CC2=C1OC=C2
DB00554,"['CYP2C8', 'CYP2C9']",Piroxicam,"InChI=1S/C15H13N3O4S/c1-18-13(15(20)17-12-8-4-5-9-16-12)14(19)10-6-2-3-7-11(10)23(18,21)22/h2-9,19H,1H3,(H,16,17,20)",CN1C(C(=O)NC2=NC=CC=C2)=C(O)C2=C(C=CC=C2)S1(=O)=O
DB00557,"['CYP3A4', 'CYP3A5', 'CYP2D6']",Hydroxyzine,"InChI=1S/C21H27ClN2O2/c22-20-8-6-19(7-9-20)21(18-4-2-1-3-5-18)24-12-10-23(11-13-24)14-16-26-17-15-25/h1-9,21,25H,10-17H2",OCCOCCN1CCN(CC1)C(C1=CC=CC=C1)C1=CC=C(Cl)C=C1
DB00559,"['CYP3A4', 'CYP2C9']",Bosentan,"InChI=1S/C27H29N5O6S/c1-27(2,3)18-10-12-19(13-11-18)39(34,35)32-23-22(38-21-9-6-5-8-20(21)36-4)26(37-17-16-33)31-25(30-23)24-28-14-7-15-29-24/h5-15,33H,16-17H2,1-4H3,(H,30,31,32)",COC1=CC=CC=C1OC1=C(NS(=O)(=O)C2=CC=C(C=C2)C(C)(C)C)N=C(N=C1OCCO)C1=NC=CC=N1
DB00563,['CYP3A4'],Methotrexate,"InChI=1S/C20H22N8O5/c1-28(9-11-8-23-17-15(24-11)16(21)26-20(22)27-17)12-4-2-10(3-5-12)18(31)25-13(19(32)33)6-7-14(29)30/h2-5,8,13H,6-7,9H2,1H3,(H,25,31)(H,29,30)(H,32,33)(H4,21,22,23,26,27)/t13-/m0/s1",CN(CC1=CN=C2N=C(N)N=C(N)C2=N1)C1=CC=C(C=C1)C(=O)N[C@@H](CCC(O)=O)C(O)=O
DB00564,"['CYP3A4', 'CYP2C8', 'CYP1A2', 'CYP2C9', 'CYP2C19', 'CYP2B6', 'CYP3A5']",Carbamazepine,"InChI=1S/C15H12N2O/c16-15(18)17-13-7-3-1-5-11(13)9-10-12-6-2-4-8-14(12)17/h1-10H,(H2,16,18)",NC(=O)N1C2=CC=CC=C2C=CC2=CC=CC=C12
DB00568,"['CYP2D6', 'CYP2C9', 'CYP1A2', 'CYP2B6', 'CYP2A6', 'CYP1A1', 'CYP3A4']",Cinnarizine,"InChI=1S/C26H28N2/c1-4-11-23(12-5-1)13-10-18-27-19-21-28(22-20-27)26(24-14-6-2-7-15-24)25-16-8-3-9-17-25/h1-17,26H,18-22H2/b13-10+",C(\C=C\C1=CC=CC=C1)N1CCN(CC1)C(C1=CC=CC=C1)C1=CC=CC=C1
DB00570,"['CYP2D6', 'CYP3A4']",Vinblastine,"InChI=1S/C46H58N4O9/c1-8-42(54)23-28-24-45(40(52)57-6,36-30(15-19-49(25-28)26-42)29-13-10-11-14-33(29)47-36)32-21-31-34(22-35(32)56-5)48(4)38-44(31)17-20-50-18-12-16-43(9-2,37(44)50)39(59-27(3)51)46(38,55)41(53)58-7/h10-14,16,21-22,28,37-39,47,54-55H,8-9,15,17-20,23-26H2,1-7H3/t28-,37-,38+,39+,42-,43+,44+,45-,46-/m0/s1",[H][C@@]12N(C)C3=CC(OC)=C(C=C3[C@@]11CCN3CC=C[C@@](CC)([C@@H](OC(C)=O)[C@]2(O)C(=O)OC)[C@@]13[H])[C@]1(C[C@@]2([H])CN(C[C@](O)(CC)C2)CCC2=C1NC1=C2C=CC=C1)C(=O)OC
DB00571,"['CYP1A1', 'CYP1A2', 'CYP2D6', 'CYP2C19', 'CYP3A5', 'CYP3A4', 'CYP3A7']",Propranolol,"InChI=1S/C16H21NO2/c1-12(2)17-10-14(18)11-19-16-9-5-7-13-6-3-4-8-15(13)16/h3-9,12,14,17-18H,10-11H2,1-2H3",CC(C)NCC(O)COC1=CC=CC2=C1C=CC=C2
DB00574,"['CYP1A2', 'CYP2B6', 'CYP2C9', 'CYP2C19', 'CYP3A4', 'CYP3A5', 'CYP2D6']",Fenfluramine,"InChI=1S/C12H16F3N/c1-3-16-9(2)7-10-5-4-6-11(8-10)12(13,14)15/h4-6,8-9,16H,3,7H2,1-2H3",CCNC(C)CC1=CC=CC(=C1)C(F)(F)F
DB00575,"['CYP1A2', 'CYP3A4', 'CYP1A1', 'CYP3A5', 'CYP2D6']",Clonidine,"InChI=1S/C9H9Cl2N3/c10-6-2-1-3-7(11)8(6)14-9-12-4-5-13-9/h1-3H,4-5H2,(H2,12,13,14)",ClC1=CC=CC(Cl)=C1NC1=NCCN1
DB00576,['CYP2C9'],Sulfamethizole,"InChI=1S/C9H10N4O2S2/c1-6-11-12-9(16-6)13-17(14,15)8-4-2-7(10)3-5-8/h2-5H,10H2,1H3,(H,12,13)",CC1=NN=C(NS(=O)(=O)C2=CC=C(N)C=C2)S1
DB00580,"['CYP2C9', 'CYP3A4']",Valdecoxib,"InChI=1S/C16H14N2O3S/c1-11-15(12-7-9-14(10-8-12)22(17,19)20)16(18-21-11)13-5-3-2-4-6-13/h2-10H,1H3,(H2,17,19,20)",CC1=C(C(=NO1)C1=CC=CC=C1)C1=CC=C(C=C1)S(N)(=O)=O
DB00582,"['CYP3A5', 'CYP3A7', 'CYP2C19', 'CYP3A4', 'CYP2C9', 'CYP2B6']",Voriconazole,"InChI=1S/C16H14F3N5O/c1-10(15-14(19)5-20-7-22-15)16(25,6-24-9-21-8-23-24)12-3-2-11(17)4-13(12)18/h2-5,7-10,25H,6H2,1H3/t10-,16+/m0/s1",C[C@@H](C1=NC=NC=C1F)[C@](O)(CN1C=NC=N1)C1=C(F)C=C(F)C=C1
DB00586,"['CYP2C9', 'CYP2C19', 'CYP1A2', 'CYP2C8', 'CYP3A4', 'CYP2B6', 'CYP2E1']",Diclofenac,"InChI=1S/C14H11Cl2NO2/c15-10-5-3-6-11(16)14(10)17-12-7-2-1-4-9(12)8-13(18)19/h1-7,17H,8H2,(H,18,19)",OC(=O)CC1=CC=CC=C1NC1=C(Cl)C=CC=C1Cl
DB00588,"['CYP3A5', 'CYP3A7', 'CYP2C8', 'CYP3A4']",Fluticasone propionate,"InChI=1S/C25H31F3O5S/c1-5-20(31)33-25(21(32)34-12-26)13(2)8-15-16-10-18(27)17-9-14(29)6-7-22(17,3)24(16,28)19(30)11-23(15,25)4/h6-7,9,13,15-16,18-19,30H,5,8,10-12H2,1-4H3/t13-,15+,16+,18+,19+,22+,23+,24+,25+/m1/s1",[H][C@@]12C[C@@H](C)[C@](OC(=O)CC)(C(=O)SCF)[C@@]1(C)C[C@H](O)[C@@]1(F)[C@@]2([H])C[C@H](F)C2=CC(=O)C=C[C@]12C
DB00589,['CYP3A4'],Lisuride,"InChI=1S/C20H26N4O/c1-4-24(5-2)20(25)22-14-10-16-15-7-6-8-17-19(15)13(11-21-17)9-18(16)23(3)12-14/h6-8,10-11,14,18,21H,4-5,9,12H2,1-3H3,(H,22,25)/t14-,18+/m0/s1",[H][C@@]12CC3=CNC4=CC=CC(=C34)C1=C[C@@H](CN2C)NC(=O)N(CC)CC
DB00590,"['CYP3A4', 'CYP2C19', 'CYP2C9', 'CYP2D6']",Doxazosin,"InChI=1S/C23H25N5O5/c1-30-18-11-14-15(12-19(18)31-2)25-23(26-21(14)24)28-9-7-27(8-10-28)22(29)20-13-32-16-5-3-4-6-17(16)33-20/h3-6,11-12,20H,7-10,13H2,1-2H3,(H2,24,25,26)",COC1=C(OC)C=C2C(N)=NC(=NC2=C1)N1CCN(CC1)C(=O)C1COC2=CC=CC=C2O1
DB00591,['CYP3A4'],Fluocinolone acetonide,"InChI=1S/C24H30F2O6/c1-20(2)31-19-9-13-14-8-16(25)15-7-12(28)5-6-21(15,3)23(14,26)17(29)10-22(13,4)24(19,32-20)18(30)11-27/h5-7,13-14,16-17,19,27,29H,8-11H2,1-4H3/t13-,14-,16-,17-,19+,21-,22-,23-,24+/m0/s1",[H][C@@]12C[C@@]3([H])[C@]4([H])C[C@H](F)C5=CC(=O)C=C[C@]5(C)[C@@]4(F)[C@@H](O)C[C@]3(C)[C@@]1(OC(C)(C)O2)C(=O)CO
DB00592,['CYP2D6'],Piperazine,"InChI=1S/C4H10N2/c1-2-6-4-3-5-1/h5-6H,1-4H2",C1CNCCN1
DB00593,"['CYP3A4', 'CYP3A43', 'CYP3A5', 'CYP3A7', 'CYP3A4', 'CYP2E1']",Ethosuximide,"InChI=1S/C7H11NO2/c1-3-7(2)4-5(9)8-6(7)10/h3-4H2,1-2H3,(H,8,9,10)",CCC1(C)CC(=O)NC1=O
DB00598,"['CYP2D6', 'CYP2C19']",Labetalol,"InChI=1S/C19H24N2O3/c1-13(7-8-14-5-3-2-4-6-14)21-12-18(23)15-9-10-17(22)16(11-15)19(20)24/h2-6,9-11,13,18,21-23H,7-8,12H2,1H3,(H2,20,24)",CC(CCC1=CC=CC=C1)NCC(O)C1=CC(C(N)=O)=C(O)C=C1
DB00599,"['CYP3A4', 'CYP3A43', 'CYP3A5', 'CYP3A7', 'CYP2C19']",Thiopental,"InChI=1S/C11H18N2O2S/c1-4-6-7(3)11(5-2)8(14)12-10(16)13-9(11)15/h7H,4-6H2,1-3H3,(H2,12,13,14,15,16)",CCCC(C)C1(CC)C(=O)NC(=S)NC1=O
DB00602,"['CYP3A4', 'CYP2D6', 'CYP2E1']",Ivermectin,"InChI=1S/C48H74O14.C47H72O14/c1-11-25(2)43-28(5)17-18-47(62-43)23-34-20-33(61-47)16-15-27(4)42(26(3)13-12-14-32-24-55-45-40(49)29(6)19-35(46(51)58-34)48(32,45)52)59-39-22-37(54-10)44(31(8)57-39)60-38-21-36(53-9)41(50)30(7)56-38;1-24(2)41-27(5)16-17-46(61-41)22-33-19-32(60-46)15-14-26(4)42(25(3)12-11-13-31-23-54-44-39(48)28(6)18-34(45(50)57-33)47(31,44)51)58-38-21-36(53-10)43(30(8)56-38)59-37-20-35(52-9)40(49)29(7)55-37/h12-15,19,25-26,28,30-31,33-45,49-50,52H,11,16-18,20-24H2,1-10H3;11-14,18,24-25,27,29-30,32-44,48-49,51H,15-17,19-23H2,1-10H3/b13-12+,27-15+,32-14+;12-11+,26-14+,31-13+/t25-,26-,28-,30-,31-,33+,34-,35-,36-,37-,38-,39-,40+,41-,42-,43+,44-,45+,47+,48+;25-,27-,29-,30-,32+,33-,34-,35-,36-,37-,38-,39+,40-,41+,42-,43-,44+,46+,47+/m00/s1",[H][C@@]12OC\C3=C/C=C/[C@H](C)[C@H](O[C@H]4C[C@H](OC)[C@@H](O[C@H]5C[C@H](OC)[C@@H](O)[C@H](C)O5)[C@H](C)O4)\C(C)=C\C[C@]4([H])C[C@@]([H])(C[C@]5(CC[C@H](C)[C@]([H])(O5)C(C)C)O4)OC(=O)[C@]([H])(C=C(C)[C@H]1O)[C@@]23O.[H][C@@]12OC\C3=C/C=C/[C@H](C)[C@H](O[C@H]4C[C@H](OC)[C@@H](O[C@H]5C[C@H](OC)[C@@H](O)[C@H](C)O5)[C@H](C)O4)\C(C)=C\C[C@]4([H])C[C@@]([H])(C[C@]5(CC[C@H](C)[C@]([H])(O5)[C@@H](C)CC)O4)OC(=O)[C@]([H])(C=C(C)[C@H]1O)[C@@]23O
DB00603,"['CYP3A4', 'CYP2C8', 'CYP2C9']",Medroxyprogesterone acetate,"InChI=1S/C24H34O4/c1-14-12-18-19(22(4)9-6-17(27)13-21(14)22)7-10-23(5)20(18)8-11-24(23,15(2)25)28-16(3)26/h13-14,18-20H,6-12H2,1-5H3/t14-,18+,19-,20-,22+,23-,24-/m0/s1",[H][C@@]12CC[C@](OC(C)=O)(C(C)=O)[C@@]1(C)CC[C@@]1([H])[C@@]2([H])C[C@H](C)C2=CC(=O)CC[C@]12C
DB00604,"['CYP2A6', 'CYP2B6', 'CYP2C19', 'CYP2C8', 'CYP2C9', 'CYP2D6', 'CYP3A4', 'CYP3A5', 'CYP3A7']",Cisapride,"InChI=1S/C23H29ClFN3O4/c1-30-21-13-19(26)18(24)12-17(21)23(29)27-20-8-10-28(14-22(20)31-2)9-3-11-32-16-6-4-15(25)5-7-16/h4-7,12-13,20,22H,3,8-11,14,26H2,1-2H3,(H,27,29)/t20-,22+/m1/s1",CO[C@H]1CN(CCCOC2=CC=C(F)C=C2)CC[C@H]1NC(=O)C1=CC(Cl)=C(N)C=C1OC
DB00605,['CYP1A1'],Sulindac,"InChI=1S/C20H17FO3S/c1-12-17(9-13-3-6-15(7-4-13)25(2)24)16-8-5-14(21)10-19(16)18(12)11-20(22)23/h3-10H,11H2,1-2H3,(H,22,23)/b17-9-",CC1=C(CC(O)=O)C2=CC(F)=CC=C2\C1=C/C1=CC=C(C=C1)S(C)=O
DB00607,"['CYP1A2', 'CYP3A4']",Nafcillin,"InChI=1S/C21H22N2O5S/c1-4-28-13-10-9-11-7-5-6-8-12(11)14(13)17(24)22-15-18(25)23-16(20(26)27)21(2,3)29-19(15)23/h5-10,15-16,19H,4H2,1-3H3,(H,22,24)(H,26,27)/t15-,16+,19-/m1/s1",[H][C@]12SC(C)(C)[C@@H](N1C(=O)[C@H]2NC(=O)C1=C(OCC)C=CC2=CC=CC=C12)C(O)=O
DB00608,"['CYP2C8', 'CYP3A4', 'CYP3A5', 'CYP2D6', 'CYP1A1']",Chloroquine,"InChI=1S/C18H26ClN3/c1-4-22(5-2)12-6-7-14(3)21-17-10-11-20-18-13-15(19)8-9-16(17)18/h8-11,13-14H,4-7,12H2,1-3H3,(H,20,21)",CCN(CC)CCCC(C)NC1=CC=NC2=CC(Cl)=CC=C12
DB00612,['CYP3A4'],Bisoprolol,"InChI=1S/C18H31NO4/c1-14(2)19-11-17(20)13-23-18-7-5-16(6-8-18)12-21-9-10-22-15(3)4/h5-8,14-15,17,19-20H,9-13H2,1-4H3",CC(C)NCC(O)COC1=CC=C(COCCOC(C)C)C=C1
DB00613,"['CYP2C8', 'CYP1A1', 'CYP2D6', 'CYP2C9']",Amodiaquine,"InChI=1S/C20H22ClN3O/c1-3-24(4-2)13-14-11-16(6-8-20(14)25)23-18-9-10-22-19-12-15(21)5-7-17(18)19/h5-12,25H,3-4,13H2,1-2H3,(H,22,23)",CCN(CC)CC1=C(O)C=CC(NC2=C3C=CC(Cl)=CC3=NC=C2)=C1
DB00615,"['CYP2C19', 'CYP2B6', 'CYP2C8', 'CYP2C9', 'CYP3A4']",Rifabutin,"InChI=1S/C46H62N4O11/c1-22(2)21-50-18-16-46(17-19-50)48-34-31-32-39(54)28(8)42-33(31)43(56)45(10,61-42)59-20-15-30(58-11)25(5)41(60-29(9)51)27(7)38(53)26(6)37(52)23(3)13-12-14-24(4)44(57)47-36(40(32)55)35(34)49-46/h12-15,20,22-23,25-27,30,37-38,41,49,52-54H,16-19,21H2,1-11H3,(H,47,57)/b13-12+,20-15+,24-14-/t23-,25+,26+,27+,30-,37-,38+,41+,45-/m0/s1",CO[C@H]1\C=C\O[C@@]2(C)OC3=C(C2=O)C2=C(C(O)=C3C)C(=O)C(NC(=O)\C(C)=C/C=C/[C@H](C)[C@H](O)[C@@H](C)[C@@H](O)[C@@H](C)[C@H](OC(C)=O)[C@@H]1C)=C1NC3(CCN(CC3)CC(C)C)N=C21
DB00617,"['CYP2E1', 'CYP3A4', 'CYP2C9', 'CYP2C8']",Paramethadione,"InChI=1S/C7H11NO3/c1-4-7(2)5(9)8(3)6(10)11-7/h4H2,1-3H3",CCC1(C)OC(=O)N(C)C1=O
DB00619,"['CYP3A4', 'CYP3A5', 'CYP3A7', 'CYP1A2', 'CYP2C9', 'CYP2D6', 'CYP2C19', 'CYP2C8']",Imatinib,"InChI=1S/C29H31N7O/c1-21-5-10-25(18-27(21)34-29-31-13-11-26(33-29)24-4-3-12-30-19-24)32-28(37)23-8-6-22(7-9-23)20-36-16-14-35(2)15-17-36/h3-13,18-19H,14-17,20H2,1-2H3,(H,32,37)(H,31,33,34)",CN1CCN(CC2=CC=C(C=C2)C(=O)NC2=CC(NC3=NC=CC(=N3)C3=CN=CC=C3)=C(C)C=C2)CC1
DB00620,"['CYP3A4', 'CYP3A5', 'CYP3A7']",Triamcinolone,"InChI=1S/C21H27FO6/c1-18-6-5-12(24)7-11(18)3-4-13-14-8-15(25)21(28,17(27)10-23)19(14,2)9-16(26)20(13,18)22/h5-7,13-16,23,25-26,28H,3-4,8-10H2,1-2H3/t13-,14-,15+,16-,18-,19-,20-,21-/m0/s1",[H][C@@]12C[C@@H](O)[C@](O)(C(=O)CO)[C@@]1(C)C[C@H](O)[C@@]1(F)[C@@]2([H])CCC2=CC(=O)C=C[C@]12C
DB00621,['CYP2C9'],Oxandrolone,"InChI=1S/C19H30O3/c1-17-11-22-16(20)10-12(17)4-5-13-14(17)6-8-18(2)15(13)7-9-19(18,3)21/h12-15,21H,4-11H2,1-3H3/t12-,13+,14-,15-,17-,18-,19-/m0/s1",[H][C@@]12CC[C@](C)(O)[C@@]1(C)CC[C@@]1([H])[C@@]2([H])CC[C@@]2([H])CC(=O)OC[C@]12C
DB00622,"['CYP3A4', 'CYP2D6', 'CYP2C19', 'CYP2C8', 'CYP2B6', 'CYP2E1', 'CYP3A5', 'CYP2C9']",Nicardipine,"InChI=1S/C26H29N3O6/c1-17-22(25(30)34-4)24(20-11-8-12-21(15-20)29(32)33)23(18(2)27-17)26(31)35-14-13-28(3)16-19-9-6-5-7-10-19/h5-12,15,24,27H,13-14,16H2,1-4H3",COC(=O)C1=C(C)NC(C)=C(C1C1=CC(=CC=C1)[N+]([O-])=O)C(=O)OCCN(C)CC1=CC=CC=C1
DB00623,"['CYP2E1', 'CYP2D6']",Fluphenazine,"InChI=1S/C22H26F3N3OS/c23-22(24,25)17-6-7-21-19(16-17)28(18-4-1-2-5-20(18)30-21)9-3-8-26-10-12-27(13-11-26)14-15-29/h1-2,4-7,16,29H,3,8-15H2",OCCN1CCN(CCCN2C3=CC=CC=C3SC3=C2C=C(C=C3)C(F)(F)F)CC1
DB00624,"['CYP3A4', 'CYP3A5', 'CYP3A7', 'CYP3A43', 'CYP1A1', 'CYP2B6', 'CYP2C19', 'CYP2C9', 'CYP2C8']",Testosterone,"InChI=1S/C19H28O2/c1-18-9-7-13(20)11-12(18)3-4-14-15-5-6-17(21)19(15,2)10-8-16(14)18/h11,14-17,21H,3-10H2,1-2H3/t14-,15-,16-,17-,18-,19-/m0/s1",[H][C@@]12CC[C@H](O)[C@@]1(C)CC[C@@]1([H])[C@@]2([H])CCC2=CC(=O)CC[C@]12C
DB00625,"['CYP2C19', 'CYP2C9', 'CYP2B6', 'CYP3A4', 'CYP3A5', 'CYP3A7', 'CYP1A2', 'CYP2D6', 'CYP2C8']",Efavirenz,"InChI=1S/C14H9ClF3NO2/c15-9-3-4-11-10(7-9)13(14(16,17)18,21-12(20)19-11)6-5-8-1-2-8/h3-4,7-8H,1-2H2,(H,19,20)/t13-/m0/s1",FC(F)(F)[C@]1(OC(=O)NC2=C1C=C(Cl)C=C2)C#CC1CC1
DB00627,"['CYP2D6', 'CYP3A4', 'CYP2E1']",Niacin,"InChI=1S/C6H5NO2/c8-6(9)5-2-1-3-7-4-5/h1-4H,(H,8,9)",OC(=O)C1=CN=CC=C1
DB00628,['CYP3A4'],Clorazepic acid,"InChI=1S/C16H11ClN2O3/c17-10-6-7-12-11(8-10)13(9-4-2-1-3-5-9)19-14(16(21)22)15(20)18-12/h1-8,14H,(H,18,20)(H,21,22)",OC(=O)C1N=C(C2=CC=CC=C2)C2=C(NC1=O)C=CC(Cl)=C2
DB00629,['CYP1A2'],Guanabenz,"InChI=1S/C8H8Cl2N4/c9-6-2-1-3-7(10)5(6)4-13-14-8(11)12/h1-4H,(H4,11,12,14)/b13-4+",NC(N)=NN=CC1=C(Cl)C=CC=C1Cl
DB00633,"['CYP2E1', 'CYP1A2', 'CYP1A1', 'CYP2D6']",Dexmedetomidine,"InChI=1S/C13H16N2/c1-9-5-4-6-12(10(9)2)11(3)13-7-14-8-15-13/h4-8,11H,1-3H3,(H,14,15)/t11-/m0/s1",C[C@H](C1=CNC=N1)C1=C(C)C(C)=CC=C1
DB00635,"['CYP2C19', 'CYP3A5', 'CYP3A4', 'CYP3A43', 'CYP3A5', 'CYP3A7', 'CYP2A6', 'CYP2B6', 'CYP2C8', 'CYP2C9', 'CYP3A4']",Prednisone,"InChI=1S/C21H26O5/c1-19-7-5-13(23)9-12(19)3-4-14-15-6-8-21(26,17(25)11-22)20(15,2)10-16(24)18(14)19/h5,7,9,14-15,18,22,26H,3-4,6,8,10-11H2,1-2H3/t14-,15-,18+,19-,20-,21-/m0/s1",[H][C@@]12CC[C@](O)(C(=O)CO)[C@@]1(C)CC(=O)[C@@]1([H])[C@@]2([H])CCC2=CC(=O)C=C[C@]12C
DB00636,"['CYP1A1', 'CYP3A4', 'CYP2E1']",Clofibrate,"InChI=1S/C12H15ClO3/c1-4-15-11(14)12(2,3)16-10-7-5-9(13)6-8-10/h5-8H,4H2,1-3H3",CCOC(=O)C(C)(C)OC1=CC=C(Cl)C=C1
DB00637,"['CYP3A4', 'CYP3A5', 'CYP3A7', 'CYP2D6']",Astemizole,"InChI=1S/C28H31FN4O/c1-34-25-12-8-21(9-13-25)14-17-32-18-15-24(16-19-32)30-28-31-26-4-2-3-5-27(26)33(28)20-22-6-10-23(29)11-7-22/h2-13,24H,14-20H2,1H3,(H,30,31)",COC1=CC=C(CCN2CCC(CC2)NC2=NC3=CC=CC=C3N2CC2=CC=C(F)C=C2)C=C1
DB00641,"['CYP3A4', 'CYP3A5', 'CYP2C8', 'CYP2C9', 'CYP2D6', 'CYP2B6', 'CYP2C19']",Simvastatin,"InChI=1S/C25H38O5/c1-6-25(4,5)24(28)30-21-12-15(2)11-17-8-7-16(3)20(23(17)21)10-9-19-13-18(26)14-22(27)29-19/h7-8,11,15-16,18-21,23,26H,6,9-10,12-14H2,1-5H3/t15-,16-,18+,19+,20-,21-,23-/m0/s1",[H][C@]12[C@H](C[C@@H](C)C=C1C=C[C@H](C)[C@@H]2CC[C@@H]1C[C@@H](O)CC(=O)O1)OC(=O)C(C)(C)CC
DB00643,"['CYP1A1', 'CYP3A4', 'CYP3A43', 'CYP3A5', 'CYP3A7']",Mebendazole,"InChI=1S/C16H13N3O3/c1-22-16(21)19-15-17-12-8-7-11(9-13(12)18-15)14(20)10-5-3-2-4-6-10/h2-9H,1H3,(H2,17,18,19,21)",COC(=O)NC1=NC2=C(N1)C=C(C=C2)C(=O)C1=CC=CC=C1
DB00647,"['CYP2D6', 'CYP3A4', 'CYP3A4', 'CYP3A43', 'CYP3A5', 'CYP3A7']",Dextropropoxyphene,"InChI=1S/C22H29NO2/c1-5-21(24)25-22(18(2)17-23(3)4,20-14-10-7-11-15-20)16-19-12-8-6-9-13-19/h6-15,18H,5,16-17H2,1-4H3/t18-,22+/m1/s1",CCC(=O)O[C@@](CC1=CC=CC=C1)([C@H](C)CN(C)C)C1=CC=CC=C1
DB00648,"['CYP3A4', 'CYP3A5', 'CYP3A7']",Mitotane,"InChI=1S/C14H10Cl4/c15-10-7-5-9(6-8-10)13(14(17)18)11-3-1-2-4-12(11)16/h1-8,13-14H",ClC(Cl)C(C1=CC=C(Cl)C=C1)C1=CC=CC=C1Cl
DB00655,"['CYP3A4', 'CYP2B6', 'CYP2C9', 'CYP2E1', 'CYP3A5', 'CYP1A2', 'CYP1A1']",Estrone,"InChI=1S/C18H22O2/c1-18-9-8-14-13-5-3-12(19)10-11(13)2-4-15(14)16(18)6-7-17(18)20/h3,5,10,14-16,19H,2,4,6-9H2,1H3/t14-,15-,16+,18+/m1/s1",[H][C@@]12CCC(=O)[C@@]1(C)CC[C@]1([H])C3=C(CC[C@@]21[H])C=C(O)C=C3
DB00656,"['CYP3A4', 'CYP3A5', 'CYP3A7', 'CYP2D6']",Trazodone,"InChI=1S/C19H22ClN5O/c20-16-5-3-6-17(15-16)23-13-11-22(12-14-23)8-4-10-25-19(26)24-9-2-1-7-18(24)21-25/h1-3,5-7,9,15H,4,8,10-14H2",ClC1=CC=CC(=C1)N1CCN(CCCN2N=C3C=CC=CN3C2=O)CC1
DB00661,"['CYP3A4', 'CYP1A2', 'CYP2C8', 'CYP2C9', 'CYP3A5', 'CYP2B6', 'CYP2C19', 'CYP2D6', 'CYP2E1']",Verapamil,"InChI=1S/C27H38N2O4/c1-20(2)27(19-28,22-10-12-24(31-5)26(18-22)33-7)14-8-15-29(3)16-13-21-9-11-23(30-4)25(17-21)32-6/h9-12,17-18,20H,8,13-16H2,1-7H3",COC1=C(OC)C=C(CCN(C)CCCC(C#N)(C(C)C)C2=CC(OC)=C(OC)C=C2)C=C1
DB00663,['CYP3A4'],Flumethasone,"InChI=1S/C22H28F2O5/c1-11-6-13-14-8-16(23)15-7-12(26)4-5-19(15,2)21(14,24)17(27)9-20(13,3)22(11,29)18(28)10-25/h4-5,7,11,13-14,16-17,25,27,29H,6,8-10H2,1-3H3/t11-,13+,14+,16+,17+,19+,20+,21+,22+/m1/s1",[H][C@@]12C[C@@H](C)[C@](O)(C(=O)CO)[C@@]1(C)C[C@H](O)[C@@]1(F)[C@@]2([H])C[C@H](F)C2=CC(=O)C=C[C@]12C
DB00665,['CYP2C19'],Nilutamide,"InChI=1S/C12H10F3N3O4/c1-11(2)9(19)17(10(20)16-11)6-3-4-8(18(21)22)7(5-6)12(13,14)15/h3-5H,1-2H3,(H,16,20)",CC1(C)NC(=O)N(C1=O)C1=CC(=C(C=C1)[N+]([O-])=O)C(F)(F)F
DB00668,"['CYP2C9', 'CYP3A4']",Epinephrine,"InChI=1S/C9H13NO3/c1-10-5-9(13)6-2-3-7(11)8(12)4-6/h2-4,9-13H,5H2,1H3/t9-/m0/s1",CNC[C@H](O)C1=CC(O)=C(O)C=C1
DB00672,"['CYP2C9', 'CYP2C19']",Chlorpropamide,"InChI=1S/C10H13ClN2O3S/c1-2-7-12-10(14)13-17(15,16)9-5-3-8(11)4-6-9/h3-6H,2,7H2,1H3,(H2,12,13,14)",CCCNC(=O)NS(=O)(=O)C1=CC=C(Cl)C=C1
DB00673,"['CYP3A4', 'CYP2C19', 'CYP2C9']",Aprepitant,"InChI=1S/C23H21F7N4O3/c1-12(14-8-15(22(25,26)27)10-16(9-14)23(28,29)30)37-20-19(13-2-4-17(24)5-3-13)34(6-7-36-20)11-18-31-21(35)33-32-18/h2-5,8-10,12,19-20H,6-7,11H2,1H3,(H2,31,32,33,35)/t12-,19+,20-/m1/s1",C[C@@H](O[C@H]1OCCN(CC2=NNC(=O)N2)[C@H]1C1=CC=C(F)C=C1)C1=CC(=CC(=C1)C(F)(F)F)C(F)(F)F
DB00674,"['CYP3A4', 'CYP2D6']",Galantamine,"InChI=1S/C17H21NO3/c1-18-8-7-17-6-5-12(19)9-14(17)21-16-13(20-2)4-3-11(10-18)15(16)17/h3-6,12,14,19H,7-10H2,1-2H3/t12-,14-,17-/m0/s1",[H][C@]12C[C@@H](O)C=C[C@]11CCN(C)CC3=C1C(O2)=C(OC)C=C3
DB00675,"['CYP2D6', 'CYP3A4', 'CYP3A5', 'CYP3A7', 'CYP2C9', 'CYP2C19', 'CYP2B6', 'CYP1A1', 'CYP2C8', 'CYP2A6', 'CYP2E1', 'CYP1A2']",Tamoxifen,"InChI=1S/C26H29NO/c1-4-25(21-11-7-5-8-12-21)26(22-13-9-6-10-14-22)23-15-17-24(18-16-23)28-20-19-27(2)3/h5-18H,4,19-20H2,1-3H3/b26-25-",CC\C(=C(/C1=CC=CC=C1)C1=CC=C(OCCN(C)C)C=C1)C1=CC=CC=C1
DB00678,"['CYP2C9', 'CYP3A4', 'CYP2C19', 'CYP2C8']",Losartan,"InChI=1S/C22H23ClN6O/c1-2-3-8-20-24-21(23)19(14-30)29(20)13-15-9-11-16(12-10-15)17-6-4-5-7-18(17)22-25-27-28-26-22/h4-7,9-12,30H,2-3,8,13-14H2,1H3,(H,25,26,27,28)",CCCCC1=NC(Cl)=C(CO)N1CC1=CC=C(C=C1)C1=CC=CC=C1C1=NNN=N1
DB00679,"['CYP2E1', 'CYP2D6', 'CYP2C19']",Thioridazine,"InChI=1S/C21H26N2S2/c1-22-13-6-5-7-16(22)12-14-23-18-8-3-4-9-20(18)25-21-11-10-17(24-2)15-19(21)23/h3-4,8-11,15-16H,5-7,12-14H2,1-2H3",CSC1=CC2=C(SC3=CC=CC=C3N2CCC2CCCCN2C)C=C1
DB00682,"['CYP2C9', 'CYP1A2', 'CYP2C19', 'CYP3A4', 'CYP2C8']",Warfarin,"InChI=1S/C19H16O4/c1-12(20)11-15(13-7-3-2-4-8-13)17-18(21)14-9-5-6-10-16(14)23-19(17)22/h2-10,15,21H,11H2,1H3",CC(=O)CC(C1=CC=CC=C1)C1=C(O)C2=C(OC1=O)C=CC=C2
DB00683,"['CYP3A4', 'CYP3A5', 'CYP3A7']",Midazolam,"InChI=1S/C18H13ClFN3/c1-11-21-9-13-10-22-18(14-4-2-3-5-16(14)20)15-8-12(19)6-7-17(15)23(11)13/h2-9H,10H2,1H3",CC1=NC=C2CN=C(C3=CC=CC=C3F)C3=C(C=CC(Cl)=C3)N12
DB00685,['CYP1A2'],Trovafloxacin,"InChI=1S/C20H15F3N4O3/c21-8-1-2-15(13(22)3-8)27-7-12(20(29)30)17(28)9-4-14(23)19(25-18(9)27)26-5-10-11(6-26)16(10)24/h1-4,7,10-11,16H,5-6,24H2,(H,29,30)/t10-,11+,16+",[H][C@@]12CN(C[C@]1([H])[C@H]2N)C1=NC2=C(C=C1F)C(=O)C(=CN2C1=C(F)C=C(F)C=C1)C(O)=O
DB00687,['CYP3A4'],Fludrocortisone,"InChI=1S/C21H29FO5/c1-18-7-5-13(24)9-12(18)3-4-15-14-6-8-20(27,17(26)11-23)19(14,2)10-16(25)21(15,18)22/h9,14-16,23,25,27H,3-8,10-11H2,1-2H3/t14-,15-,16-,18-,19-,20-,21-/m0/s1",[H][C@@]12CC[C@](O)(C(=O)CO)[C@@]1(C)C[C@H](O)[C@@]1(F)[C@@]2([H])CCC2=CC(=O)CC[C@]12C
DB00688,"['CYP3A4', 'CYP3A5', 'CYP2C8']",Mycophenolate mofetil,"InChI=1S/C23H31NO7/c1-15(5-7-19(25)30-13-10-24-8-11-29-12-9-24)4-6-17-21(26)20-18(14-31-23(20)27)16(2)22(17)28-3/h4,26H,5-14H2,1-3H3/b15-4+",COC1=C(C\C=C(/C)CCC(=O)OCCN2CCOCC2)C(O)=C2C(=O)OCC2=C1C
DB00690,"['CYP3A4', 'CYP2E1', 'CYP2A6']",Flurazepam,"InChI=1S/C21H23ClFN3O/c1-3-25(4-2)11-12-26-19-10-9-15(22)13-17(19)21(24-14-20(26)27)16-7-5-6-8-18(16)23/h5-10,13H,3-4,11-12,14H2,1-2H3",CCN(CC)CCN1C2=C(C=C(Cl)C=C2)C(=NCC1=O)C1=CC=CC=C1F
DB00694,"['CYP3A4', 'CYP3A5']",Daunorubicin,"InChI=1S/C27H29NO10/c1-10-22(30)14(28)7-17(37-10)38-16-9-27(35,11(2)29)8-13-19(16)26(34)21-20(24(13)32)23(31)12-5-4-6-15(36-3)18(12)25(21)33/h4-6,10,14,16-17,22,30,32,34-35H,7-9,28H2,1-3H3/t10-,14-,16-,17-,22+,27-/m0/s1",COC1=CC=CC2=C1C(=O)C1=C(O)C3=C(C[C@](O)(C[C@@H]3O[C@H]3C[C@H](N)[C@H](O)[C@H](C)O3)C(C)=O)C(O)=C1C2=O
DB00696,['CYP3A4'],Ergotamine,"InChI=1S/C33H35N5O5/c1-32(35-29(39)21-15-23-22-10-6-11-24-28(22)20(17-34-24)16-25(23)36(2)18-21)31(41)38-26(14-19-8-4-3-5-9-19)30(40)37-13-7-12-27(37)33(38,42)43-32/h3-6,8-11,15,17,21,25-27,34,42H,7,12-14,16,18H2,1-2H3,(H,35,39)/t21-,25-,26+,27+,32-,33+/m1/s1",[H][C@@]12CCCN1C(=O)[C@H](CC1=CC=CC=C1)N1C(=O)[C@](C)(NC(=O)[C@H]3CN(C)[C@]4([H])CC5=CNC6=CC=CC(=C56)C4=C3)O[C@@]21O
DB00697,['CYP1A2'],Tizanidine,"InChI=1S/C9H8ClN5S/c10-5-1-2-6-8(15-16-14-6)7(5)13-9-11-3-4-12-9/h1-2H,3-4H2,(H2,11,12,13)",ClC1=C(NC2=NCCN2)C2=NSN=C2C=C1
DB00699,['CYP2D6'],Nicergoline,"InChI=1S/C24H26BrN3O3/c1-27-13-17-8-21-24(30-3,19-5-4-6-20(27)22(17)19)9-15(12-28(21)2)14-31-23(29)16-7-18(25)11-26-10-16/h4-7,10-11,13,15,21H,8-9,12,14H2,1-3H3/t15-,21-,24+/m1/s1",[H][C@@]12CC3=CN(C)C4=CC=CC(=C34)[C@]1(C[C@@H](COC(=O)C1=CN=CC(Br)=C1)CN2C)OC
DB00700,"['CYP3A4', 'CYP3A5']",Eplerenone,"InChI=1S/C24H30O6/c1-21-7-4-14(25)10-13(21)11-15(20(27)28-3)19-16-5-8-23(9-6-18(26)30-23)22(16,2)12-17-24(19,21)29-17/h10,15-17,19H,4-9,11-12H2,1-3H3/t15-,16+,17-,19+,21+,22+,23-,24-/m1/s1",[H][C@@]12CC[C@@]3(CCC(=O)O3)[C@@]1(C)C[C@H]1O[C@@]11[C@@]2([H])[C@@H](CC2=CC(=O)CC[C@]12C)C(=O)OC
DB00701,"['CYP2B6', 'CYP2C19', 'CYP2C9', 'CYP2D6', 'CYP3A5', 'CYP3A4']",Amprenavir,"InChI=1S/C25H35N3O6S/c1-18(2)15-28(35(31,32)22-10-8-20(26)9-11-22)16-24(29)23(14-19-6-4-3-5-7-19)27-25(30)34-21-12-13-33-17-21/h3-11,18,21,23-24,29H,12-17,26H2,1-2H3,(H,27,30)/t21-,23-,24+/m0/s1",CC(C)CN(C[C@@H](O)[C@H](CC1=CC=CC=C1)NC(=O)O[C@H]1CCOC1)S(=O)(=O)C1=CC=C(N)C=C1
DB00705,"['CYP3A4', 'CYP2D6', 'CYP3A5', 'CYP3A7', 'CYP2C9', 'CYP2C19']",Delavirdine,"InChI=1S/C22H28N6O3S/c1-15(2)24-19-5-4-8-23-21(19)27-9-11-28(12-10-27)22(29)20-14-16-13-17(26-32(3,30)31)6-7-18(16)25-20/h4-8,13-15,24-26H,9-12H2,1-3H3",CC(C)NC1=C(N=CC=C1)N1CCN(CC1)C(=O)C1=CC2=C(N1)C=CC(NS(C)(=O)=O)=C2
DB00706,"['CYP2D6', 'CYP3A4']",Tamsulosin,"InChI=1S/C20H28N2O5S/c1-4-26-17-7-5-6-8-18(17)27-12-11-22-15(2)13-16-9-10-19(25-3)20(14-16)28(21,23)24/h5-10,14-15,22H,4,11-13H2,1-3H3,(H2,21,23,24)/t15-/m1/s1",CCOC1=CC=CC=C1OCCN[C@H](C)CC1=CC(=C(OC)C=C1)S(N)(=O)=O
DB00708,['CYP3A4'],Sufentanil,"InChI=1S/C22H30N2O2S/c1-3-21(25)24(19-8-5-4-6-9-19)22(18-26-2)12-15-23(16-13-22)14-11-20-10-7-17-27-20/h4-10,17H,3,11-16,18H2,1-2H3",CCC(=O)N(C1=CC=CC=C1)C1(COC)CCN(CCC2=CC=CS2)CC1
DB00712,['CYP2C9'],Flurbiprofen,"InChI=1S/C15H13FO2/c1-10(15(17)18)12-7-8-13(14(16)9-12)11-5-3-2-4-6-11/h2-10H,1H3,(H,17,18)",CC(C(O)=O)C1=CC(F)=C(C=C1)C1=CC=CC=C1
DB00714,"['CYP2B6', 'CYP2C8', 'CYP3A4', 'CYP3A5']",Apomorphine,"InChI=1S/C17H17NO2/c1-18-8-7-10-3-2-4-12-15(10)13(18)9-11-5-6-14(19)17(20)16(11)12/h2-6,13,19-20H,7-9H2,1H3/t13-/m1/s1",[H][C@]12CC3=C(C(O)=C(O)C=C3)C3=CC=CC(CCN1C)=C23
DB00715,"['CYP2B6', 'CYP1A2', 'CYP3A4', 'CYP2C19', 'CYP2D6', 'CYP2C9']",Paroxetine,"InChI=1S/C19H20FNO3/c20-15-3-1-13(2-4-15)17-7-8-21-10-14(17)11-22-16-5-6-18-19(9-16)24-12-23-18/h1-6,9,14,17,21H,7-8,10-12H2/t14-,17-/m0/s1",FC1=CC=C(C=C1)[C@@H]1CCNC[C@H]1COC1=CC2=C(OCO2)C=C1
DB00717,"['CYP3A4', 'CYP2C19', 'CYP1A2', 'CYP2A6']",Norethisterone,"InChI=1S/C20H26O2/c1-3-20(22)11-9-18-17-6-4-13-12-14(21)5-7-15(13)16(17)8-10-19(18,20)2/h1,12,15-18,22H,4-11H2,2H3/t15-,16+,17+,18-,19-,20-/m0/s1",[H][C@@]12CC[C@@](O)(C#C)[C@@]1(C)CC[C@]1([H])[C@@]3([H])CCC(=O)C=C3CC[C@@]21[H]
DB00724,['CYP3A4'],Imiquimod,"InChI=1S/C14H16N4/c1-9(2)7-18-8-16-12-13(18)10-5-3-4-6-11(10)17-14(12)15/h3-6,8-9H,7H2,1-2H3,(H2,15,17)",CC(C)CN1C=NC2=C1C1=C(C=CC=C1)N=C2N
DB00726,"['CYP2C9', 'CYP2D6', 'CYP2C19']",Trimipramine,"InChI=1S/C20H26N2/c1-16(14-21(2)3)15-22-19-10-6-4-8-17(19)12-13-18-9-5-7-11-20(18)22/h4-11,16H,12-15H2,1-3H3",CC(CN(C)C)CN1C2=CC=CC=C2CCC2=CC=CC=C12
DB00730,"['CYP1A2', 'CYP1A1']",Thiabendazole,"InChI=1S/C10H7N3S/c1-2-4-8-7(3-1)12-10(13-8)9-5-14-6-11-9/h1-6H,(H,12,13)",N1C2=CC=CC=C2N=C1C1=CSC=N1
DB00731,"['CYP2C9', 'CYP3A4', 'CYP3A5', 'CYP3A7', 'CYP2D6']",Nateglinide,"InChI=1S/C19H27NO3/c1-13(2)15-8-10-16(11-9-15)18(21)20-17(19(22)23)12-14-6-4-3-5-7-14/h3-7,13,15-17H,8-12H2,1-2H3,(H,20,21)(H,22,23)/t15-,16-,17-/m1/s1",CC(C)[C@H]1CC[C@@H](CC1)C(=O)N[C@H](CC1=CC=CC=C1)C(O)=O
DB00734,"['CYP2D6', 'CYP3A4']",Risperidone,"InChI=1S/C23H27FN4O2/c1-15-18(23(29)28-10-3-2-4-21(28)25-15)9-13-27-11-7-16(8-12-27)22-19-6-5-17(24)14-20(19)30-26-22/h5-6,14,16H,2-4,7-13H2,1H3",CC1=C(CCN2CCC(CC2)C2=NOC3=C2C=CC(F)=C3)C(=O)N2CCCCC2=N1
DB00736,"['CYP2C19', 'CYP3A4']",Esomeprazole,"InChI=1S/C17H19N3O3S/c1-10-8-18-15(11(2)16(10)23-4)9-24(21)17-19-13-6-5-12(22-3)7-14(13)20-17/h5-8H,9H2,1-4H3,(H,19,20)/t24-/m0/s1",COC1=CC2=C(NC(=N2)[S@@](=O)CC2=NC=C(C)C(OC)=C2C)C=C1
DB00737,['CYP2D6'],Meclizine,"InChI=1S/C25H27ClN2/c1-20-6-5-7-21(18-20)19-27-14-16-28(17-15-27)25(22-8-3-2-4-9-22)23-10-12-24(26)13-11-23/h2-13,18,25H,14-17,19H2,1H3",CC1=CC(CN2CCN(CC2)C(C2=CC=CC=C2)C2=CC=C(Cl)C=C2)=CC=C1
DB00738,"['CYP2C19', 'CYP1A1', 'CYP2D6', 'CYP3A5']",Pentamidine,"InChI=1S/C19H24N4O2/c20-18(21)14-4-8-16(9-5-14)24-12-2-1-3-13-25-17-10-6-15(7-11-17)19(22)23/h4-11H,1-3,12-13H2,(H3,20,21)(H3,22,23)",NC(=N)C1=CC=C(OCCCCCOC2=CC=C(C=C2)C(N)=N)C=C1
DB00740,"['CYP1A1', 'CYP1A2']",Riluzole,"InChI=1S/C8H5F3N2OS/c9-8(10,11)14-4-1-2-5-6(3-4)15-7(12)13-5/h1-3H,(H2,12,13)",NC1=NC2=C(S1)C=C(OC(F)(F)F)C=C2
DB00741,"['CYP3A4', 'CYP3A5', 'CYP3A7', 'CYP2C8', 'CYP2A6', 'CYP2B6', 'CYP2C9', 'CYP2C19']",Hydrocortisone,"InChI=1S/C21H30O5/c1-19-7-5-13(23)9-12(19)3-4-14-15-6-8-21(26,17(25)11-22)20(15,2)10-16(24)18(14)19/h9,14-16,18,22,24,26H,3-8,10-11H2,1-2H3/t14-,15-,16-,18+,19-,20-,21-/m0/s1",[H][C@@]12CC[C@](O)(C(=O)CO)[C@@]1(C)C[C@H](O)[C@@]1([H])[C@@]2([H])CCC2=CC(=O)CC[C@]12C
DB00744,"['CYP2C9', 'CYP1A2', 'CYP3A4']",Zileuton,"InChI=1S/C11H12N2O2S/c1-7(13(15)11(12)14)10-6-8-4-2-3-5-9(8)16-10/h2-7,15H,1H3,(H2,12,14)",CC(N(O)C(N)=O)C1=CC2=CC=CC=C2S1
DB00745,"['CYP2C19', 'CYP3A4', 'CYP3A5', 'CYP1A2', 'CYP2B6', 'CYP2C9', 'CYP2D6']",Modafinil,"InChI=1S/C15H15NO2S/c16-14(17)11-19(18)15(12-7-3-1-4-8-12)13-9-5-2-6-10-13/h1-10,15H,11H2,(H2,16,17)",NC(=O)CS(=O)C(C1=CC=CC=C1)C1=CC=CC=C1
DB00747,['CYP3A4'],Scopolamine,"InChI=1S/C17H21NO4/c1-18-13-7-11(8-14(18)16-15(13)22-16)21-17(20)12(9-19)10-5-3-2-4-6-10/h2-6,11-16,19H,7-9H2,1H3/t11-,12-,13-,14+,15-,16+/m1/s1",CN1[C@H]2C[C@@H](C[C@@H]1[C@H]1O[C@@H]21)OC(=O)[C@H](CO)C1=CC=CC=C1
DB00749,['CYP2C9'],Etodolac,"InChI=1S/C17H21NO3/c1-3-11-6-5-7-12-13-8-9-21-17(4-2,10-14(19)20)16(13)18-15(11)12/h5-7,18H,3-4,8-10H2,1-2H3,(H,19,20)",CCC1=C2NC3=C(CCOC3(CC)CC(O)=O)C2=CC=C1
DB00751,"['CYP2B6', 'CYP2D6', 'CYP3A4']",Epinastine,"InChI=1S/C16H15N3/c17-16-18-10-15-13-7-3-1-5-11(13)9-12-6-2-4-8-14(12)19(15)16/h1-8,15H,9-10H2,(H2,17,18)",NC1=NCC2N1C1=CC=CC=C1CC1=CC=CC=C21
DB00752,"['CYP2D6', 'CYP2C9', 'CYP2C19', 'CYP1A2', 'CYP2A6', 'CYP3A4']",Tranylcypromine,"InChI=1S/C9H11N/c10-9-6-8(9)7-4-2-1-3-5-7/h1-5,8-9H,6,10H2",NC1CC1C1=CC=CC=C1
DB00753,"['CYP2B6', 'CYP2E1']",Isoflurane,"InChI=1S/C3H2ClF5O/c4-1(3(7,8)9)10-2(5)6/h1-2H",FC(F)OC(Cl)C(F)(F)F
DB00755,"['CYP3A4', 'CYP3A5', 'CYP3A7', 'CYP2B6', 'CYP2C8', 'CYP2C9', 'CYP2A6', 'CYP1A1', 'CYP2E1']",Tretinoin,"InChI=1S/C20H28O2/c1-15(8-6-9-16(2)14-19(21)22)11-12-18-17(3)10-7-13-20(18,4)5/h6,8-9,11-12,14H,7,10,13H2,1-5H3,(H,21,22)/b9-6+,12-11+,15-8+,16-14+",C\C(\C=C\C1=C(C)CCCC1(C)C)=C/C=C/C(/C)=C/C(O)=O
DB00757,"['CYP2C9', 'CYP3A4', 'CYP2D6']",Dolasetron,"InChI=1S/C19H20N2O3/c22-18-10-21-12-5-11(18)6-13(21)8-14(7-12)24-19(23)16-9-20-17-4-2-1-3-15(16)17/h1-4,9,11-14,20H,5-8,10H2/t11-,12-,13+,14+",[H][C@@]1(C[C@@]2([H])C[C@]3([H])C[C@@]([H])(C1)N2CC3=O)OC(=O)C1=CNC2=C1C=CC=C2
DB00758,"['CYP2C9', 'CYP1A2', 'CYP2C8', 'CYP3A4', 'CYP2B6', 'CYP3A5', 'CYP2C19']",Clopidogrel,"InChI=1S/C16H16ClNO2S/c1-20-16(19)15(12-4-2-3-5-13(12)17)18-8-6-14-11(10-18)7-9-21-14/h2-5,7,9,15H,6,8,10H2,1H3/t15-/m0/s1",[H][C@@](N1CCC2=C(C1)C=CS2)(C(=O)OC)C1=CC=CC=C1Cl
DB00759,['CYP3A4'],Tetracycline,"InChI=1S/C22H24N2O8/c1-21(31)8-5-4-6-11(25)12(8)16(26)13-9(21)7-10-15(24(2)3)17(27)14(20(23)30)19(29)22(10,32)18(13)28/h4-6,9-10,15,25,27-28,31-32H,7H2,1-3H3,(H2,23,30)/t9-,10-,15-,21+,22-/m0/s1",[H][C@@]12C[C@@]3([H])C(=C(O)[C@]1(O)C(=O)C(C(N)=O)=C(O)[C@H]2N(C)C)C(=O)C1=C(O)C=CC=C1[C@@]3(C)O
DB00762,"['CYP3A4', 'CYP3A5', 'CYP3A7']",Irinotecan,"InChI=1S/C33H38N4O6/c1-3-22-23-16-21(43-32(40)36-14-10-20(11-15-36)35-12-6-5-7-13-35)8-9-27(23)34-29-24(22)18-37-28(29)17-26-25(30(37)38)19-42-31(39)33(26,41)4-2/h8-9,16-17,20,41H,3-7,10-15,18-19H2,1-2H3/t33-/m0/s1",CCC1=C2CN3C(=CC4=C(COC(=O)[C@]4(O)CC)C3=O)C2=NC2=CC=C(OC(=O)N3CCC(CC3)N3CCCCC3)C=C12
DB00763,"['CYP1A2', 'CYP2A6', 'CYP2B6', 'CYP2C19', 'CYP2C9', 'CYP2D6', 'CYP2E1', 'CYP3A4']",Methimazole,"InChI=1S/C4H6N2S/c1-6-3-2-5-4(6)7/h2-3H,1H3,(H,5,7)",CN1C=CNC1=S
DB00764,"['CYP2C8', 'CYP3A4', 'CYP3A5']",Mometasone,"InChI=1S/C22H28Cl2O4/c1-12-8-16-15-5-4-13-9-14(25)6-7-19(13,2)21(15,24)17(26)10-20(16,3)22(12,28)18(27)11-23/h6-7,9,12,15-17,26,28H,4-5,8,10-11H2,1-3H3/t12-,15+,16+,17+,19+,20+,21+,22+/m1/s1",[H][C@@]12C[C@@H](C)[C@](O)(C(=O)CCl)[C@@]1(C)C[C@H](O)[C@@]1(Cl)[C@@]2([H])CCC2=CC(=O)C=C[C@]12C
DB00768,['CYP3A4'],Olopatadine,"InChI=1S/C21H23NO3/c1-22(2)11-5-8-18-17-7-4-3-6-16(17)14-25-20-10-9-15(12-19(18)20)13-21(23)24/h3-4,6-10,12H,5,11,13-14H2,1-2H3,(H,23,24)/b18-8-",CN(C)CC\C=C1\C2=CC=CC=C2COC2=C1C=C(CC(O)=O)C=C2
DB00769,['CYP3A4'],Hydrocortamate,"InChI=1S/C27H41NO6/c1-5-28(6-2)15-23(32)34-16-22(31)27(33)12-10-20-19-8-7-17-13-18(29)9-11-25(17,3)24(19)21(30)14-26(20,27)4/h13,19-21,24,30,33H,5-12,14-16H2,1-4H3/t19-,20-,21-,24+,25-,26-,27-/m0/s1",[H][C@@]12CC[C@](O)(C(=O)COC(=O)CN(CC)CC)[C@@]1(C)C[C@H](O)[C@@]1([H])[C@@]2([H])CCC2=CC(=O)CC[C@]12C
DB00772,"['CYP1A2', 'CYP2B6']",Malathion,"InChI=1S/C10H19O6PS2/c1-5-15-9(11)7-8(10(12)16-6-2)19-17(18,13-3)14-4/h8H,5-7H2,1-4H3",CCOC(=O)CC(SP(=S)(OC)OC)C(=O)OCC
DB00773,"['CYP1A2', 'CYP2E1', 'CYP3A5', 'CYP3A4']",Etoposide,"InChI=1S/C29H32O13/c1-11-36-9-20-27(40-11)24(31)25(32)29(41-20)42-26-14-7-17-16(38-10-39-17)6-13(14)21(22-15(26)8-37-28(22)33)12-4-18(34-2)23(30)19(5-12)35-3/h4-7,11,15,20-22,24-27,29-32H,8-10H2,1-3H3/t11-,15+,20-,21-,22+,24-,25-,26-,27-,29+/m1/s1",[H][C@]12COC(=O)[C@]1([H])[C@H](C1=CC(OC)=C(O)C(OC)=C1)C1=CC3=C(OCO3)C=C1[C@H]2O[C@@H]1O[C@]2([H])CO[C@@H](C)O[C@@]2([H])[C@H](O)[C@H]1O
DB00776,"['CYP2C19', 'CYP3A4', 'CYP3A5']",Oxcarbazepine,"InChI=1S/C15H12N2O2/c16-15(19)17-12-7-3-1-5-10(12)9-14(18)11-6-2-4-8-13(11)17/h1-8H,9H2,(H2,16,19)",NC(=O)N1C2=CC=CC=C2CC(=O)C2=C1C=CC=C2
DB00778,"['CYP2B6', 'CYP3A4']",Roxithromycin,"InChI=1S/C41H76N2O15/c1-15-29-41(10,49)34(45)24(4)31(42-53-21-52-17-16-50-13)22(2)19-39(8,48)36(58-38-32(44)28(43(11)12)18-23(3)54-38)25(5)33(26(6)37(47)56-29)57-30-20-40(9,51-14)35(46)27(7)55-30/h22-30,32-36,38,44-46,48-49H,15-21H2,1-14H3/b42-31+/t22-,23-,24+,25+,26-,27+,28+,29-,30+,32-,33+,34-,35+,36-,38+,39-,40-,41-/m1/s1",CC[C@H]1OC(=O)[C@H](C)[C@@H](O[C@H]2C[C@@](C)(OC)[C@@H](O)[C@H](C)O2)[C@H](C)[C@@H](O[C@@H]2O[C@H](C)C[C@@H]([C@H]2O)N(C)C)[C@](C)(O)C[C@@H](C)C(=NOCOCCOC)[C@H](C)[C@@H](O)[C@]1(C)O
DB00779,['CYP1A2'],Nalidixic acid,"InChI=1S/C12H12N2O3/c1-3-14-6-9(12(16)17)10(15)8-5-4-7(2)13-11(8)14/h4-6H,3H2,1-2H3,(H,16,17)",CCN1C=C(C(O)=O)C(=O)C2=C1N=C(C)C=C2
DB00780,"['CYP2C19', 'CYP2C8', 'CYP3A4', 'CYP3A5', 'CYP3A7', 'CYP2D6', 'CYP3A4', 'CYP3A43', 'CYP3A5', 'CYP3A7', 'CYP2E1']",Phenelzine,"InChI=1S/C8H12N2/c9-10-7-6-8-4-2-1-3-5-8/h1-5,10H,6-7,9H2",NNCCC1=CC=CC=C1
DB00783,"['CYP3A4', 'CYP1A2', 'CYP3A5', 'CYP3A7', 'CYP1A1', 'CYP2C19', 'CYP2C8', 'CYP2C9']",Estradiol,"InChI=1S/C18H24O2/c1-18-9-8-14-13-5-3-12(19)10-11(13)2-4-15(14)16(18)6-7-17(18)20/h3,5,10,14-17,19-20H,2,4,6-9H2,1H3/t14-,15-,16+,17+,18+/m1/s1",[H][C@@]12CC[C@H](O)[C@@]1(C)CC[C@]1([H])C3=C(CC[C@@]21[H])C=C(O)C=C3
DB00784,"['CYP2C9', 'CYP1A2', 'CYP2C8']",Mefenamic acid,"InChI=1S/C15H15NO2/c1-10-6-5-9-13(11(10)2)16-14-8-4-3-7-12(14)15(17)18/h3-9,16H,1-2H3,(H,17,18)",CC1=C(C)C(NC2=CC=CC=C2C(O)=O)=CC=C1
DB00788,"['CYP2C8', 'CYP2C9', 'CYP1A2']",Naproxen,"InChI=1S/C14H14O3/c1-9(14(15)16)10-3-4-12-8-13(17-2)6-5-11(12)7-10/h3-9H,1-2H3,(H,15,16)/t9-/m0/s1",COC1=CC2=C(C=C1)C=C(C=C2)[C@H](C)C(O)=O
DB00792,['CYP2D6'],Tripelennamine,"InChI=1S/C16H21N3/c1-18(2)12-13-19(16-10-6-7-11-17-16)14-15-8-4-3-5-9-15/h3-11H,12-14H2,1-2H3",CN(C)CCN(CC1=CC=CC=C1)C1=CC=CC=N1
DB00794,"['CYP2C9', 'CYP2C19', 'CYP2E1', 'CYP3A4', 'CYP1A2']",Primidone,"InChI=1S/C12H14N2O2/c1-2-12(9-6-4-3-5-7-9)10(15)13-8-14-11(12)16/h3-7H,2,8H2,1H3,(H,13,15)(H,14,16)",CCC1(C(=O)NCNC1=O)C1=CC=CC=C1
DB00796,"['CYP2C9', 'CYP2C8']",Candesartan cilexetil,"InChI=1S/C33H34N6O6/c1-3-42-32-34-28-15-9-14-27(31(40)43-21(2)44-33(41)45-24-10-5-4-6-11-24)29(28)39(32)20-22-16-18-23(19-17-22)25-12-7-8-13-26(25)30-35-37-38-36-30/h7-9,12-19,21,24H,3-6,10-11,20H2,1-2H3,(H,35,36,37,38)",CCOC1=NC2=C(N1CC1=CC=C(C=C1)C1=CC=CC=C1C1=NN=NN1)C(=CC=C2)C(=O)OC(C)OC(=O)OC1CCCCC1
DB00799,['CYP2C8'],Tazarotene,"InChI=1S/C21H21NO2S/c1-4-24-20(23)16-7-9-17(22-14-16)8-5-15-6-10-19-18(13-15)21(2,3)11-12-25-19/h6-7,9-10,13-14H,4,11-12H2,1-3H3",CCOC(=O)C1=CN=C(C=C1)C#CC1=CC2=C(SCCC2(C)C)C=C1
DB00802,"['CYP3A4', 'CYP3A5', 'CYP3A7']",Alfentanil,"InChI=1S/C21H32N6O3/c1-4-19(28)27(18-9-7-6-8-10-18)21(17-30-3)11-13-24(14-12-21)15-16-26-20(29)25(5-2)22-23-26/h6-10H,4-5,11-17H2,1-3H3",CCN1N=NN(CCN2CCC(COC)(CC2)N(C(=O)CC)C2=CC=CC=C2)C1=O
DB00805,['CYP2D6'],Minaprine,"InChI=1S/C17H22N4O/c1-14-13-16(15-5-3-2-4-6-15)19-20-17(14)18-7-8-21-9-11-22-12-10-21/h2-6,13H,7-12H2,1H3,(H,18,20)",CC1=CC(=NN=C1NCCN1CCOCC1)C1=CC=CC=C1
DB00806,['CYP1A2'],Pentoxifylline,"InChI=1S/C13H18N4O3/c1-9(18)6-4-5-7-17-12(19)10-11(14-8-15(10)2)16(3)13(17)20/h8H,4-7H2,1-3H3",CN1C=NC2=C1C(=O)N(CCCCC(C)=O)C(=O)N2C
DB00808,['CYP3A4'],Indapamide,"InChI=1S/C16H16ClN3O3S/c1-10-8-11-4-2-3-5-14(11)20(10)19-16(21)12-6-7-13(17)15(9-12)24(18,22)23/h2-7,9-10H,8H2,1H3,(H,19,21)(H2,18,22,23)",CC1CC2=CC=CC=C2N1NC(=O)C1=CC(=C(Cl)C=C1)S(N)(=O)=O
DB00810,['CYP2D6'],Biperiden,"InChI=1S/C21H29NO/c23-21(19-7-3-1-4-8-19,11-14-22-12-5-2-6-13-22)20-16-17-9-10-18(20)15-17/h1,3-4,7-10,17-18,20,23H,2,5-6,11-16H2",OC(CCN1CCCCC1)(C1CC2CC1C=C2)C1=CC=CC=C1
DB00812,"['CYP3A4', 'CYP2C9']",Phenylbutazone,"InChI=1S/C19H20N2O2/c1-2-3-14-17-18(22)20(15-10-6-4-7-11-15)21(19(17)23)16-12-8-5-9-13-16/h4-13,17H,2-3,14H2,1H3",CCCCC1C(=O)N(N(C1=O)C1=CC=CC=C1)C1=CC=CC=C1
DB00813,"['CYP3A4', 'CYP3A7']",Fentanyl,"InChI=1S/C22H28N2O/c1-2-22(25)24(20-11-7-4-8-12-20)21-14-17-23(18-15-21)16-13-19-9-5-3-6-10-19/h3-12,21H,2,13-18H2,1H3",CCC(=O)N(C1CCN(CCC2=CC=CC=C2)CC1)C1=CC=CC=C1
DB00814,"['CYP2C8', 'CYP2C9', 'CYP3A4']",Meloxicam,"InChI=1S/C14H13N3O4S2/c1-8-7-15-14(22-8)16-13(19)11-12(18)9-5-3-4-6-10(9)23(20,21)17(11)2/h3-7,18H,1-2H3,(H,15,16,19)",CN1C(C(=O)NC2=NC=C(C)S2)=C(O)C2=C(C=CC=C2)S1(=O)=O
DB00817,['CYP1A2'],Rosoxacin,"InChI=1S/C17H14N2O3/c1-2-19-10-14(17(21)22)16(20)13-4-3-12(9-15(13)19)11-5-7-18-8-6-11/h3-10H,2H2,1H3,(H,21,22)",CCN1C=C(C(O)=O)C(=O)C2=C1C=C(C=C2)C1=CC=NC=C1
DB00818,"['CYP2C9', 'CYP2B6', 'CYP2E1', 'CYP1A1', 'CYP1A2', 'CYP2C19', 'CYP2C8']",Propofol,"InChI=1S/C12H18O/c1-8(2)10-6-5-7-11(9(3)4)12(10)13/h5-9,13H,1-4H3",CC(C)C1=CC=CC(C(C)C)=C1O
DB00819,['CYP3A4'],Acetazolamide,"InChI=1S/C4H6N4O3S2/c1-2(9)6-3-7-8-4(12-3)13(5,10)11/h1H3,(H2,5,10,11)(H,6,7,9)",CC(=O)NC1=NN=C(S1)S(N)(=O)=O
DB00820,['CYP3A4'],Tadalafil,"InChI=1S/C22H19N3O4/c1-24-10-19(26)25-16(22(24)27)9-14-13-4-2-3-5-15(13)23-20(14)21(25)12-6-7-17-18(8-12)29-11-28-17/h2-8,16,21,23H,9-11H2,1H3/t16-,21-/m1/s1",[H][C@]12CC3=C(NC4=CC=CC=C34)[C@H](N1C(=O)CN(C)C2=O)C1=CC2=C(OCO2)C=C1
DB00822,"['CYP3A4', 'CYP3A5', 'CYP2E1']",Disulfiram,"InChI=1S/C10H20N2S4/c1-5-11(6-2)9(13)15-16-10(14)12(7-3)8-4/h5-8H2,1-4H3",CCN(CC)C(=S)SSC(=S)N(CC)CC
DB00823,['CYP3A4'],Ethynodiol diacetate,"InChI=1S/C24H32O4/c1-5-24(28-16(3)26)13-11-22-21-8-6-17-14-18(27-15(2)25)7-9-19(17)20(21)10-12-23(22,24)4/h1,14,18-22H,6-13H2,2-4H3/t18-,19-,20+,21+,22-,23-,24-/m0/s1",[H][C@@]12CC[C@@](OC(C)=O)(C#C)[C@@]1(C)CC[C@]1([H])[C@@]3([H])CC[C@H](OC(C)=O)C=C3CC[C@@]21[H]
DB00825,['CYP3A4'],Levomenthol,"InChI=1S/C10H20O/c1-7(2)9-5-4-8(3)6-10(9)11/h7-11H,4-6H2,1-3H3/t8-,9+,10-/m1/s1",CC(C)[C@@H]1CC[C@@H](C)C[C@H]1O
DB00827,['CYP1A2'],Cinoxacin,"InChI=1S/C12H10N2O5/c1-2-14-7-4-9-8(18-5-19-9)3-6(7)11(15)10(13-14)12(16)17/h3-4H,2,5H2,1H3,(H,16,17)",CCN1N=C(C(O)=O)C(=O)C2=CC3=C(OCO3)C=C12
DB00829,"['CYP2C9', 'CYP3A7', 'CYP3A4', 'CYP2C19', 'CYP3A5', 'CYP2B6', 'CYP2C8']",Diazepam,"InChI=1S/C16H13ClN2O/c1-19-14-8-7-12(17)9-13(14)16(18-10-15(19)20)11-5-3-2-4-6-11/h2-9H,10H2,1H3",CN1C2=C(C=C(Cl)C=C2)C(=NCC1=O)C1=CC=CC=C1
DB00831,['CYP1A2'],Trifluoperazine,"InChI=1S/C21H24F3N3S/c1-25-11-13-26(14-12-25)9-4-10-27-17-5-2-3-6-19(17)28-20-8-7-16(15-18(20)27)21(22,23)24/h2-3,5-8,15H,4,9-14H2,1H3",CN1CCN(CCCN2C3=CC=CC=C3SC3=C2C=C(C=C3)C(F)(F)F)CC1
DB00834,"['CYP2D6', 'CYP2C8', 'CYP2C9', 'CYP3A4', 'CYP3A5']",Mifepristone,"InChI=1S/C29H35NO2/c1-5-15-29(32)16-14-26-24-12-8-20-17-22(31)11-13-23(20)27(24)25(18-28(26,29)2)19-6-9-21(10-7-19)30(3)4/h6-7,9-10,17,24-26,32H,8,11-14,16,18H2,1-4H3/t24-,25+,26-,28-,29-/m0/s1",[H][C@@]12CC[C@@](O)(C#CC)[C@@]1(C)C[C@H](C1=CC=C(C=C1)N(C)C)C1=C3CCC(=O)C=C3CC[C@@]21[H]
DB00836,"['CYP3A4', 'CYP2C8', 'CYP2B6', 'CYP2D6']",Loperamide,"InChI=1S/C29H33ClN2O2/c1-31(2)27(33)29(24-9-5-3-6-10-24,25-11-7-4-8-12-25)19-22-32-20-17-28(34,18-21-32)23-13-15-26(30)16-14-23/h3-16,34H,17-22H2,1-2H3",CN(C)C(=O)C(CCN1CCC(O)(CC1)C1=CC=C(Cl)C=C1)(C1=CC=CC=C1)C1=CC=CC=C1
DB00839,['CYP2C9'],Tolazamide,"InChI=1S/C14H21N3O3S/c1-12-6-8-13(9-7-12)21(19,20)16-14(18)15-17-10-4-2-3-5-11-17/h6-9H,2-5,10-11H2,1H3,(H2,15,16,18)",CC1=CC=C(C=C1)S(=O)(=O)NC(=O)NN1CCCCCC1
DB00843,"['CYP2D6', 'CYP3A4', 'CYP2C9']",Donepezil,"InChI=1S/C24H29NO3/c1-27-22-14-19-13-20(24(26)21(19)15-23(22)28-2)12-17-8-10-25(11-9-17)16-18-6-4-3-5-7-18/h3-7,14-15,17,20H,8-13,16H2,1-2H3",COC1=C(OC)C=C2C(=O)C(CC3CCN(CC4=CC=CC=C4)CC3)CC2=C1
DB00845,"['CYP3A4', 'CYP3A5', 'CYP2C8', 'CYP2D6']",Clofazimine,"InChI=1S/C27H22Cl2N4/c1-17(2)30-24-16-27-25(15-23(24)31-20-11-7-18(28)8-12-20)32-22-5-3-4-6-26(22)33(27)21-13-9-19(29)10-14-21/h3-17,31H,1-2H3/b30-24+",CC(C)N=C1C=C2N(C3=CC=C(Cl)C=C3)C3=C(C=CC=C3)N=C2C=C1NC1=CC=C(Cl)C=C1
DB00846,['CYP3A4'],Flurandrenolide,"InChI=1S/C24H33FO6/c1-21(2)30-19-9-14-13-8-16(25)15-7-12(27)5-6-22(15,3)20(13)17(28)10-23(14,4)24(19,31-21)18(29)11-26/h7,13-14,16-17,19-20,26,28H,5-6,8-11H2,1-4H3/t13-,14-,16-,17-,19+,20+,22-,23-,24+/m0/s1",CC1(C)O[C@@H]2C[C@H]3[C@@H]4C[C@H](F)C5=CC(=O)CC[C@]5(C)[C@H]4[C@@H](O)C[C@]3(C)[C@@]2(O1)C(=O)CO
DB00849,"['CYP2C19', 'CYP2B6']",Methylphenobarbital,"InChI=1S/C13H14N2O3/c1-3-13(9-7-5-4-6-8-9)10(16)14-12(18)15(2)11(13)17/h4-8H,3H2,1-2H3,(H,14,16,18)",CCC1(C(=O)NC(=O)N(C)C1=O)C1=CC=CC=C1
DB00850,"['CYP1A2', 'CYP2C19', 'CYP2C8', 'CYP2C9', 'CYP3A4', 'CYP2D6']",Perphenazine,"InChI=1S/C21H26ClN3OS/c22-17-6-7-21-19(16-17)25(18-4-1-2-5-20(18)27-21)9-3-8-23-10-12-24(13-11-23)14-15-26/h1-2,4-7,16,26H,3,8-15H2",OCCN1CCN(CCCN2C3=CC=CC=C3SC3=C2C=C(Cl)C=C3)CC1
DB00851,"['CYP1A1', 'CYP1A2', 'CYP2E1']",Dacarbazine,"InChI=1S/C6H10N6O/c1-12(2)11-10-6-4(5(7)13)8-3-9-6/h3H,1-2H3,(H2,7,13)(H,8,9)/b11-10+",CN(C)\N=N\C1=C(N=CN1)C(N)=O
DB00856,['CYP3A4'],Chlorphenesin,"InChI=1S/C9H11ClO3/c10-7-1-3-9(4-2-7)13-6-8(12)5-11/h1-4,8,11-12H,5-6H2",OCC(O)COC1=CC=C(Cl)C=C1
DB00857,"['CYP2D6', 'CYP2C9', 'CYP1A2', 'CYP3A4', 'CYP2C8', 'CYP2C19']",Terbinafine,"InChI=1S/C21H25N/c1-21(2,3)15-8-5-9-16-22(4)17-19-13-10-12-18-11-6-7-14-20(18)19/h5-7,9-14H,16-17H2,1-4H3/b9-5+",CN(C\C=C\C#CC(C)(C)C)CC1=CC=CC2=CC=CC=C12
DB00860,['CYP3A4'],Prednisolone,"InChI=1S/C21H28O5/c1-19-7-5-13(23)9-12(19)3-4-14-15-6-8-21(26,17(25)11-22)20(15,2)10-16(24)18(14)19/h5,7,9,14-16,18,22,24,26H,3-4,6,8,10-11H2,1-2H3/t14-,15-,16-,18+,19-,20-,21-/m0/s1",[H][C@@]12CC[C@](O)(C(=O)CO)[C@@]1(C)C[C@H](O)[C@@]1([H])[C@@]2([H])CCC2=CC(=O)C=C[C@]12C
DB00862,"['CYP3A4', 'CYP3A5', 'CYP2C9', 'CYP2C8', 'CYP2C19', 'CYP2D6']",Vardenafil,"InChI=1S/C23H32N6O4S/c1-5-8-20-24-16(4)21-23(30)25-22(26-29(20)21)18-15-17(9-10-19(18)33-7-3)34(31,32)28-13-11-27(6-2)12-14-28/h9-10,15H,5-8,11-14H2,1-4H3,(H,25,26,30)",CCCC1=NC(C)=C2N1NC(=NC2=O)C1=C(OCC)C=CC(=C1)S(=O)(=O)N1CCN(CC)CC1
DB00863,"['CYP3A4', 'CYP1A2', 'CYP2D6']",Ranitidine,"InChI=1S/C13H22N4O3S/c1-14-13(9-17(18)19)15-6-7-21-10-12-5-4-11(20-12)8-16(2)3/h4-5,9,14-15H,6-8,10H2,1-3H3",CNC(NCCSCC1=CC=C(CN(C)C)O1)=C[N+]([O-])=O
DB00864,"['CYP3A4', 'CYP3A5']",Tacrolimus,"InChI=1S/C44H69NO12/c1-10-13-31-19-25(2)18-26(3)20-37(54-8)40-38(55-9)22-28(5)44(52,57-40)41(49)42(50)45-17-12-11-14-32(45)43(51)56-39(29(6)34(47)24-35(31)48)27(4)21-30-15-16-33(46)36(23-30)53-7/h10,19,21,26,28-34,36-40,46-47,52H,1,11-18,20,22-24H2,2-9H3/b25-19+,27-21+/t26-,28+,29+,30-,31+,32-,33+,34-,36+,37-,38-,39+,40+,44+/m0/s1",CO[C@@H]1C[C@@H](CC[C@H]1O)\C=C(/C)[C@H]1OC(=O)[C@@H]2CCCCN2C(=O)C(=O)[C@]2(O)O[C@@H]([C@H](C[C@H]2C)OC)[C@H](C[C@@H](C)C\C(C)=C\[C@@H](CC=C)C(=O)C[C@H](O)[C@H]1C)OC
DB00865,"['CYP3A4', 'CYP2B6']",Benzphetamine,"InChI=1S/C17H21N/c1-15(13-16-9-5-3-6-10-16)18(2)14-17-11-7-4-8-12-17/h3-12,15H,13-14H2,1-2H3/t15-/m0/s1",C[C@@H](CC1=CC=CC=C1)N(C)CC1=CC=CC=C1
DB00866,['CYP2D6'],Alprenolol,"InChI=1S/C15H23NO2/c1-4-7-13-8-5-6-9-15(13)18-11-14(17)10-16-12(2)3/h4-6,8-9,12,14,16-17H,1,7,10-11H2,2-3H3",CC(C)NCC(O)COC1=CC=CC=C1CC=C
DB00869,"['CYP2C9', 'CYP2E1']",Dorzolamide,"InChI=1S/C10H16N2O4S3/c1-3-12-8-4-6(2)18(13,14)10-7(8)5-9(17-10)19(11,15)16/h5-6,8,12H,3-4H2,1-2H3,(H2,11,15,16)/t6-,8-/m0/s1",CCN[C@H]1C[C@H](C)S(=O)(=O)C2=C1C=C(S2)S(N)(=O)=O
DB00870,['CYP2C9'],Suprofen,"InChI=1S/C14H12O3S/c1-9(14(16)17)10-4-6-11(7-5-10)13(15)12-3-2-8-18-12/h2-9H,1H3,(H,16,17)",CC(C(O)=O)C1=CC=C(C=C1)C(=O)C1=CC=CS1
DB00872,['CYP3A4'],Conivaptan,"InChI=1S/C32H26N4O2/c1-21-33-28-19-20-36(29-14-8-7-13-27(29)30(28)34-21)32(38)23-15-17-24(18-16-23)35-31(37)26-12-6-5-11-25(26)22-9-3-2-4-10-22/h2-18H,19-20H2,1H3,(H,33,34)(H,35,37)",CC1=NC2=C(CCN(C(=O)C3=CC=C(NC(=O)C4=CC=CC=C4C4=CC=CC=C4)C=C3)C3=CC=CC=C23)N1
DB14596,['CYP3A4'],Loteprednol etabonate,"InChI=1S/C24H31ClO7/c1-4-30-21(29)32-24(20(28)31-13-25)10-8-17-16-6-5-14-11-15(26)7-9-22(14,2)19(16)18(27)12-23(17,24)3/h7,9,11,16-19,27H,4-6,8,10,12-13H2,1-3H3/t16-,17-,18-,19+,22-,23-,24-/m0/s1",[H][C@@]12CC[C@](OC(=O)OCC)(C(=O)OCCl)[C@@]1(C)C[C@H](O)[C@@]1([H])[C@@]2([H])CCC2=CC(=O)C=C[C@]12C
DB00877,"['CYP3A4', 'CYP3A5', 'CYP3A7']",Sirolimus,"InChI=1S/C51H79NO13/c1-30-16-12-11-13-17-31(2)42(61-8)28-38-21-19-36(7)51(60,65-38)48(57)49(58)52-23-15-14-18-39(52)50(59)64-43(33(4)26-37-20-22-40(53)44(27-37)62-9)29-41(54)32(3)25-35(6)46(56)47(63-10)45(55)34(5)24-30/h11-13,16-17,25,30,32-34,36-40,42-44,46-47,53,56,60H,14-15,18-24,26-29H2,1-10H3/b13-11+,16-12+,31-17+,35-25+/t30-,32-,33-,34-,36-,37+,38+,39+,40-,42+,43+,44-,46-,47+,51-/m1/s1",[H][C@@]1(C[C@@H](C)[C@]2([H])CC(=O)[C@H](C)\C=C(C)\[C@@H](O)[C@@H](OC)C(=O)[C@H](C)C[C@H](C)\C=C\C=C\C=C(C)\[C@H](C[C@]3([H])CC[C@@H](C)[C@@](O)(O3)C(=O)C(=O)N3CCCC[C@@]3([H])C(=O)O2)OC)CC[C@@H](O)[C@@H](C1)OC
DB00883,['CYP2E1'],Isosorbide dinitrate,"InChI=1S/C6H8N2O8/c9-7(10)15-3-1-13-6-4(16-8(11)12)2-14-5(3)6/h3-6H,1-2H2/t3-,4+,5-,6-/m1/s1",[H][C@]12OC[C@H](O[N+]([O-])=O)[C@@]1([H])OC[C@H]2O[N+]([O-])=O
DB00889,"['CYP3A4', 'CYP1A1']",Granisetron,"InChI=1S/C18H24N4O/c1-21-13-6-5-7-14(21)11-12(10-13)19-18(23)17-15-8-3-4-9-16(15)22(2)20-17/h3-4,8-9,12-14H,5-7,10-11H2,1-2H3,(H,19,23)/t12-,13+,14-",CN1N=C(C(=O)N[C@@H]2C[C@@H]3CCC[C@H](C2)N3C)C2=C1C=CC=C2
DB00891,['CYP2C9'],Sulfapyridine,"InChI=1S/C11H11N3O2S/c12-9-4-6-10(7-5-9)17(15,16)14-11-3-1-2-8-13-11/h1-8H,12H2,(H,13,14)",NC1=CC=C(C=C1)S(=O)(=O)NC1=CC=CC=N1
DB00896,"['CYP3A4', 'CYP3A5']",Rimexolone,"InChI=1S/C24H34O3/c1-6-20(27)24(5)14(2)11-18-17-8-7-15-12-16(25)9-10-22(15,3)21(17)19(26)13-23(18,24)4/h9-10,12,14,17-19,21,26H,6-8,11,13H2,1-5H3/t14-,17+,18+,19+,21-,22+,23+,24-/m1/s1",[H][C@@]12C[C@@H](C)[C@](C)(C(=O)CC)[C@@]1(C)C[C@H](O)[C@@]1([H])[C@@]2([H])CCC2=CC(=O)C=C[C@]12C
DB00897,"['CYP3A7', 'CYP3A4', 'CYP2C8', 'CYP3A5']",Triazolam,"InChI=1S/C17H12Cl2N4/c1-10-21-22-16-9-20-17(12-4-2-3-5-14(12)19)13-8-11(18)6-7-15(13)23(10)16/h2-8H,9H2,1H3",CC1=NN=C2CN=C(C3=CC=CC=C3Cl)C3=C(C=CC(Cl)=C3)N12
DB00898,"['CYP1A1', 'CYP1A2', 'CYP2B6', 'CYP2C9', 'CYP2C19', 'CYP2E1', 'CYP3A4']",Ethanol,"InChI=1S/C2H6O/c1-2-3/h3H,2H2,1H3",CCO
DB00904,"['CYP3A4', 'CYP1A2', 'CYP2D6', 'CYP3A5', 'CYP3A7', 'CYP2C9', 'CYP2E1']",Ondansetron,"InChI=1S/C18H19N3O/c1-12-19-9-10-21(12)11-13-7-8-16-17(18(13)22)14-5-3-4-6-15(14)20(16)2/h3-6,9-10,13H,7-8,11H2,1-2H3",CN1C2=C(C3=CC=CC=C13)C(=O)C(CN1C=CN=C1C)CC2
DB00905,"['CYP3A4', 'CYP3A5']",Bimatoprost,"InChI=1S/C25H37NO4/c1-2-26-25(30)13-9-4-3-8-12-21-22(24(29)18-23(21)28)17-16-20(27)15-14-19-10-6-5-7-11-19/h3,5-8,10-11,16-17,20-24,27-29H,2,4,9,12-15,18H2,1H3,(H,26,30)/b8-3-,17-16+/t20-,21+,22+,23-,24+/m0/s1",CCNC(=O)CCC\C=C/C[C@H]1[C@@H](O)C[C@@H](O)[C@@H]1\C=C\[C@@H](O)CCC1=CC=CC=C1
DB00906,['CYP3A4'],Tiagabine,"InChI=1S/C20H25NO2S2/c1-14-7-11-24-18(14)17(19-15(2)8-12-25-19)6-4-10-21-9-3-5-16(13-21)20(22)23/h6-8,11-12,16H,3-5,9-10,13H2,1-2H3,(H,22,23)/t16-/m1/s1",CC1=C(SC=C1)C(=CCCN1CCC[C@H](C1)C(O)=O)C1=C(C)C=CS1
DB00907,"['CYP3A4', 'CYP2D6', 'CYP2C8']",Cocaine,"InChI=1S/C17H21NO4/c1-18-12-8-9-13(18)15(17(20)21-2)14(10-12)22-16(19)11-6-4-3-5-7-11/h3-7,12-15H,8-10H2,1-2H3/t12-,13+,14-,15+/m0/s1",[H][C@]12CC[C@]([H])([C@H]([C@H](C1)OC(=O)C1=CC=CC=C1)C(=O)OC)N2C
DB00908,"['CYP3A4', 'CYP3A7', 'CYP2D6', 'CYP1A2', 'CYP2E1', 'CYP1A1', 'CYP2B6', 'CYP2C9', 'CYP2C8']",Quinidine,"InChI=1S/C20H24N2O2/c1-3-13-12-22-9-7-14(13)10-19(22)20(23)16-6-8-21-18-5-4-15(24-2)11-17(16)18/h3-6,8,11,13-14,19-20,23H,1,7,9-10,12H2,2H3/t13-,14-,19+,20-/m0/s1",[H][C@@]12CCN(C[C@@H]1C=C)[C@]([H])(C2)[C@@H](O)C1=C2C=C(OC)C=CC2=NC=C1
DB00909,"['CYP3A4', 'CYP3A5', 'CYP2C19']",Zonisamide,"InChI=1S/C8H8N2O3S/c9-14(11,12)5-7-6-3-1-2-4-8(6)13-10-7/h1-4H,5H2,(H2,9,11,12)",NS(=O)(=O)CC1=NOC2=CC=CC=C12
DB00910,['CYP3A4'],Paricalcitol,"InChI=1S/C27H44O3/c1-18(8-9-19(2)26(3,4)30)24-12-13-25-21(7-6-14-27(24,25)5)11-10-20-15-22(28)17-23(29)16-20/h8-11,18-19,22-25,28-30H,6-7,12-17H2,1-5H3/b9-8+,21-11+/t18-,19+,22-,23-,24-,25+,27-/m1/s1",[H][C@@]1(CC[C@@]2([H])\C(CCC[C@]12C)=C\C=C1C[C@@H](O)C[C@H](O)C1)[C@H](C)\C=C\[C@H](C)C(C)(C)O
DB00911,['CYP3A4'],Tinidazole,"InChI=1S/C8H13N3O4S/c1-3-16(14,15)5-4-10-7(2)9-6-8(10)11(12)13/h6H,3-5H2,1-2H3",CCS(=O)(=O)CCN1C(C)=NC=C1[N+]([O-])=O
DB00912,"['CYP2C8', 'CYP3A4']",Repaglinide,"InChI=1S/C27H36N2O4/c1-4-33-25-17-20(12-13-22(25)27(31)32)18-26(30)28-23(16-19(2)3)21-10-6-7-11-24(21)29-14-8-5-9-15-29/h6-7,10-13,17,19,23H,4-5,8-9,14-16,18H2,1-3H3,(H,28,30)(H,31,32)/t23-/m0/s1",CCOC1=C(C=CC(CC(=O)N[C@@H](CC(C)C)C2=CC=CC=C2N2CCCCC2)=C1)C(O)=O
DB00914,['CYP2D6'],Phenformin,"InChI=1S/C10H15N5/c11-9(12)15-10(13)14-7-6-8-4-2-1-3-5-8/h1-5H,6-7H2,(H6,11,12,13,14,15)",NC(=N)NC(=N)NCCC1=CC=CC=C1
DB00916,"['CYP2C8', 'CYP2A6', 'CYP3A5', 'CYP3A7', 'CYP2C9', 'CYP3A4']",Metronidazole,"InChI=1S/C6H9N3O3/c1-5-7-4-6(9(11)12)8(5)2-3-10/h4,10H,2-3H2,1H3",CC1=NC=C(N1CCO)[N+]([O-])=O
DB00918,"['CYP3A4', 'CYP2D6', 'CYP2C19', 'CYP2E1', 'CYP2C8']",Almotriptan,"InChI=1S/C17H25N3O2S/c1-19(2)10-7-15-12-18-17-6-5-14(11-16(15)17)13-23(21,22)20-8-3-4-9-20/h5-6,11-12,18H,3-4,7-10,13H2,1-2H3",CN(C)CCC1=CNC2=C1C=C(CS(=O)(=O)N1CCCC1)C=C2
DB00921,"['CYP3A4', 'CYP3A5', 'CYP2C9', 'CYP2C8', 'CYP3A7', 'CYP2D6', 'CYP2C19']",Buprenorphine,"InChI=1S/C29H41NO4/c1-25(2,3)26(4,32)20-15-27-10-11-29(20,33-5)24-28(27)12-13-30(16-17-6-7-17)21(27)14-18-8-9-19(31)23(34-24)22(18)28/h8-9,17,20-21,24,31-32H,6-7,10-16H2,1-5H3/t20-,21-,24-,26+,27-,28+,29-/m1/s1",CO[C@]12CC[C@@]3(C[C@@H]1[C@](C)(O)C(C)(C)C)[C@H]1CC4=C5C(O[C@@H]2[C@@]35CCN1CC1CC1)=C(O)C=C4
DB00924,"['CYP3A4', 'CYP1A2', 'CYP2D6']",Cyclobenzaprine,"InChI=1S/C20H21N/c1-21(2)15-7-12-20-18-10-5-3-8-16(18)13-14-17-9-4-6-11-19(17)20/h3-6,8-14H,7,15H2,1-2H3",CN(C)CCC=C1C2=CC=CC=C2C=CC2=CC=CC=C12
DB00927,['CYP1A2'],Famotidine,"InChI=1S/C8H15N7O2S3/c9-6(15-20(12,16)17)1-2-18-3-5-4-19-8(13-5)14-7(10)11/h4H,1-3H2,(H2,9,15)(H2,12,16,17)(H4,10,11,13,14)",NC(N)=NC1=NC(CSCCC(N)=NS(N)(=O)=O)=CS1
DB00932,"['CYP2C19', 'CYP3A4', 'CYP2D6']",Tipranavir,"InChI=1S/C31H33F3N2O5S/c1-3-16-30(17-15-21-9-6-5-7-10-21)19-26(37)28(29(38)41-30)25(4-2)22-11-8-12-24(18-22)36-42(39,40)27-14-13-23(20-35-27)31(32,33)34/h5-14,18,20,25,36-37H,3-4,15-17,19H2,1-2H3/t25-,30-/m1/s1",[H][C@@](CC)(C1=CC(NS(=O)(=O)C2=NC=C(C=C2)C(F)(F)F)=CC=C1)C1=C(O)C[C@@](CCC)(CCC2=CC=CC=C2)OC1=O
DB00933,['CYP2D6'],Mesoridazine,"InChI=1S/C21H26N2OS2/c1-22-13-6-5-7-16(22)12-14-23-18-8-3-4-9-20(18)25-21-11-10-17(26(2)24)15-19(21)23/h3-4,8-11,15-16H,5-7,12-14H2,1-2H3",CN1CCCCC1CCN1C2=C(SC3=C1C=C(C=C3)S(C)=O)C=CC=C2
DB00934,"['CYP1A2', 'CYP2D6']",Maprotiline,"InChI=1S/C20H23N/c1-21-14-6-12-20-13-11-15(16-7-2-4-9-18(16)20)17-8-3-5-10-19(17)20/h2-5,7-10,15,21H,6,11-14H2,1H3",CNCCCC12CCC(C3=CC=CC=C13)C1=CC=CC=C21
DB00935,['CYP2C19'],Oxymetazoline,"InChI=1S/C16H24N2O/c1-10-8-13(16(3,4)5)15(19)11(2)12(10)9-14-17-6-7-18-14/h8,19H,6-7,9H2,1-5H3,(H,17,18)",CC1=CC(=C(O)C(C)=C1CC1=NCCN1)C(C)(C)C
DB00936,['CYP2C9'],Salicylic acid,"InChI=1S/C7H6O3/c8-6-4-2-1-3-5(6)7(9)10/h1-4,8H,(H,9,10)",OC(=O)C1=CC=CC=C1O
DB00938,"['CYP3A4', 'CYP3A5', 'CYP3A7', 'CYP2C8']",Salmeterol,"InChI=1S/C25H37NO4/c27-20-23-18-22(13-14-24(23)28)25(29)19-26-15-7-1-2-8-16-30-17-9-6-12-21-10-4-3-5-11-21/h3-5,10-11,13-14,18,25-29H,1-2,6-9,12,15-17,19-20H2",OCC1=C(O)C=CC(=C1)C(O)CNCCCCCCOCCCCC1=CC=CC=C1
DB00945,"['CYP2C19', 'CYP2C9']",Acetylsalicylic acid,"InChI=1S/C9H8O4/c1-6(10)13-8-5-3-2-4-7(8)9(11)12/h2-5H,1H3,(H,11,12)",CC(=O)OC1=CC=CC=C1C(O)=O
DB00946,"['CYP2C8', 'CYP2C9', 'CYP3A4']",Phenprocoumon,"InChI=1S/C18H16O3/c1-2-13(12-8-4-3-5-9-12)16-17(19)14-10-6-7-11-15(14)21-18(16)20/h3-11,13,19H,2H2,1H3",CCC(C1=CC=CC=C1)C1=C(O)C2=C(OC1=O)C=CC=C2
DB00947,['CYP3A4'],Fulvestrant,"InChI=1S/C32H47F5O3S/c1-30-17-15-26-25-12-11-24(38)21-23(25)20-22(29(26)27(30)13-14-28(30)39)10-7-5-3-2-4-6-8-18-41(40)19-9-16-31(33,34)32(35,36)37/h11-12,21-22,26-29,38-39H,2-10,13-20H2,1H3/t22-,26-,27+,28+,29-,30+,41?/m1/s1",[H][C@@]12CC[C@H](O)[C@@]1(C)CC[C@]1([H])C3=CC=C(O)C=C3C[C@@H](CCCCCCCCCS(=O)CCCC(F)(F)C(F)(F)F)[C@@]21[H]
DB00949,"['CYP2E1', 'CYP2C9', 'CYP2C19', 'CYP3A4']",Felbamate,"InChI=1S/C11H14N2O4/c12-10(14)16-6-9(7-17-11(13)15)8-4-2-1-3-5-8/h1-5,9H,6-7H2,(H2,12,14)(H2,13,15)",NC(=O)OCC(COC(N)=O)C1=CC=CC=C1
DB00951,"['CYP2A6', 'CYP2C8', 'CYP2E1', 'CYP1A2', 'CYP2C9', 'CYP2D6', 'CYP2C19', 'CYP3A4']",Isoniazid,"InChI=1S/C6H7N3O/c7-9-6(10)5-1-3-8-4-2-5/h1-4H,7H2,(H,9,10)",NNC(=O)C1=CC=NC=C1
DB00953,['CYP2D6'],Rizatriptan,"InChI=1S/C15H19N5/c1-19(2)6-5-13-8-17-15-4-3-12(7-14(13)15)9-20-11-16-10-18-20/h3-4,7-8,10-11,17H,5-6,9H2,1-2H3",CN(C)CCC1=CNC2=C1C=C(CN1C=NC=N1)C=C2
DB00954,['CYP3A4'],Dirithromycin,"InChI=1S/C42H78N2O14/c1-15-29-42(10,49)37-24(4)32(43-30(56-37)21-52-17-16-50-13)22(2)19-40(8,48)36(58-39-33(45)28(44(11)12)18-23(3)53-39)25(5)34(26(6)38(47)55-29)57-31-20-41(9,51-14)35(46)27(7)54-31/h22-37,39,43,45-46,48-49H,15-21H2,1-14H3/t22-,23-,24+,25+,26-,27+,28+,29-,30-,31+,32+,33-,34+,35+,36-,37-,39+,40-,41-,42-/m1/s1",CC[C@H]1OC(=O)[C@H](C)[C@@H](O[C@H]2C[C@@](C)(OC)[C@@H](O)[C@H](C)O2)[C@H](C)[C@@H](O[C@@H]2O[C@H](C)C[C@@H]([C@H]2O)N(C)C)[C@](C)(O)C[C@@H](C)[C@@H]2N[C@@H](COCCOC)O[C@H]([C@H]2C)[C@]1(C)O
DB00956,"['CYP2D6', 'CYP3A4', 'CYP2B6', 'CYP2C19']",Hydrocodone,"InChI=1S/C18H21NO3/c1-19-8-7-18-11-4-5-13(20)17(18)22-16-14(21-2)6-3-10(15(16)18)9-12(11)19/h3,6,11-12,17H,4-5,7-9H2,1-2H3/t11-,12+,17-,18-/m0/s1",[H][C@@]12OC3=C(OC)C=CC4=C3[C@@]11CCN(C)[C@]([H])(C4)[C@]1([H])CCC2=O
DB00957,"['CYP3A4', 'CYP2B6', 'CYP2C9']",Norgestimate,"InChI=1S/C23H31NO3/c1-4-22-12-10-19-18-9-7-17(24-26)14-16(18)6-8-20(19)21(22)11-13-23(22,5-2)27-15(3)25/h2,14,18-21,26H,4,6-13H2,1,3H3/b24-17+/t18-,19+,20+,21-,22-,23-/m0/s1",[H][C@@]12CC[C@@](OC(C)=O)(C#C)[C@@]1(CC)CC[C@]1([H])[C@@]3([H])CC\C(C=C3CC[C@@]21[H])=N/O
DB00959,"['CYP3A4', 'CYP3A4', 'CYP3A43', 'CYP3A5', 'CYP3A7', 'CYP2A6', 'CYP2B6', 'CYP2C8', 'CYP2C19', 'CYP2C9']",Methylprednisolone,"InChI=1S/C22H30O5/c1-12-8-14-15-5-7-22(27,18(26)11-23)21(15,3)10-17(25)19(14)20(2)6-4-13(24)9-16(12)20/h4,6,9,12,14-15,17,19,23,25,27H,5,7-8,10-11H2,1-3H3/t12-,14-,15-,17-,19+,20-,21-,22-/m0/s1",[H][C@@]12CC[C@](O)(C(=O)CO)[C@@]1(C)C[C@H](O)[C@@]1([H])[C@@]2([H])C[C@H](C)C2=CC(=O)C=C[C@]12C
DB00960,['CYP2D6'],Pindolol,"InChI=1S/C14H20N2O2/c1-10(2)16-8-11(17)9-18-14-5-3-4-13-12(14)6-7-15-13/h3-7,10-11,15-17H,8-9H2,1-2H3",CC(C)NCC(O)COC1=CC=CC2=C1C=CN2
DB00962,"['CYP3A4', 'CYP3A5', 'CYP3A7']",Zaleplon,"InChI=1S/C17H15N5O/c1-3-21(12(2)23)15-6-4-5-13(9-15)16-7-8-19-17-14(10-18)11-20-22(16)17/h4-9,11H,3H2,1-2H3",CCN(C(C)=O)C1=CC=CC(=C1)C1=CC=NC2=C(C=NN12)C#N
DB00966,['CYP2C19'],Telmisartan,"InChI=1S/C33H30N4O2/c1-4-9-30-35-31-21(2)18-24(32-34-27-12-7-8-13-28(27)36(32)3)19-29(31)37(30)20-22-14-16-23(17-15-22)25-10-5-6-11-26(25)33(38)39/h5-8,10-19H,4,9,20H2,1-3H3,(H,38,39)",CCCC1=NC2=C(C=C(C=C2C)C2=NC3=CC=CC=C3N2C)N1CC1=CC=C(C=C1)C1=CC=CC=C1C(O)=O
DB00969,"['CYP1A2', 'CYP3A4', 'CYP2C9', 'CYP2E1']",Alosetron,"InChI=1S/C17H18N4O/c1-11-13(19-10-18-11)9-21-8-7-15-16(17(21)22)12-5-3-4-6-14(12)20(15)2/h3-6,10H,7-9H2,1-2H3,(H,18,19)",CN1C2=C(C3=CC=CC=C13)C(=O)N(CC1=C(C)NC=N1)CC2
DB00972,"['CYP3A4', 'CYP2D6', 'CYP1A2', 'CYP2C19', 'CYP1A1', 'CYP3A5', 'CYP2C9', 'CYP2C8', 'CYP2A6', 'CYP2E1', 'CYP2B6']",Azelastine,"InChI=1S/C22H24ClN3O/c1-25-13-4-5-18(12-14-25)26-22(27)20-7-3-2-6-19(20)21(24-26)15-16-8-10-17(23)11-9-16/h2-3,6-11,18H,4-5,12-15H2,1H3",CN1CCCC(CC1)N1N=C(CC2=CC=C(Cl)C=C2)C2=CC=CC=C2C1=O
DB00973,"['CYP3A4', 'CYP2C8']",Ezetimibe,"InChI=1S/C24H21F2NO3/c25-17-5-1-15(2-6-17)22(29)14-13-21-23(16-3-11-20(28)12-4-16)27(24(21)30)19-9-7-18(26)8-10-19/h1-12,21-23,28-29H,13-14H2/t21-,22+,23-/m1/s1",[H][C@]1(CC[C@H](O)C2=CC=C(F)C=C2)C(=O)N(C2=CC=C(F)C=C2)[C@]1([H])C1=CC=C(O)C=C1
DB00976,['CYP3A4'],Telithromycin,"InChI=1S/C43H65N5O10/c1-12-33-43(8)37(48(41(53)58-43)19-14-13-18-47-23-31(45-24-47)30-16-15-17-44-22-30)27(4)34(49)25(2)21-42(7,54-11)38(28(5)35(50)29(6)39(52)56-33)57-40-36(51)32(46(9)10)20-26(3)55-40/h15-17,22-29,32-33,36-38,40,51H,12-14,18-21H2,1-11H3/t25-,26-,27+,28+,29-,32+,33-,36-,37-,38-,40+,42-,43-/m1/s1",[H][C@@]12[C@@H](C)C(=O)[C@H](C)C[C@@](C)(OC)[C@H](O[C@@H]3O[C@H](C)C[C@@H]([C@H]3O)N(C)C)[C@@H](C)C(=O)[C@@H](C)C(=O)O[C@H](CC)[C@@]1(C)OC(=O)N2CCCCN1C=NC(=C1)C1=CC=CN=C1
DB00977,"['CYP3A4', 'CYP2C8', 'CYP2C9', 'CYP1A2', 'CYP3A5', 'CYP2C19']",Ethinylestradiol,"InChI=1S/C20H24O2/c1-3-20(22)11-9-18-17-6-4-13-12-14(21)5-7-15(13)16(17)8-10-19(18,20)2/h1,5,7,12,16-18,21-22H,4,6,8-11H2,2H3/t16-,17-,18+,19+,20+/m1/s1",[H][C@@]12CC[C@@](O)(C#C)[C@@]1(C)CC[C@]1([H])C3=C(CC[C@@]21[H])C=C(O)C=C3
DB00978,['CYP1A2'],Lomefloxacin,"InChI=1S/C17H19F2N3O3/c1-3-21-8-11(17(24)25)16(23)10-6-12(18)15(13(19)14(10)21)22-5-4-20-9(2)7-22/h6,8-9,20H,3-5,7H2,1-2H3,(H,24,25)",CCN1C=C(C(O)=O)C(=O)C2=CC(F)=C(N3CCNC(C)C3)C(F)=C12
DB00980,"['CYP2C19', 'CYP3A4', 'CYP2C9', 'CYP1A2']",Ramelteon,"InChI=1S/C16H21NO2/c1-2-15(18)17-9-7-12-4-3-11-5-6-14-13(16(11)12)8-10-19-14/h5-6,12H,2-4,7-10H2,1H3,(H,17,18)/t12-/m0/s1",CCC(=O)NCC[C@@H]1CCC2=C1C1=C(OCC1)C=C2
DB00982,['CYP3A4'],Isotretinoin,"InChI=1S/C20H28O2/c1-15(8-6-9-16(2)14-19(21)22)11-12-18-17(3)10-7-13-20(18,4)5/h6,8-9,11-12,14H,7,10,13H2,1-5H3,(H,21,22)/b9-6+,12-11+,15-8+,16-14-",C\C(\C=C\C1=C(C)CCCC1(C)C)=C/C=C/C(/C)=C\C(O)=O
DB00983,"['CYP2D6', 'CYP2C19', 'CYP2C9', 'CYP2A6']",Formoterol,"InChI=1S/C19H24N2O4/c1-13(9-14-3-6-16(25-2)7-4-14)20-11-19(24)15-5-8-18(23)17(10-15)21-12-22/h3-8,10,12-13,19-20,23-24H,9,11H2,1-2H3,(H,21,22)",COC1=CC=C(CC(C)NCC(O)C2=CC(NC=O)=C(O)C=C2)C=C1
DB00986,"['CYP2D6', 'CYP1A2', 'CYP2B6', 'CYP2C9', 'CYP2C19', 'CYP3A4']",Glycopyrronium,"InChI=1S/C19H28NO3/c1-20(2)13-12-17(14-20)23-18(21)19(22,16-10-6-7-11-16)15-8-4-3-5-9-15/h3-5,8-9,16-17,22H,6-7,10-14H2,1-2H3/q+1",C[N+]1(C)CCC(C1)OC(=O)C(O)(C1CCCC1)C1=CC=CC=C1
DB00987,['CYP3A4'],Cytarabine,"InChI=1S/C9H13N3O5/c10-5-1-2-12(9(16)11-5)8-7(15)6(14)4(3-13)17-8/h1-2,4,6-8,13-15H,3H2,(H2,10,11,16)/t4-,6-,7+,8-/m1/s1",NC1=NC(=O)N(C=C1)[C@@H]1O[C@H](CO)[C@@H](O)[C@@H]1O
DB00990,['CYP3A4'],Exemestane,"InChI=1S/C20H24O2/c1-12-10-14-15-4-5-18(22)20(15,3)9-7-16(14)19(2)8-6-13(21)11-17(12)19/h6,8,11,14-16H,1,4-5,7,9-10H2,2-3H3/t14-,15-,16-,19+,20-/m0/s1",[H][C@@]12CCC(=O)[C@@]1(C)CC[C@@]1([H])[C@@]2([H])CC(=C)C2=CC(=O)C=C[C@]12C
DB00993,['CYP1A2'],Azathioprine,"InChI=1S/C9H7N7O2S/c1-15-4-14-7(16(17)18)9(15)19-8-5-6(11-2-10-5)12-3-13-8/h2-4H,1H3,(H,10,11,12,13)",CN1C=NC(=C1SC1=NC=NC2=C1NC=N2)[N+]([O-])=O
DB00997,"['CYP2B6', 'CYP2D6', 'CYP3A4']",Doxorubicin,"InChI=1S/C27H29NO11/c1-10-22(31)13(28)6-17(38-10)39-15-8-27(36,16(30)9-29)7-12-19(15)26(35)21-20(24(12)33)23(32)11-4-3-5-14(37-2)18(11)25(21)34/h3-5,10,13,15,17,22,29,31,33,35-36H,6-9,28H2,1-2H3/t10-,13-,15-,17-,22+,27-/m0/s1",COC1=CC=CC2=C1C(=O)C1=C(O)C3=C(C[C@](O)(C[C@@H]3O[C@H]3C[C@H](N)[C@H](O)[C@H](C)O3)C(=O)CO)C(O)=C1C2=O
DB00998,['CYP1A2'],Frovatriptan,"InChI=1S/C14H17N3O/c1-16-9-3-5-13-11(7-9)10-6-8(14(15)18)2-4-12(10)17-13/h2,4,6,9,16-17H,3,5,7H2,1H3,(H2,15,18)/t9-/m1/s1",CN[C@@H]1CCC2=C(C1)C1=C(N2)C=CC(=C1)C(N)=O
DB01001,['CYP3A4'],Albuterol,"InChI=1S/C13H21NO3/c1-13(2,3)14-7-12(17)9-4-5-11(16)10(6-9)8-15/h4-6,12,14-17H,7-8H2,1-3H3",CC(C)(C)NCC(O)C1=CC(CO)=C(O)C=C1
DB01002,"['CYP3A4', 'CYP1A2']",Levobupivacaine,"InChI=1S/C18H28N2O/c1-4-5-12-20-13-7-6-11-16(20)18(21)19-17-14(2)9-8-10-15(17)3/h8-10,16H,4-7,11-13H2,1-3H3,(H,19,21)/t16-/m0/s1",CCCCN1CCCC[C@H]1C(=O)NC1=C(C)C=CC=C1C
DB01006,"['CYP2C19', 'CYP3A4', 'CYP2A6']",Letrozole,"InChI=1S/C17H11N5/c18-9-13-1-5-15(6-2-13)17(22-12-20-11-21-22)16-7-3-14(10-19)4-8-16/h1-8,11-12,17H",N#CC1=CC=C(C=C1)C(N1C=NC=N1)C1=CC=C(C=C1)C#N
DB01007,"['CYP2C19', 'CYP2E1', 'CYP3A4']",Tioconazole,"InChI=1S/C16H13Cl3N2OS/c17-12-1-2-13(14(18)7-12)15(8-21-5-4-20-10-21)22-9-11-3-6-23-16(11)19/h1-7,10,15H,8-9H2",ClC1=C(COC(CN2C=CN=C2)C2=C(Cl)C=C(Cl)C=C2)C=CS1
DB01008,['CYP3A4'],Busulfan,"InChI=1S/C6H14O6S2/c1-13(7,8)11-5-3-4-6-12-14(2,9)10/h3-6H2,1-2H3",CS(=O)(=O)OCCCCOS(C)(=O)=O
DB01009,"['CYP2C9', 'CYP2C8']",Ketoprofen,"InChI=1S/C16H14O3/c1-11(16(18)19)13-8-5-9-14(10-13)15(17)12-6-3-2-4-7-12/h2-11H,1H3,(H,18,19)",CC(C(O)=O)C1=CC(=CC=C1)C(=O)C1=CC=CC=C1
DB01011,"['CYP2E1', 'CYP2A6', 'CYP3A4']",Metyrapone,"InChI=1S/C14H14N2O/c1-14(2,12-6-4-8-16-10-12)13(17)11-5-3-7-15-9-11/h3-10H,1-2H3",CC(C)(C(=O)C1=CN=CC=C1)C1=CC=CN=C1
DB01012,"['CYP3A4', 'CYP2D6', 'CYP1A2']",Cinacalcet,"InChI=1S/C22H22F3N/c1-16(20-13-5-10-18-9-2-3-12-21(18)20)26-14-6-8-17-7-4-11-19(15-17)22(23,24)25/h2-5,7,9-13,15-16,26H,6,8,14H2,1H3/t16-/m1/s1",C[C@@H](NCCCC1=CC(=CC=C1)C(F)(F)F)C1=CC=CC2=CC=CC=C12
DB01013,"['CYP3A4', 'CYP3A5']",Clobetasol propionate,"InChI=1S/C25H32ClFO5/c1-5-21(31)32-25(20(30)13-26)14(2)10-18-17-7-6-15-11-16(28)8-9-22(15,3)24(17,27)19(29)12-23(18,25)4/h8-9,11,14,17-19,29H,5-7,10,12-13H2,1-4H3/t14-,17-,18-,19-,22-,23-,24-,25-/m0/s1",[H][C@@]12C[C@H](C)[C@](OC(=O)CC)(C(=O)CCl)[C@@]1(C)C[C@H](O)[C@@]1(F)[C@@]2([H])CCC2=CC(=O)C=C[C@]12C
DB01015,"['CYP2C9', 'CYP3A4']",Sulfamethoxazole,"InChI=1S/C10H11N3O3S/c1-7-6-10(12-16-7)13-17(14,15)9-4-2-8(11)3-5-9/h2-6H,11H2,1H3,(H,12,13)",CC1=CC(NS(=O)(=O)C2=CC=C(N)C=C2)=NO1
DB01016,"['CYP3A4', 'CYP2C9', 'CYP2C19', 'CYP3A7', 'CYP3A5']",Glyburide,"InChI=1S/C23H28ClN3O5S/c1-32-21-12-9-17(24)15-20(21)22(28)25-14-13-16-7-10-19(11-8-16)33(30,31)27-23(29)26-18-5-3-2-4-6-18/h7-12,15,18H,2-6,13-14H2,1H3,(H,25,28)(H2,26,27,29)",COC1=C(C=C(Cl)C=C1)C(=O)NCCC1=CC=C(C=C1)S(=O)(=O)NC(=O)NC1CCCCC1
DB01018,"['CYP2C19', 'CYP3A4']",Guanfacine,"InChI=1S/C9H9Cl2N3O/c10-6-2-1-3-7(11)5(6)4-8(15)14-9(12)13/h1-3H,4H2,(H4,12,13,14,15)",NC(=N)NC(=O)CC1=C(Cl)C=CC=C1Cl
DB01022,[],Phylloquinone,"InChI=1S/C31H46O2/c1-22(2)12-9-13-23(3)14-10-15-24(4)16-11-17-25(5)20-21-27-26(6)30(32)28-18-7-8-19-29(28)31(27)33/h7-8,18-20,22-24H,9-17,21H2,1-6H3/b25-20+/t23-,24-/m1/s1",CC(C)CCC[C@@H](C)CCC[C@@H](C)CCC\C(C)=C\CC1=C(C)C(=O)C2=C(C=CC=C2)C1=O
DB01023,"['CYP3A4', 'CYP3A5', 'CYP3A7', 'CYP2C8', 'CYP2C9', 'CYP2D6']",Felodipine,"InChI=1S/C18H19Cl2NO4/c1-5-25-18(23)14-10(3)21-9(2)13(17(22)24-4)15(14)11-7-6-8-12(19)16(11)20/h6-8,15,21H,5H2,1-4H3",CCOC(=O)C1=C(C)NC(C)=C(C1C1=C(Cl)C(Cl)=CC=C1)C(=O)OC
DB01024,"['CYP3A4', 'CYP3A5', 'CYP2C8']",Mycophenolic acid,"InChI=1S/C17H20O6/c1-9(5-7-13(18)19)4-6-11-15(20)14-12(8-23-17(14)21)10(2)16(11)22-3/h4,20H,5-8H2,1-3H3,(H,18,19)/b9-4+",COC1=C(C\C=C(/C)CCC(O)=O)C(O)=C2C(=O)OCC2=C1C
DB01026,"['CYP3A4', 'CYP3A5', 'CYP2C19', 'CYP1A1', 'CYP1A2', 'CYP2A6', 'CYP2B6', 'CYP2C8', 'CYP2C9', 'CYP2D6']",Ketoconazole,"InChI=1S/C26H28Cl2N4O4/c1-19(33)31-10-12-32(13-11-31)21-3-5-22(6-4-21)34-15-23-16-35-26(36-23,17-30-9-8-29-18-30)24-7-2-20(27)14-25(24)28/h2-9,14,18,23H,10-13,15-17H2,1H3",CC(=O)N1CCN(CC1)C1=CC=C(OCC2COC(CN3C=CN=C3)(O2)C2=CC=C(Cl)C=C2Cl)C=C1
DB01028,"['CYP1A2', 'CYP2A6', 'CYP2B6', 'CYP2C9', 'CYP2D6', 'CYP3A4', 'CYP2E1']",Methoxyflurane,"InChI=1S/C3H4Cl2F2O/c1-8-3(6,7)2(4)5/h2H,1H3",COC(F)(F)C(Cl)Cl
DB01029,"['CYP3A4', 'CYP2C9', 'CYP2C8']",Irbesartan,"InChI=1S/C25H28N6O/c1-2-3-10-22-26-25(15-6-7-16-25)24(32)31(22)17-18-11-13-19(14-12-18)20-8-4-5-9-21(20)23-27-29-30-28-23/h4-5,8-9,11-14H,2-3,6-7,10,15-17H2,1H3,(H,27,28,29,30)",CCCCC1=NC2(CCCC2)C(=O)N1CC1=CC=C(C=C1)C1=CC=CC=C1C1=NNN=N1
DB01032,"['CYP2C8', 'CYP3A4', 'CYP2C9']",Probenecid,"InChI=1S/C13H19NO4S/c1-3-9-14(10-4-2)19(17,18)12-7-5-11(6-8-12)13(15)16/h5-8H,3-4,9-10H2,1-2H3,(H,15,16)",CCCN(CCC)S(=O)(=O)C1=CC=C(C=C1)C(O)=O
DB01035,['CYP2D6'],Procainamide,"InChI=1S/C13H21N3O/c1-3-16(4-2)10-9-15-13(17)11-5-7-12(14)8-6-11/h5-8H,3-4,9-10,14H2,1-2H3,(H,15,17)",CCN(CC)CCNC(=O)C1=CC=C(N)C=C1
DB01036,"['CYP2C9', 'CYP2C19', 'CYP2D6', 'CYP3A4']",Tolterodine,"InChI=1S/C22H31NO/c1-16(2)23(17(3)4)14-13-20(19-9-7-6-8-10-19)21-15-18(5)11-12-22(21)24/h6-12,15-17,20,24H,13-14H2,1-5H3/t20-/m1/s1",CC(C)N(CC[C@H](C1=CC=CC=C1)C1=C(O)C=CC(C)=C1)C(C)C
DB01037,"['CYP2B6', 'CYP3A4', 'CYP2A6', 'CYP1A2', 'CYP2C19', 'CYP2C8', 'CYP2C9', 'CYP2D6']",Selegiline,"InChI=1S/C13H17N/c1-4-10-14(3)12(2)11-13-8-6-5-7-9-13/h1,5-9,12H,10-11H2,2-3H3/t12-/m1/s1",C[C@H](CC1=CC=CC=C1)N(C)CC#C
DB01039,"['CYP2C8', 'CYP2C19', 'CYP2A6', 'CYP2C9']",Fenofibrate,"InChI=1S/C20H21ClO4/c1-13(2)24-19(23)20(3,4)25-17-11-7-15(8-12-17)18(22)14-5-9-16(21)10-6-14/h5-13H,1-4H3",CC(C)OC(=O)C(C)(C)OC1=CC=C(C=C1)C(=O)C1=CC=C(Cl)C=C1
DB01041,"['CYP1A1', 'CYP2B6', 'CYP2C9', 'CYP3A4', 'CYP2C19', 'CYP3A5']",Thalidomide,"InChI=1S/C13H10N2O4/c16-10-6-5-9(11(17)14-10)15-12(18)7-3-1-2-4-8(7)13(15)19/h1-4,9H,5-6H2,(H,14,16,17)",O=C1N(C2CCC(=O)NC2=O)C(=O)C2=CC=CC=C12
DB01043,"['CYP2A6', 'CYP2C19', 'CYP2B6']",Memantine,"InChI=1S/C12H21N/c1-10-3-9-4-11(2,6-10)8-12(13,5-9)7-10/h9H,3-8,13H2,1-2H3",CC12CC3CC(C)(C1)CC(N)(C3)C2
DB01044,['CYP1A2'],Gatifloxacin,"InChI=1S/C19H22FN3O4/c1-10-8-22(6-5-21-10)16-14(20)7-12-15(18(16)27-2)23(11-3-4-11)9-13(17(12)24)19(25)26/h7,9-11,21H,3-6,8H2,1-2H3,(H,25,26)",COC1=C2N(C=C(C(O)=O)C(=O)C2=CC(F)=C1N1CCNC(C)C1)C1CC1
DB01045,"['CYP1A2', 'CYP2B6', 'CYP2C8', 'CYP2C9', 'CYP2C19', 'CYP3A4', 'CYP3A7', 'CYP3A43', 'CYP3A5', 'CYP2A6', 'CYP2E1']",Rifampin,"InChI=1S/C43H58N4O12/c1-21-12-11-13-22(2)42(55)45-33-28(20-44-47-17-15-46(9)16-18-47)37(52)30-31(38(33)53)36(51)26(6)40-32(30)41(54)43(8,59-40)57-19-14-29(56-10)23(3)39(58-27(7)48)25(5)35(50)24(4)34(21)49/h11-14,19-21,23-25,29,34-35,39,49-53H,15-18H2,1-10H3,(H,45,55)/b12-11+,19-14+,22-13-,44-20+/t21-,23+,24+,25+,29-,34-,35+,39+,43-/m0/s1",CO[C@H]1\C=C\O[C@@]2(C)OC3=C(C2=O)C2=C(O)C(\C=N\N4CCN(C)CC4)=C(NC(=O)\C(C)=C/C=C/[C@H](C)[C@H](O)[C@@H](C)[C@@H](O)[C@@H](C)[C@H](OC(C)=O)[C@@H]1C)C(O)=C2C(O)=C3C
DB01047,"['CYP3A4', 'CYP3A5']",Fluocinonide,"InChI=1S/C26H32F2O7/c1-13(29)33-12-20(32)26-21(34-22(2,3)35-26)10-15-16-9-18(27)17-8-14(30)6-7-23(17,4)25(16,28)19(31)11-24(15,26)5/h6-8,15-16,18-19,21,31H,9-12H2,1-5H3/t15-,16-,18-,19-,21+,23-,24-,25-,26+/m0/s1",[H][C@@]12C[C@@]3([H])[C@]4([H])C[C@H](F)C5=CC(=O)C=C[C@]5(C)[C@@]4(F)[C@@H](O)C[C@]3(C)[C@@]1(OC(C)(C)O2)C(=O)COC(C)=O
DB01050,"['CYP2C9', 'CYP2C8', 'CYP2C19', 'CYP3A4']",Ibuprofen,"InChI=1S/C13H18O2/c1-9(2)8-11-4-6-12(7-5-11)10(3)13(14)15/h4-7,9-10H,8H2,1-3H3,(H,14,15)",CC(C)CC1=CC=C(C=C1)C(C)C(O)=O
DB01054,"['CYP3A4', 'CYP3A5', 'CYP3A7']",Nitrendipine,"InChI=1S/C18H20N2O6/c1-5-26-18(22)15-11(3)19-10(2)14(17(21)25-4)16(15)12-7-6-8-13(9-12)20(23)24/h6-9,16,19H,5H2,1-4H3",CCOC(=O)C1=C(C)NC(C)=C(C1C1=CC(=CC=C1)[N+]([O-])=O)C(=O)OC
DB01056,['CYP1A2'],Tocainide,"InChI=1S/C11H16N2O/c1-7-5-4-6-8(2)10(7)13-11(14)9(3)12/h4-6,9H,12H2,1-3H3,(H,13,14)",CC(N)C(=O)NC1=C(C)C=CC=C1C
DB01058,"['CYP1A2', 'CYP2C19', 'CYP3A4', 'CYP3A5']",Praziquantel,"InChI=1S/C19H24N2O2/c22-18-13-20(19(23)15-7-2-1-3-8-15)12-17-16-9-5-4-6-14(16)10-11-21(17)18/h4-6,9,15,17H,1-3,7-8,10-13H2",O=C(C1CCCCC1)N1CC2N(CCC3=CC=CC=C23)C(=O)C1
DB01059,"['CYP1A2', 'CYP1A1', 'CYP3A4', 'CYP3A7']",Norfloxacin,"InChI=1S/C16H18FN3O3/c1-2-19-9-11(16(22)23)15(21)10-7-12(17)14(8-13(10)19)20-5-3-18-4-6-20/h7-9,18H,2-6H2,1H3,(H,22,23)",CCN1C=C(C(O)=O)C(=O)C2=CC(F)=C(C=C12)N1CCNCC1
DB01060,['CYP2C8'],Amoxicillin,"InChI=1S/C16H19N3O5S/c1-16(2)11(15(23)24)19-13(22)10(14(19)25-16)18-12(21)9(17)7-3-5-8(20)6-4-7/h3-6,9-11,14,20H,17H2,1-2H3,(H,18,21)(H,23,24)/t9-,10-,11+,14-/m1/s1",[H][C@]12SC(C)(C)[C@@H](N1C(=O)[C@H]2NC(=O)[C@H](N)C1=CC=C(O)C=C1)C(O)=O
DB01062,"['CYP3A4', 'CYP2C8', 'CYP2D6', 'CYP3A5']",Oxybutynin,"InChI=1S/C22H31NO3/c1-3-23(4-2)17-11-12-18-26-21(24)22(25,19-13-7-5-8-14-19)20-15-9-6-10-16-20/h5,7-8,13-14,20,25H,3-4,6,9-10,15-18H2,1-2H3",CCN(CC)CC#CCOC(=O)C(O)(C1CCCCC1)C1=CC=CC=C1
DB01064,['CYP1A1'],Isoprenaline,"InChI=1S/C11H17NO3/c1-7(2)12-6-11(15)8-3-4-9(13)10(14)5-8/h3-5,7,11-15H,6H2,1-2H3",CC(C)NCC(O)C1=CC(O)=C(O)C=C1
DB01065,"['CYP1A1', 'CYP1A2', 'CYP2C19', 'CYP2C9']",Melatonin,"InChI=1S/C13H16N2O2/c1-9(16)14-6-5-10-8-15-13-4-3-11(17-2)7-12(10)13/h3-4,7-8,15H,5-6H2,1-2H3,(H,14,16)",COC1=CC2=C(NC=C2CCNC(C)=O)C=C1
DB01067,['CYP2C9'],Glipizide,"InChI=1S/C21H27N5O4S/c1-15-13-24-19(14-23-15)20(27)22-12-11-16-7-9-18(10-8-16)31(29,30)26-21(28)25-17-5-3-2-4-6-17/h7-10,13-14,17H,2-6,11-12H2,1H3,(H,22,27)(H2,25,26,28)",CC1=NC=C(N=C1)C(=O)NCCC1=CC=C(C=C1)S(=O)(=O)NC(=O)NC1CCCCC1
DB01068,"['CYP2E1', 'CYP3A4']",Clonazepam,"InChI=1S/C15H10ClN3O3/c16-12-4-2-1-3-10(12)15-11-7-9(19(21)22)5-6-13(11)18-14(20)8-17-15/h1-7H,8H2,(H,18,20)",[O-][N+](=O)C1=CC2=C(NC(=O)CN=C2C2=CC=CC=C2Cl)C=C1
DB01069,"['CYP2C9', 'CYP2D6', 'CYP2B6']",Promethazine,"InChI=1S/C17H20N2S/c1-13(18(2)3)12-19-14-8-4-6-10-16(14)20-17-11-7-5-9-15(17)19/h4-11,13H,12H2,1-3H3",CC(CN1C2=CC=CC=C2SC2=CC=CC=C12)N(C)C
DB01071,"['CYP3A4', 'CYP2D6']",Mequitazine,"InChI=1S/C20H22N2S/c1-3-7-19-17(5-1)22(18-6-2-4-8-20(18)23-19)14-16-13-21-11-9-15(16)10-12-21/h1-8,15-16H,9-14H2",C(C1CN2CCC1CC2)N1C2=CC=CC=C2SC2=CC=CC=C12
DB01072,"['CYP3A4', 'CYP2C9', 'CYP2C8', 'CYP1A2', 'CYP3A5', 'CYP3A7']",Atazanavir,"InChI=1S/C38H52N6O7/c1-37(2,3)31(41-35(48)50-7)33(46)40-29(22-25-14-10-9-11-15-25)30(45)24-44(43-34(47)32(38(4,5)6)42-36(49)51-8)23-26-17-19-27(20-18-26)28-16-12-13-21-39-28/h9-21,29-32,45H,22-24H2,1-8H3,(H,40,46)(H,41,48)(H,42,49)(H,43,47)/t29-,30-,31+,32+/m0/s1",COC(=O)N[C@H](C(=O)N[C@@H](CC1=CC=CC=C1)[C@@H](O)CN(CC1=CC=C(C=C1)C1=CC=CC=N1)NC(=O)[C@@H](NC(=O)OC)C(C)(C)C)C(C)(C)C
DB01074,"['CYP2B6', 'CYP3A4', 'CYP2D6']",Perhexiline,"InChI=1S/C19H35N/c1-3-9-16(10-4-1)19(17-11-5-2-6-12-17)15-18-13-7-8-14-20-18/h16-20H,1-15H2",C(C(C1CCCCC1)C1CCCCC1)C1CCCCN1
DB01075,"['CYP2D6', 'CYP2C9', 'CYP2C19']",Diphenhydramine,"InChI=1S/C17H21NO/c1-18(2)13-14-19-17(15-9-5-3-6-10-15)16-11-7-4-8-12-16/h3-12,17H,13-14H2,1-2H3",CN(C)CCOC(C1=CC=CC=C1)C1=CC=CC=C1
DB01076,"['CYP3A4', 'CYP3A5', 'CYP3A7', 'CYP2C8', 'CYP2D6', 'CYP2C9', 'CYP2C19', 'CYP2B6']",Atorvastatin,"InChI=1S/C33H35FN2O5/c1-21(2)31-30(33(41)35-25-11-7-4-8-12-25)29(22-9-5-3-6-10-22)32(23-13-15-24(34)16-14-23)36(31)18-17-26(37)19-27(38)20-28(39)40/h3-16,21,26-27,37-38H,17-20H2,1-2H3,(H,35,41)(H,39,40)/t26-,27-/m1/s1",CC(C)C1=C(C(=O)NC2=CC=CC=C2)C(=C(N1CC[C@@H](O)C[C@@H](O)CC(O)=O)C1=CC=C(F)C=C1)C1=CC=CC=C1
DB01079,"['CYP1A2', 'CYP2C8', 'CYP2D6', 'CYP2E1']",Tegaserod,"InChI=1S/C16H23N5O/c1-3-4-5-8-18-16(17)21-20-11-12-10-19-15-7-6-13(22-2)9-14(12)15/h6-7,9-11,19H,3-5,8H2,1-2H3,(H3,17,18,21)/b20-11+",CCCCCNC(=N)N\N=C\C1=CNC2=C1C=C(OC)C=C2
DB01080,['CYP2C9'],Vigabatrin,"InChI=1S/C6H11NO2/c1-2-5(7)3-4-6(8)9/h2,5H,1,3-4,7H2,(H,8,9)",NC(CCC(O)=O)C=C
DB01083,['CYP3A4'],Orlistat,"InChI=1S/C29H53NO5/c1-5-7-9-11-12-13-14-15-16-18-24(34-29(33)26(30-22-31)20-23(3)4)21-27-25(28(32)35-27)19-17-10-8-6-2/h22-27H,5-21H2,1-4H3,(H,30,31)/t24-,25-,26-,27-/m0/s1",CCCCCCCCCCC[C@@H](C[C@@H]1OC(=O)[C@H]1CCCCCC)OC(=O)[C@H](CC(C)C)NC=O
DB01085,"['CYP3A4', 'CYP2A6']",Pilocarpine,"InChI=1S/C11H16N2O2/c1-3-10-8(6-15-11(10)14)4-9-5-12-7-13(9)2/h5,7-8,10H,3-4,6H2,1-2H3/t8-,10-/m0/s1",CC[C@H]1[C@@H](CC2=CN=CN2C)COC1=O
DB01086,"['CYP1A2', 'CYP2B6', 'CYP2C19', 'CYP2D6', 'CYP2E1']",Benzocaine,"InChI=1S/C9H11NO2/c1-2-12-9(11)7-3-5-8(10)6-4-7/h3-6H,2,10H2,1H3",CCOC(=O)C1=CC=C(N)C=C1
DB01087,"['CYP3A4', 'CYP1A2', 'CYP2D6', 'CYP1A1']",Primaquine,"InChI=1S/C15H21N3O/c1-11(5-3-7-16)18-14-10-13(19-2)9-12-6-4-8-17-15(12)14/h4,6,8-11,18H,3,5,7,16H2,1-2H3",COC1=CC(NC(C)CCCN)=C2N=CC=CC2=C1
DB01093,"['CYP2C19', 'CYP2D6', 'CYP3A4']",Dimethyl sulfoxide,InChI=1S/C2H6OS/c1-4(2)3/h1-2H3,CS(C)=O
DB01094,['CYP1A2'],Hesperetin,"InChI=1S/C16H14O6/c1-21-13-3-2-8(4-10(13)18)14-7-12(20)16-11(19)5-9(17)6-15(16)22-14/h2-6,14,17-19H,7H2,1H3/t14-/m0/s1",COC1=C(O)C=C(C=C1)[C@@H]1CC(=O)C2=C(O)C=C(O)C=C2O1
DB01095,"['CYP1A1', 'CYP3A4', 'CYP3A5', 'CYP2C8', 'CYP2C9', 'CYP2C19', 'CYP2D6', 'CYP2B6']",Fluvastatin,"InChI=1S/C24H26FNO4/c1-15(2)26-21-6-4-3-5-20(21)24(16-7-9-17(25)10-8-16)22(26)12-11-18(27)13-19(28)14-23(29)30/h3-12,15,18-19,27-28H,13-14H2,1-2H3,(H,29,30)/b12-11+",CC(C)N1C(\C=C\C(O)CC(O)CC(O)=O)=C(C2=CC=CC=C12)C1=CC=C(F)C=C1
DB01096,['CYP2D6'],Oxamniquine,"InChI=1S/C14H21N3O3/c1-9(2)15-7-12-4-3-10-5-11(8-18)14(17(19)20)6-13(10)16-12/h5-6,9,12,15-16,18H,3-4,7-8H2,1-2H3",CC(C)NCC1CCC2=CC(CO)=C(C=C2N1)[N+]([O-])=O
DB01097,"['CYP2C9', 'CYP1A2']",Leflunomide,"InChI=1S/C12H9F3N2O2/c1-7-10(6-16-19-7)11(18)17-9-4-2-8(3-5-9)12(13,14)15/h2-6H,1H3,(H,17,18)",CC1=C(C=NO1)C(=O)NC1=CC=C(C=C1)C(F)(F)F
DB01098,['CYP2C9'],Rosuvastatin,"InChI=1S/C22H28FN3O6S/c1-13(2)20-18(10-9-16(27)11-17(28)12-19(29)30)21(14-5-7-15(23)8-6-14)25-22(24-20)26(3)33(4,31)32/h5-10,13,16-17,27-28H,11-12H2,1-4H3,(H,29,30)/b10-9+/t16-,17-/m1/s1",CC(C)C1=NC(=NC(C2=CC=C(F)C=C2)=C1\C=C\[C@@H](O)C[C@@H](O)CC(=O)O)N(C)S(C)(=O)=O
DB01100,"['CYP2D6', 'CYP3A4', 'CYP1A2', 'CYP3A5', 'CYP3A7']",Pimozide,"InChI=1S/C28H29F2N3O/c29-22-11-7-20(8-12-22)25(21-9-13-23(30)14-10-21)4-3-17-32-18-15-24(16-19-32)33-27-6-2-1-5-26(27)31-28(33)34/h1-2,5-14,24-25H,3-4,15-19H2,(H,31,34)",FC1=CC=C(C=C1)C(CCCN1CCC(CC1)N1C(=O)NC2=CC=CC=C12)C1=CC=C(F)C=C1
DB01101,['CYP2C9'],Capecitabine,"InChI=1S/C15H22FN3O6/c1-3-4-5-6-24-15(23)18-12-9(16)7-19(14(22)17-12)13-11(21)10(20)8(2)25-13/h7-8,10-11,13,20-21H,3-6H2,1-2H3,(H,17,18,22,23)/t8-,10-,11-,13-/m1/s1",CCCCCOC(=O)NC1=NC(=O)N(C=C1F)[C@@H]1O[C@H](C)[C@@H](O)[C@H]1O
DB01103,"['CYP3A4', 'CYP3A5']",Quinacrine,"InChI=1S/C23H30ClN3O/c1-5-27(6-2)13-7-8-16(3)25-23-19-11-9-17(24)14-22(19)26-21-12-10-18(28-4)15-20(21)23/h9-12,14-16H,5-8,13H2,1-4H3,(H,25,26)",CCN(CC)CCCC(C)NC1=C2C=C(OC)C=CC2=NC2=C1C=CC(Cl)=C2
DB01104,"['CYP3A4', 'CYP2D6', 'CYP2C19', 'CYP2C9', 'CYP2B6', 'CYP2E1']",Sertraline,"InChI=1S/C17H17Cl2N/c1-20-17-9-7-12(13-4-2-3-5-14(13)17)11-6-8-15(18)16(19)10-11/h2-6,8,10,12,17,20H,7,9H2,1H3/t12-,17-/m0/s1",CN[C@H]1CC[C@@H](C2=CC(Cl)=C(Cl)C=C2)C2=CC=CC=C12
DB01105,['CYP3A4'],Sibutramine,"InChI=1S/C17H26ClN/c1-13(2)12-16(19(3)4)17(10-5-11-17)14-6-8-15(18)9-7-14/h6-9,13,16H,5,10-12H2,1-4H3",CC(C)CC(N(C)C)C1(CCC1)C1=CC=C(Cl)C=C1
DB01110,"['CYP2C9', 'CYP2C19', 'CYP2A6', 'CYP2E1', 'CYP3A4', 'CYP2B6', 'CYP2D6', 'CYP2C8']",Miconazole,"InChI=1S/C18H14Cl4N2O/c19-13-2-1-12(16(21)7-13)10-25-18(9-24-6-5-23-11-24)15-4-3-14(20)8-17(15)22/h1-8,11,18H,9-10H2",ClC1=CC(Cl)=C(COC(CN2C=CN=C2)C2=C(Cl)C=C(Cl)C=C2)C=C1
DB01114,"['CYP3A4', 'CYP2D6', 'CYP3A5', 'CYP3A7']",Chlorpheniramine,"InChI=1S/C16H19ClN2/c1-19(2)12-10-15(16-5-3-4-11-18-16)13-6-8-14(17)9-7-13/h3-9,11,15H,10,12H2,1-2H3",CN(C)CCC(C1=CC=C(Cl)C=C1)C1=CC=CC=N1
DB01115,"['CYP3A4', 'CYP2D6', 'CYP1A2', 'CYP2A6', 'CYP2C8', 'CYP1A1', 'CYP2B6', 'CYP2E1', 'CYP2C9', 'CYP3A5']",Nifedipine,"InChI=1S/C17H18N2O6/c1-9-13(16(20)24-3)15(14(10(2)18-9)17(21)25-4)11-7-5-6-8-12(11)19(22)23/h5-8,15,18H,1-4H3",COC(=O)C1=C(C)NC(C)=C(C1C1=CC=CC=C1[N+]([O-])=O)C(=O)OC
DB01117,"['CYP2C9', 'CYP3A4']",Atovaquone,"InChI=1S/C22H19ClO3/c23-16-11-9-14(10-12-16)13-5-7-15(8-6-13)19-20(24)17-3-1-2-4-18(17)21(25)22(19)26/h1-4,9-13,15,26H,5-8H2/t13-,15-",OC1=C([C@H]2CC[C@@H](CC2)C2=CC=C(Cl)C=C2)C(=O)C2=CC=CC=C2C1=O
DB01118,"['CYP3A4', 'CYP2C8', 'CYP2D6', 'CYP2C9', 'CYP1A2', 'CYP2C19', 'CYP1A1', 'CYP2A6']",Amiodarone,"InChI=1S/C25H29I2NO3/c1-4-7-11-22-23(18-10-8-9-12-21(18)31-22)24(29)17-15-19(26)25(20(27)16-17)30-14-13-28(5-2)6-3/h8-10,12,15-16H,4-7,11,13-14H2,1-3H3",CCCCC1=C(C(=O)C2=CC(I)=C(OCCN(CC)CC)C(I)=C2)C2=C(O1)C=CC=C2
DB01120,"['CYP2C9', 'CYP2C19']",Gliclazide,"InChI=1S/C15H21N3O3S/c1-11-5-7-14(8-6-11)22(20,21)17-15(19)16-18-9-12-3-2-4-13(12)10-18/h5-8,12-13H,2-4,9-10H2,1H3,(H2,16,17,19)/t12-,13+",[H][C@@]12CCC[C@]1([H])CN(C2)NC(=O)NS(=O)(=O)C1=CC=C(C)C=C1
DB01124,"['CYP2C9', 'CYP2C8', 'CYP2C19']",Tolbutamide,"InChI=1S/C12H18N2O3S/c1-3-4-9-13-12(15)14-18(16,17)11-7-5-10(2)6-8-11/h5-8H,3-4,9H2,1-2H3,(H2,13,14,15)",CCCCNC(=O)NS(=O)(=O)C1=CC=C(C)C=C1
DB01126,['CYP3A5'],Dutasteride,"InChI=1S/C27H30F6N2O2/c1-24-11-9-17-15(4-8-21-25(17,2)12-10-22(36)35-21)16(24)6-7-19(24)23(37)34-20-13-14(26(28,29)30)3-5-18(20)27(31,32)33/h3,5,10,12-13,15-17,19,21H,4,6-9,11H2,1-2H3,(H,34,37)(H,35,36)/t15-,16-,17-,19+,21+,24-,25+/m0/s1",[H][C@@]1(CC[C@@]2([H])[C@]3([H])CC[C@@]4([H])NC(=O)C=C[C@]4(C)[C@@]3([H])CC[C@]12C)C(=O)NC1=CC(=CC=C1C(F)(F)F)C(F)(F)F
DB01127,"['CYP2E1', 'CYP3A4']",Econazole,"InChI=1S/C18H15Cl3N2O/c19-14-3-1-13(2-4-14)11-24-18(10-23-8-7-22-12-23)16-6-5-15(20)9-17(16)21/h1-9,12,18H,10-11H2",ClC1=CC=C(COC(CN2C=CN=C2)C2=C(Cl)C=C(Cl)C=C2)C=C1
DB01128,"['CYP2C19', 'CYP2C9', 'CYP2D6', 'CYP3A4']",Bicalutamide,"InChI=1S/C18H14F4N2O4S/c1-17(26,10-29(27,28)14-6-3-12(19)4-7-14)16(25)24-13-5-2-11(9-23)15(8-13)18(20,21)22/h2-8,26H,10H2,1H3,(H,24,25)",CC(O)(CS(=O)(=O)C1=CC=C(F)C=C1)C(=O)NC1=CC(=C(C=C1)C#N)C(F)(F)F
DB01129,"['CYP1A1', 'CYP1A2', 'CYP2C9', 'CYP2D6', 'CYP2C8', 'CYP3A4', 'CYP2C19']",Rabeprazole,"InChI=1S/C18H21N3O3S/c1-13-16(19-9-8-17(13)24-11-5-10-23-2)12-25(22)18-20-14-6-3-4-7-15(14)21-18/h3-4,6-9H,5,10-12H2,1-2H3,(H,20,21)",COCCCOC1=C(C)C(CS(=O)C2=NC3=CC=CC=C3N2)=NC=C1
DB01130,['CYP3A4'],Prednicarbate,"InChI=1S/C27H36O8/c1-5-22(31)34-15-21(30)27(35-24(32)33-6-2)12-10-19-18-8-7-16-13-17(28)9-11-25(16,3)23(18)20(29)14-26(19,27)4/h9,11,13,18-20,23,29H,5-8,10,12,14-15H2,1-4H3/t18-,19-,20-,23+,25-,26-,27-/m0/s1",[H][C@@]12CC[C@](OC(=O)OCC)(C(=O)COC(=O)CC)[C@@]1(C)C[C@H](O)[C@@]1([H])[C@@]2([H])CCC2=CC(=O)C=C[C@]12C
DB01131,"['CYP2C9', 'CYP2C19', 'CYP2D6']",Proguanil,"InChI=1S/C11H16ClN5/c1-7(2)15-10(13)17-11(14)16-9-5-3-8(12)4-6-9/h3-7H,1-2H3,(H5,13,14,15,16,17)",CC(C)NC(=N)NC(=N)NC1=CC=C(Cl)C=C1
DB01132,"['CYP1A1', 'CYP2C8', 'CYP3A4']",Pioglitazone,"InChI=1S/C19H20N2O3S/c1-2-13-3-6-15(20-12-13)9-10-24-16-7-4-14(5-8-16)11-17-18(22)21-19(23)25-17/h3-8,12,17H,2,9-11H2,1H3,(H,21,22,23)",CCC1=CN=C(CCOC2=CC=C(CC3SC(=O)NC3=O)C=C2)C=C1
DB01134,['CYP3A4'],Desoxycorticosterone pivalate,"InChI=1S/C26H38O4/c1-24(2,3)23(29)30-15-22(28)21-9-8-19-18-7-6-16-14-17(27)10-12-25(16,4)20(18)11-13-26(19,21)5/h14,18-21H,6-13,15H2,1-5H3/t18-,19-,20-,21+,25-,26-/m0/s1",[H][C@@]1(CC[C@@]2([H])[C@]3([H])CCC4=CC(=O)CC[C@]4(C)[C@@]3([H])CC[C@]12C)C(=O)COC(=O)C(C)(C)C
DB01136,"['CYP1A2', 'CYP3A4', 'CYP1A1', 'CYP2E1', 'CYP2C9', 'CYP2D6']",Carvedilol,"InChI=1S/C24H26N2O4/c1-28-21-10-4-5-11-22(21)29-14-13-25-15-17(27)16-30-23-12-6-9-20-24(23)18-7-2-3-8-19(18)26-20/h2-12,17,25-27H,13-16H2,1H3",COC1=CC=CC=C1OCCNCC(O)COC1=CC=CC2=C1C1=CC=CC=C1N2
DB01137,['CYP2C9'],Levofloxacin,"InChI=1S/C18H20FN3O4/c1-10-9-26-17-14-11(16(23)12(18(24)25)8-22(10)14)7-13(19)15(17)21-5-3-20(2)4-6-21/h7-8,10H,3-6,9H2,1-2H3,(H,24,25)/t10-/m0/s1",C[C@H]1COC2=C3N1C=C(C(O)=O)C(=O)C3=CC(F)=C2N1CCN(C)CC1
DB01138,"['CYP2C9', 'CYP3A4', 'CYP2B6', 'CYP2C8']",Sulfinpyrazone,"InChI=1S/C23H20N2O3S/c26-22-21(16-17-29(28)20-14-8-3-9-15-20)23(27)25(19-12-6-2-7-13-19)24(22)18-10-4-1-5-11-18/h1-15,21H,16-17H2",O=C1C(CCS(=O)C2=CC=CC=C2)C(=O)N(N1C1=CC=CC=C1)C1=CC=CC=C1
DB01142,"['CYP3A4', 'CYP2D6', 'CYP2C19', 'CYP2C9', 'CYP1A2']",Doxepin,"InChI=1S/C19H21NO/c1-20(2)13-7-11-17-16-9-4-3-8-15(16)14-21-19-12-6-5-10-18(17)19/h3-6,8-12H,7,13-14H2,1-2H3",[H]C(CCN(C)C)=C1C2=CC=CC=C2COC2=CC=CC=C12
DB01149,"['CYP3A4', 'CYP3A43', 'CYP3A5', 'CYP3A7', 'CYP3A4', 'CYP2D6']",Nefazodone,"InChI=1S/C25H32ClN5O2/c1-2-24-27-31(25(32)30(24)18-19-33-23-10-4-3-5-11-23)13-7-12-28-14-16-29(17-15-28)22-9-6-8-21(26)20-22/h3-6,8-11,20H,2,7,12-19H2,1H3",CCC1=NN(CCCN2CCN(CC2)C2=CC(Cl)=CC=C2)C(=O)N1CCOC1=CC=CC=C1
DB01151,"['CYP2D6', 'CYP1A2', 'CYP3A4', 'CYP2B6', 'CYP2E1']",Desipramine,"InChI=1S/C18H22N2/c1-19-13-6-14-20-17-9-4-2-7-15(17)11-12-16-8-3-5-10-18(16)20/h2-5,7-10,19H,6,11-14H2,1H3",CNCCCN1C2=CC=CC=C2CCC2=CC=CC=C12
DB01152,['CYP3A4'],Candicidin,"InChI=1S/C59H84N2O18/c1-35-18-15-13-11-9-7-5-6-8-10-12-14-16-21-47(78-59-56(74)54(61)55(73)38(4)77-59)33-51(71)53(58(75)76)50(70)31-46(67)30-45(66)29-44(65)28-43(64)27-41(62)19-17-20-42(63)32-52(72)79-57(35)37(3)26-36(2)48(68)34-49(69)39-22-24-40(60)25-23-39/h5-16,18,21-25,35-38,43-45,47-48,50-51,53-57,59,64-66,68,70-71,73-74H,17,19-20,26-34,60-61H2,1-4H3,(H,75,76)/b6-5+,9-7+,10-8+,13-11+,14-12+,18-15+,21-16+/t35?,36?,37?,38-,43?,44?,45?,47?,48?,50?,51?,53?,54+,55-,56+,57?,59?/m1/s1",CC(CC(C)C1OC(=O)CC(=O)CCCC(=O)CC(O)CC(O)CC(O)CC(=O)CC(O)C(C(O)CC(OC2O[C@H](C)[C@@H](O)[C@H](N)[C@@H]2O)\C=C\C=C\C=C\C=C\C=C\C=C\C=C\C1C)C(O)=O)C(O)CC(=O)C1=CC=C(N)C=C1
DB01154,"['CYP2C9', 'CYP3A4', 'CYP2E1']",Thiamylal,"InChI=1S/C12H18N2O2S/c1-4-6-8(3)12(7-5-2)9(15)13-11(17)14-10(12)16/h5,8H,2,4,6-7H2,1,3H3,(H2,13,14,15,16,17)",CCCC(C)C1(CC=C)C(=O)NC(=S)NC1=O
DB01155,['CYP1A2'],Gemifloxacin,"InChI=1S/C18H20FN5O4/c1-28-22-14-8-23(6-9(14)5-20)17-13(19)4-11-15(25)12(18(26)27)7-24(10-2-3-10)16(11)21-17/h4,7,9-10H,2-3,5-6,8,20H2,1H3,(H,26,27)/b22-14+",CO\N=C1/CN(CC1CN)C1=NC2=C(C=C1F)C(=O)C(=CN2C1CC1)C(O)=O
DB01156,"['CYP2C9', 'CYP2E1', 'CYP2B6', 'CYP2D6']",Bupropion,"InChI=1S/C13H18ClNO/c1-9(15-13(2,3)4)12(16)10-6-5-7-11(14)8-10/h5-9,15H,1-4H3",CC(NC(C)(C)C)C(=O)C1=CC(Cl)=CC=C1
DB01159,"['CYP2E1', 'CYP3A4', 'CYP2A6', 'CYP2B6', 'CYP2C9']",Halothane,"InChI=1S/C2HBrClF3/c3-1(4)2(5,6)7/h1H",[H]C(Cl)(Br)C(F)(F)F
DB01165,['CYP1A2'],Ofloxacin,"InChI=1S/C18H20FN3O4/c1-10-9-26-17-14-11(16(23)12(18(24)25)8-22(10)14)7-13(19)15(17)21-5-3-20(2)4-6-21/h7-8,10H,3-6,9H2,1-2H3,(H,24,25)",CC1COC2=C3N1C=C(C(O)=O)C(=O)C3=CC(F)=C2N1CCN(C)CC1
DB01166,"['CYP1A2', 'CYP2D6', 'CYP2C19', 'CYP3A4', 'CYP3A5', 'CYP3A7']",Cilostazol,"InChI=1S/C20H27N5O2/c26-20-12-9-15-14-17(10-11-18(15)21-20)27-13-5-4-8-19-22-23-24-25(19)16-6-2-1-3-7-16/h10-11,14,16H,1-9,12-13H2,(H,21,26)",O=C1CCC2=C(N1)C=CC(OCCCCC1=NN=NN1C1CCCCC1)=C2
DB01167,"['CYP3A4', 'CYP3A5', 'CYP3A7', 'CYP3A4', 'CYP3A43', 'CYP3A5', 'CYP3A7', 'CYP2B6', 'CYP1A1', 'CYP2E1']",Itraconazole,"InChI=1S/C35H38Cl2N8O4/c1-3-25(2)45-34(46)44(24-40-45)29-7-5-27(6-8-29)41-14-16-42(17-15-41)28-9-11-30(12-10-28)47-19-31-20-48-35(49-31,21-43-23-38-22-39-43)32-13-4-26(36)18-33(32)37/h4-13,18,22-25,31H,3,14-17,19-21H2,1-2H3/t25?,31-,35-/m0/s1",CCC(C)N1N=CN(C1=O)C1=CC=C(C=C1)N1CCN(CC1)C1=CC=C(OC[C@H]2CO[C@@](CN3C=NC=N3)(O2)C2=C(Cl)C=C(Cl)C=C2)C=C1
DB01169,['CYP3A4'],Arsenic trioxide,InChI=1S/As2O3/c3-1-5-2-4,O=[As]O[As]=O
DB01171,"['CYP2C9', 'CYP2C19', 'CYP2D6']",Moclobemide,"InChI=1S/C13H17ClN2O2/c14-12-3-1-11(2-4-12)13(17)15-5-6-16-7-9-18-10-8-16/h1-4H,5-10H2,(H,15,17)",ClC1=CC=C(C=C1)C(=O)NCCN1CCOCC1
DB01173,"['CYP2B6', 'CYP3A4', 'CYP2E1', 'CYP1A2', 'CYP2D6']",Orphenadrine,"InChI=1S/C18H23NO/c1-15-9-7-8-12-17(15)18(20-14-13-19(2)3)16-10-5-4-6-11-16/h4-12,18H,13-14H2,1-3H3",CN(C)CCOC(C1=CC=CC=C1)C1=CC=CC=C1C
DB01174,"['CYP2C19', 'CYP2C9', 'CYP2E1', 'CYP2B6', 'CYP2C8', 'CYP3A4', 'CYP1A2', 'CYP3A5', 'CYP1A1', 'CYP3A7', 'CYP2A6']",Phenobarbital,"InChI=1S/C12H12N2O3/c1-2-12(8-6-4-3-5-7-8)9(15)13-11(17)14-10(12)16/h3-7H,2H2,1H3,(H2,13,14,15,16,17)",CCC1(C(=O)NC(=O)NC1=O)C1=CC=CC=C1
DB01175,"['CYP3A4', 'CYP2D6', 'CYP2C19']",Escitalopram,"InChI=1S/C20H21FN2O/c1-23(2)11-3-10-20(17-5-7-18(21)8-6-17)19-9-4-15(13-22)12-16(19)14-24-20/h4-9,12H,3,10-11,14H2,1-2H3/t20-/m0/s1",CN(C)CCC[C@]1(OCC2=C1C=CC(=C2)C#N)C1=CC=C(F)C=C1
DB01176,['CYP2C9'],Cyclizine,"InChI=1S/C18H22N2/c1-19-12-14-20(15-13-19)18(16-8-4-2-5-9-16)17-10-6-3-7-11-17/h2-11,18H,12-15H2,1H3",CN1CCN(CC1)C(C1=CC=CC=C1)C1=CC=CC=C1
DB01177,"['CYP2C9', 'CYP2D6']",Idarubicin,"InChI=1S/C26H27NO9/c1-10-21(29)15(27)7-17(35-10)36-16-9-26(34,11(2)28)8-14-18(16)25(33)20-19(24(14)32)22(30)12-5-3-4-6-13(12)23(20)31/h3-6,10,15-17,21,29,32-34H,7-9,27H2,1-2H3/t10-,15-,16-,17-,21+,26-/m0/s1",C[C@@H]1O[C@H](C[C@H](N)[C@@H]1O)O[C@H]1C[C@@](O)(CC2=C1C(O)=C1C(=O)C3=CC=CC=C3C(=O)C1=C2O)C(C)=O
DB01181,"['CYP2B6', 'CYP3A4', 'CYP3A5', 'CYP2C19', 'CYP2C9', 'CYP2C8', 'CYP2A6']",Ifosfamide,"InChI=1S/C7H15Cl2N2O2P/c8-2-4-10-14(12)11(6-3-9)5-1-7-13-14/h1-7H2,(H,10,12)",ClCCNP1(=O)OCCCN1CCCl
DB01182,"['CYP2D6', 'CYP3A4', 'CYP1A2']",Propafenone,"InChI=1S/C21H27NO3/c1-2-14-22-15-18(23)16-25-21-11-7-6-10-19(21)20(24)13-12-17-8-4-3-5-9-17/h3-11,18,22-23H,2,12-16H2,1H3",CCCNCC(O)COC1=C(C=CC=C1)C(=O)CCC1=CC=CC=C1
DB01183,"['CYP3A4', 'CYP2C19']",Naloxone,"InChI=1S/C19H21NO4/c1-2-8-20-9-7-18-15-11-3-4-12(21)16(15)24-17(18)13(22)5-6-19(18,23)14(20)10-11/h2-4,14,17,21,23H,1,5-10H2/t14-,17+,18+,19-/m1/s1",OC1=CC=C2C[C@H]3N(CC=C)CC[C@@]45[C@@H](OC1=C24)C(=O)CC[C@@]35O
DB01184,"['CYP1A2', 'CYP2B6', 'CYP2C8', 'CYP2D6', 'CYP3A4', 'CYP3A5', 'CYP3A7']",Domperidone,"InChI=1S/C22H24ClN5O2/c23-15-6-7-20-18(14-15)25-22(30)28(20)16-8-12-26(13-9-16)10-3-11-27-19-5-2-1-4-17(19)24-21(27)29/h1-2,4-7,14,16H,3,8-13H2,(H,24,29)(H,25,30)",ClC1=CC2=C(C=C1)N(C1CCN(CCCN3C(=O)NC4=CC=CC=C34)CC1)C(=O)N2
DB01186,['CYP3A4'],Pergolide,"InChI=1S/C19H26N2S/c1-3-7-21-11-13(12-22-2)8-16-15-5-4-6-17-19(15)14(10-20-17)9-18(16)21/h4-6,10,13,16,18,20H,3,7-9,11-12H2,1-2H3/t13-,16-,18-/m1/s1",[H][C@@]12CC3=CNC4=CC=CC(=C34)[C@@]1([H])C[C@@H](CSC)CN2CCC
DB01189,['CYP2E1'],Desflurane,"InChI=1S/C3H2F6O/c4-1(3(7,8)9)10-2(5)6/h1-2H",FC(F)OC(F)C(F)(F)F
DB01190,"['CYP3A5', 'CYP3A4']",Clindamycin,"InChI=1S/C18H33ClN2O5S/c1-5-6-10-7-11(21(3)8-10)17(25)20-12(9(2)19)16-14(23)13(22)15(24)18(26-16)27-4/h9-16,18,22-24H,5-8H2,1-4H3,(H,20,25)/t9-,10+,11-,12+,13-,14+,15+,16+,18+/m0/s1",[H][C@@](NC(=O)[C@@H]1C[C@@H](CCC)CN1C)([C@H](C)Cl)[C@@]1([H])O[C@H](SC)[C@H](O)[C@@H](O)[C@H]1O
DB01191,"['CYP1A2', 'CYP2E1', 'CYP2D6']",Dexfenfluramine,"InChI=1S/C12H16F3N/c1-3-16-9(2)7-10-5-4-6-11(8-10)12(13,14)15/h4-6,8-9,16H,3,7H2,1-2H3/t9-/m0/s1",CCN[C@@H](C)CC1=CC=CC(=C1)C(F)(F)F
DB01192,"['CYP3A4', 'CYP2D6']",Oxymorphone,"InChI=1S/C17H19NO4/c1-18-7-6-16-13-9-2-3-10(19)14(13)22-15(16)11(20)4-5-17(16,21)12(18)8-9/h2-3,12,15,19,21H,4-8H2,1H3/t12-,15+,16+,17-/m1/s1",[H][C@@]12OC3=C(O)C=CC4=C3[C@@]11CCN(C)[C@]([H])(C4)[C@]1(O)CCC2=O
DB01193,['CYP2D6'],Acebutolol,"InChI=1S/C18H28N2O4/c1-5-6-18(23)20-14-7-8-17(16(9-14)13(4)21)24-11-15(22)10-19-12(2)3/h7-9,12,15,19,22H,5-6,10-11H2,1-4H3,(H,20,23)",CCCC(=O)NC1=CC=C(OCC(O)CNC(C)C)C(=C1)C(C)=O
DB01194,"['CYP3A4', 'CYP2A6', 'CYP2B6', 'CYP2C8', 'CYP2C9']",Brinzolamide,"InChI=1S/C12H21N3O5S3/c1-3-14-10-8-15(5-4-6-20-2)23(18,19)12-9(10)7-11(21-12)22(13,16)17/h7,10,14H,3-6,8H2,1-2H3,(H2,13,16,17)/t10-/m0/s1",CCN[C@H]1CN(CCCOC)S(=O)(=O)C2=C1C=C(S2)S(N)(=O)=O
DB01195,"['CYP2D6', 'CYP1A2', 'CYP2C9']",Flecainide,"InChI=1S/C17H20F6N2O3/c18-16(19,20)9-27-12-4-5-14(28-10-17(21,22)23)13(7-12)15(26)25-8-11-3-1-2-6-24-11/h4-5,7,11,24H,1-3,6,8-10H2,(H,25,26)",FC(F)(F)COC1=CC(C(=O)NCC2CCCCN2)=C(OCC(F)(F)F)C=C1
DB01196,['CYP3A4'],Estramustine,"InChI=1S/C23H31Cl2NO3/c1-23-9-8-18-17-5-3-16(29-22(28)26(12-10-24)13-11-25)14-15(17)2-4-19(18)20(23)6-7-21(23)27/h3,5,14,18-21,27H,2,4,6-13H2,1H3/t18-,19-,20+,21+,23+/m1/s1",[H][C@@]12CC[C@H](O)[C@@]1(C)CC[C@]1([H])C3=CC=C(OC(=O)N(CCCl)CCCl)C=C3CC[C@@]21[H]
DB01198,"['CYP3A4', 'CYP2C8', 'CYP2C9']",Zopiclone,"InChI=1S/C17H17ClN6O3/c1-22-6-8-23(9-7-22)17(26)27-16-14-13(19-4-5-20-14)15(25)24(16)12-3-2-11(18)10-21-12/h2-5,10,16H,6-9H2,1H3",CN1CCN(CC1)C(=O)OC1N(C(=O)C2=NC=CN=C12)C1=NC=C(Cl)C=C1
DB01200,['CYP3A4'],Bromocriptine,"InChI=1S/C32H40BrN5O5/c1-16(2)12-24-29(40)37-11-7-10-25(37)32(42)38(24)30(41)31(43-32,17(3)4)35-28(39)18-13-20-19-8-6-9-22-26(19)21(27(33)34-22)14-23(20)36(5)15-18/h6,8-9,13,16-18,23-25,34,42H,7,10-12,14-15H2,1-5H3,(H,35,39)/t18-,23-,24+,25+,31-,32+/m1/s1",[H][C@@]12CCCN1C(=O)[C@H](CC(C)C)N1C(=O)[C@](NC(=O)[C@H]3CN(C)[C@]4([H])CC5=C(Br)NC6=CC=CC(=C56)C4=C3)(O[C@@]21O)C(C)C
DB01201,"['CYP2C19', 'CYP2B6', 'CYP3A4', 'CYP3A43', 'CYP3A5', 'CYP3A7', 'CYP2C8', 'CYP2C9', 'CYP3A4']",Rifapentine,"InChI=1S/C47H64N4O12/c1-24-13-12-14-25(2)46(59)49-37-32(23-48-51-20-18-50(19-21-51)31-15-10-11-16-31)41(56)34-35(42(37)57)40(55)29(6)44-36(34)45(58)47(8,63-44)61-22-17-33(60-9)26(3)43(62-30(7)52)28(5)39(54)27(4)38(24)53/h12-14,17,22-24,26-28,31,33,38-39,43,53-57H,10-11,15-16,18-21H2,1-9H3,(H,49,59)/b13-12+,22-17+,25-14-,48-23+/t24-,26+,27+,28+,33-,38-,39+,43+,47-/m0/s1",CO[C@H]1\C=C\O[C@@]2(C)OC3=C(C2=O)C2=C(C(O)=C3C)C(O)=C(NC(=O)\C(C)=C/C=C/[C@H](C)[C@H](O)[C@@H](C)[C@@H](O)[C@@H](C)[C@H](OC(C)=O)[C@@H]1C)C(\C=N\N1CCN(CC1)C1CCCC1)=C2O
DB01204,"['CYP3A4', 'CYP2E1']",Mitoxantrone,"InChI=1S/C22H28N4O6/c27-11-9-23-5-7-25-13-1-2-14(26-8-6-24-10-12-28)18-17(13)21(31)19-15(29)3-4-16(30)20(19)22(18)32/h1-4,23-30H,5-12H2",OCCNCCNC1=CC=C(NCCNCCO)C2=C1C(=O)C1=C(C(O)=CC=C1O)C2=O
DB01206,"['CYP2D6', 'CYP3A4']",Lomustine,"InChI=1S/C9H16ClN3O2/c10-6-7-13(12-15)9(14)11-8-4-2-1-3-5-8/h8H,1-7H2,(H,11,14)",ClCCN(N=O)C(=O)NC1CCCCC1
DB01208,['CYP1A2'],Sparfloxacin,"InChI=1S/C19H22F2N4O3/c1-8-5-24(6-9(2)23-8)17-13(20)15(22)12-16(14(17)21)25(10-3-4-10)7-11(18(12)26)19(27)28/h7-10,23H,3-6,22H2,1-2H3,(H,27,28)/t8-,9+",C[C@H]1CN(C[C@@H](C)N1)C1=C(F)C(N)=C2C(=O)C(=CN(C3CC3)C2=C1F)C(O)=O
DB01210,['CYP2D6'],Levobunolol,"InChI=1S/C17H25NO3/c1-17(2,3)18-10-12(19)11-21-16-9-5-6-13-14(16)7-4-8-15(13)20/h5-6,9,12,18-19H,4,7-8,10-11H2,1-3H3/t12-/m0/s1",CC(C)(C)NC[C@H](O)COC1=CC=CC2=C1CCCC2=O
DB01211,"['CYP3A4', 'CYP3A5']",Clarithromycin,"InChI=1S/C38H69NO13/c1-15-26-38(10,45)31(42)21(4)28(40)19(2)17-37(9,47-14)33(52-35-29(41)25(39(11)12)16-20(3)48-35)22(5)30(23(6)34(44)50-26)51-27-18-36(8,46-13)32(43)24(7)49-27/h19-27,29-33,35,41-43,45H,15-18H2,1-14H3/t19-,20-,21+,22+,23-,24+,25+,26-,27+,29-,30+,31-,32+,33-,35+,36-,37-,38-/m1/s1",[H][C@@]1(C[C@@](C)(OC)[C@@H](O)[C@H](C)O1)O[C@H]1[C@H](C)[C@@H](O[C@]2([H])O[C@H](C)C[C@@H]([C@H]2O)N(C)C)[C@@](C)(C[C@@H](C)C(=O)[C@H](C)[C@@H](O)[C@](C)(O)[C@@H](CC)OC(=O)[C@@H]1C)OC
DB01213,"['CYP2A6', 'CYP2E1']",Fomepizole,"InChI=1S/C4H6N2/c1-4-2-5-6-3-4/h2-3H,1H3,(H,5,6)",CC1=CNN=C1
DB01214,['CYP2D6'],Metipranolol,"InChI=1S/C17H27NO4/c1-10(2)18-8-15(20)9-21-16-7-11(3)17(22-14(6)19)13(5)12(16)4/h7,10,15,18,20H,8-9H2,1-6H3",CC(C)NCC(O)COC1=C(C)C(C)=C(OC(C)=O)C(C)=C1
DB01215,['CYP3A4'],Estazolam,"InChI=1S/C16H11ClN4/c17-12-6-7-14-13(8-12)16(11-4-2-1-3-5-11)18-9-15-20-19-10-21(14)15/h1-8,10H,9H2",ClC1=CC2=C(C=C1)N1C=NN=C1CN=C2C1=CC=CC=C1
DB01216,"['CYP3A4', 'CYP3A5', 'CYP3A7']",Finasteride,"InChI=1S/C23H36N2O2/c1-21(2,3)25-20(27)17-8-7-15-14-6-9-18-23(5,13-11-19(26)24-18)16(14)10-12-22(15,17)4/h11,13-18H,6-10,12H2,1-5H3,(H,24,26)(H,25,27)/t14-,15-,16-,17+,18+,22-,23+/m0/s1",[H][C@@]12CC[C@H](C(=O)NC(C)(C)C)[C@@]1(C)CC[C@@]1([H])[C@@]2([H])CC[C@@]2([H])NC(=O)C=C[C@]12C
DB01217,"['CYP3A4', 'CYP3A5', 'CYP2C8', 'CYP1A2', 'CYP2C9']",Anastrozole,"InChI=1S/C17H19N5/c1-16(2,9-18)14-5-13(8-22-12-20-11-21-22)6-15(7-14)17(3,4)10-19/h5-7,11-12H,8H2,1-4H3",CC(C)(C#N)C1=CC(=CC(CN2C=NC=N2)=C1)C(C)(C)C#N
DB01218,"['CYP2D6', 'CYP3A4', 'CYP3A5', 'CYP2C8']",Halofantrine,"InChI=1S/C26H30Cl2F3NO/c1-3-5-10-32(11-6-4-2)12-9-25(33)23-16-22-21(14-18(27)15-24(22)28)20-13-17(26(29,30)31)7-8-19(20)23/h7-8,13-16,25,33H,3-6,9-12H2,1-2H3",CCCCN(CCCC)CCC(O)C1=C2C=CC(=CC2=C2C=C(Cl)C=C(Cl)C2=C1)C(F)(F)F
DB01220,"['CYP3A4', 'CYP2C19', 'CYP2C8']",Rifaximin,"InChI=1S/C43H51N3O11/c1-19-14-16-46-28(18-19)44-32-29-30-37(50)25(7)40-31(29)41(52)43(9,57-40)55-17-15-27(54-10)22(4)39(56-26(8)47)24(6)36(49)23(5)35(48)20(2)12-11-13-21(3)42(53)45-33(34(32)46)38(30)51/h11-18,20,22-24,27,35-36,39,48-51H,1-10H3,(H,45,53)/b12-11+,17-15+,21-13-/t20-,22+,23+,24+,27-,35-,36+,39+,43-/m0/s1",CO[C@H]1\C=C\O[C@@]2(C)OC3=C(C)C(O)=C4C(O)=C(NC(=O)\C(C)=C/C=C/[C@H](C)[C@H](O)[C@@H](C)[C@@H](O)[C@@H](C)[C@H](OC(C)=O)[C@@H]1C)C1=C(N=C5C=C(C)C=CN15)C4=C3C2=O
DB01221,"['CYP2C8', 'CYP2B6', 'CYP2C9', 'CYP3A4']",Ketamine,"InChI=1S/C13H16ClNO/c1-15-13(9-5-4-8-12(13)16)10-6-2-3-7-11(10)14/h2-3,6-7,15H,4-5,8-9H2,1H3",CNC1(CCCCC1=O)C1=CC=CC=C1Cl
DB01222,"['CYP3A5', 'CYP3A4', 'CYP3A43', 'CYP3A5', 'CYP3A7', 'CYP2A6', 'CYP2B6', 'CYP2C8', 'CYP2C9', 'CYP2C19', 'CYP3A4']",Budesonide,"InChI=1S/C25H34O6/c1-4-5-21-30-20-11-17-16-7-6-14-10-15(27)8-9-23(14,2)22(16)18(28)12-24(17,3)25(20,31-21)19(29)13-26/h8-10,16-18,20-22,26,28H,4-7,11-13H2,1-3H3/t16-,17-,18-,20+,21?,22+,23-,24-,25+/m0/s1",[H][C@@]12C[C@H]3OC(CCC)O[C@@]3(C(=O)CO)[C@@]1(C)C[C@H](O)[C@@]1([H])[C@@]2([H])CCC2=CC(=O)C=C[C@]12C
DB01223,"['CYP2E1', 'CYP3A4', 'CYP1A2']",Aminophylline,"InChI=1S/2C7H8N4O2.C2H8N2/c2*1-10-5-4(8-3-9-5)6(12)11(2)7(10)13;3-1-2-4/h2*3H,1-2H3,(H,8,9);1-4H2",NCCN.CN1C2=C(NC=N2)C(=O)N(C)C1=O.CN1C2=C(NC=N2)C(=O)N(C)C1=O
DB01224,"['CYP2C19', 'CYP2D6', 'CYP3A7', 'CYP3A4', 'CYP3A5']",Quetiapine,"InChI=1S/C21H25N3O2S/c25-14-16-26-15-13-23-9-11-24(12-10-23)21-17-5-1-3-7-19(17)27-20-8-4-2-6-18(20)22-21/h1-8,25H,9-16H2",OCCOCCN1CCN(CC1)C1=NC2=CC=CC=C2SC2=CC=CC=C12
DB01227,"['CYP3A4', 'CYP3A7']",Levacetylmethadol,"InChI=1S/C23H31NO2/c1-6-22(26-19(3)25)23(17-18(2)24(4)5,20-13-9-7-10-14-20)21-15-11-8-12-16-21/h7-16,18,22H,6,17H2,1-5H3/t18-,22-/m0/s1",CC[C@H](OC(C)=O)C(C[C@H](C)N(C)C)(C1=CC=CC=C1)C1=CC=CC=C1
DB01228,['CYP2D6'],Encainide,"InChI=1S/C22H28N2O2/c1-24-16-6-5-8-19(24)13-10-17-7-3-4-9-21(17)23-22(25)18-11-14-20(26-2)15-12-18/h3-4,7,9,11-12,14-15,19H,5-6,8,10,13,16H2,1-2H3,(H,23,25)",COC1=CC=C(C=C1)C(=O)NC1=CC=CC=C1CCC1CCCCN1C
DB01229,"['CYP3A4', 'CYP3A5', 'CYP3A7', 'CYP2C8']",Paclitaxel,"InChI=1S/C47H51NO14/c1-25-31(60-43(56)36(52)35(28-16-10-7-11-17-28)48-41(54)29-18-12-8-13-19-29)23-47(57)40(61-42(55)30-20-14-9-15-21-30)38-45(6,32(51)22-33-46(38,24-58-33)62-27(3)50)39(53)37(59-26(2)49)34(25)44(47,4)5/h7-21,31-33,35-38,40,51-52,57H,22-24H2,1-6H3,(H,48,54)/t31-,32-,33+,35-,36+,37+,38-,40-,45+,46-,47+/m0/s1",[H][C@]12[C@H](OC(=O)C3=CC=CC=C3)[C@]3(O)C[C@H](OC(=O)[C@H](O)[C@@H](NC(=O)C4=CC=CC=C4)C4=CC=CC=C4)C(C)=C([C@@H](OC(C)=O)C(=O)[C@]1(C)[C@@H](O)C[C@H]1OC[C@@]21OC(C)=O)C3(C)C
DB01232,"['CYP2C8', 'CYP2D6', 'CYP3A4', 'CYP3A5', 'CYP3A7']",Saquinavir,"InChI=1S/C38H50N6O5/c1-38(2,3)43-37(49)32-20-26-14-7-8-15-27(26)22-44(32)23-33(45)30(19-24-11-5-4-6-12-24)41-36(48)31(21-34(39)46)42-35(47)29-18-17-25-13-9-10-16-28(25)40-29/h4-6,9-13,16-18,26-27,30-33,45H,7-8,14-15,19-23H2,1-3H3,(H2,39,46)(H,41,48)(H,42,47)(H,43,49)/t26-,27+,30-,31-,32-,33+/m0/s1",[H][C@@]12CCCC[C@]1([H])CN(C[C@@H](O)[C@H](CC1=CC=CC=C1)NC(=O)[C@H](CC(N)=O)NC(=O)C1=NC3=C(C=CC=C3)C=C1)[C@@H](C2)C(=O)NC(C)(C)C
DB01233,"['CYP3A4', 'CYP1A2', 'CYP2D6']",Metoclopramide,"InChI=1S/C14H22ClN3O2/c1-4-18(5-2)7-6-17-14(19)10-8-11(15)12(16)9-13(10)20-3/h8-9H,4-7,16H2,1-3H3,(H,17,19)",CCN(CC)CCNC(=O)C1=CC(Cl)=C(N)C=C1OC
DB01234,"['CYP3A4', 'CYP3A5', 'CYP3A7', 'CYP1A1', 'CYP2A6', 'CYP2B6', 'CYP2C19', 'CYP2C8', 'CYP2E1', 'CYP3A43']",Dexamethasone,"InChI=1S/C22H29FO5/c1-12-8-16-15-5-4-13-9-14(25)6-7-19(13,2)21(15,23)17(26)10-20(16,3)22(12,28)18(27)11-24/h6-7,9,12,15-17,24,26,28H,4-5,8,10-11H2,1-3H3/t12-,15+,16+,17+,19+,20+,21+,22+/m1/s1",[H][C@@]12C[C@@H](C)[C@](O)(C(=O)CO)[C@@]1(C)C[C@H](O)[C@@]1(F)[C@@]2([H])CCC2=CC(=O)C=C[C@]12C
DB01236,"['CYP2B6', 'CYP2E1', 'CYP2A6', 'CYP3A4']",Sevoflurane,"InChI=1S/C4H3F7O/c5-1-12-2(3(6,7)8)4(9,10)11/h2H,1H2",FCOC(C(F)(F)F)C(F)(F)F
DB01238,"['CYP3A4', 'CYP3A7', 'CYP3A5', 'CYP2D6']",Aripiprazole,"InChI=1S/C23H27Cl2N3O2/c24-19-4-3-5-21(23(19)25)28-13-11-27(12-14-28)10-1-2-15-30-18-8-6-17-7-9-22(29)26-20(17)16-18/h3-6,8,16H,1-2,7,9-15H2,(H,26,29)",ClC1=CC=CC(N2CCN(CCCCOC3=CC4=C(CCC(=O)N4)C=C3)CC2)=C1Cl
DB01241,"['CYP2C8', 'CYP2C19', 'CYP2C9', 'CYP1A2', 'CYP3A4']",Gemfibrozil,"InChI=1S/C15H22O3/c1-11-6-7-12(2)13(10-11)18-9-5-8-15(3,4)14(16)17/h6-7,10H,5,8-9H2,1-4H3,(H,16,17)",CC1=CC(OCCCC(C)(C)C(O)=O)=C(C)C=C1
DB01242,"['CYP2D6', 'CYP2C19', 'CYP1A2', 'CYP3A4']",Clomipramine,"InChI=1S/C19H23ClN2/c1-21(2)12-5-13-22-18-7-4-3-6-15(18)8-9-16-10-11-17(20)14-19(16)22/h3-4,6-7,10-11,14H,5,8-9,12-13H2,1-2H3",CN(C)CCCN1C2=CC=CC=C2CCC2=C1C=C(Cl)C=C2
DB01244,"['CYP2D6', 'CYP3A4']",Bepridil,"InChI=1S/C24H34N2O/c1-21(2)19-27-20-24(25-15-9-10-16-25)18-26(23-13-7-4-8-14-23)17-22-11-5-3-6-12-22/h3-8,11-14,21,24H,9-10,15-20H2,1-2H3",CC(C)COCC(CN(CC1=CC=CC=C1)C1=CC=CC=C1)N1CCCC1
DB01248,"['CYP3A4', 'CYP3A5', 'CYP3A7']",Docetaxel,"InChI=1S/C43H53NO14/c1-22-26(55-37(51)32(48)30(24-15-11-9-12-16-24)44-38(52)58-39(3,4)5)20-43(53)35(56-36(50)25-17-13-10-14-18-25)33-41(8,34(49)31(47)29(22)40(43,6)7)27(46)19-28-42(33,21-54-28)57-23(2)45/h9-18,26-28,30-33,35,46-48,53H,19-21H2,1-8H3,(H,44,52)/t26-,27-,28+,30-,31+,32+,33-,35-,41+,42-,43+/m0/s1",[H][C@@]1(C[C@@]2(O)[C@@H](OC(=O)C3=CC=CC=C3)[C@]3([H])[C@@]4(CO[C@@H]4C[C@H](O)[C@@]3(C)C(=O)[C@H](O)C(=C1C)C2(C)C)OC(C)=O)OC(=O)[C@H](O)[C@@H](NC(=O)OC(C)(C)C)C1=CC=CC=C1
DB01251,['CYP2C9'],Gliquidone,"InChI=1S/C27H33N3O6S/c1-27(2)23-14-11-20(36-3)17-22(23)24(31)30(25(27)32)16-15-18-9-12-21(13-10-18)37(34,35)29-26(33)28-19-7-5-4-6-8-19/h9-14,17,19H,4-8,15-16H2,1-3H3,(H2,28,29,33)",COC1=CC2=C(C=C1)C(C)(C)C(=O)N(CCC1=CC=C(C=C1)S(=O)(=O)NC(=O)NC1CCCCC1)C2=O
DB01253,['CYP3A4'],Ergometrine,"InChI=1S/C19H23N3O2/c1-11(10-23)21-19(24)13-6-15-14-4-3-5-16-18(14)12(8-20-16)7-17(15)22(2)9-13/h3-6,8,11,13,17,20,23H,7,9-10H2,1-2H3,(H,21,24)/t11-,13+,17+/m0/s1",[H][C@@]12CC3=CNC4=CC=CC(=C34)C1=C[C@H](CN2C)C(=O)N[C@@H](C)CO
DB01254,"['CYP1A1', 'CYP1A2', 'CYP3A5', 'CYP3A4']",Dasatinib,"InChI=1S/C22H26ClN7O2S/c1-14-4-3-5-16(23)20(14)28-21(32)17-13-24-22(33-17)27-18-12-19(26-15(2)25-18)30-8-6-29(7-9-30)10-11-31/h3-5,12-13,31H,6-11H2,1-2H3,(H,28,32)(H,24,25,26,27)",CC1=NC(NC2=NC=C(S2)C(=O)NC2=C(C)C=CC=C2Cl)=CC(=N1)N1CCN(CCO)CC1
DB01256,['CYP3A4'],Retapamulin,"InChI=1S/C30H47NO4S/c1-7-28(4)16-24(35-25(33)17-36-22-14-20-8-9-21(15-22)31(20)6)29(5)18(2)10-12-30(19(3)27(28)34)13-11-23(32)26(29)30/h7,18-22,24,26-27,34H,1,8-17H2,2-6H3/t18-,19+,20-,21+,22-,24-,26+,27+,28-,29+,30+/m1/s1",[H][C@@]12C(=O)CC[C@]11CC[C@@H](C)[C@@]2(C)[C@@H](C[C@@](C)(C=C)[C@@H](O)[C@@H]1C)OC(=O)CS[C@H]1C[C@@H]2CC[C@H](C1)N2C
DB01259,"['CYP3A4', 'CYP3A5', 'CYP2C8', 'CYP2C19']",Lapatinib,"InChI=1S/C29H26ClFN4O4S/c1-40(36,37)12-11-32-16-23-7-10-27(39-23)20-5-8-26-24(14-20)29(34-18-33-26)35-22-6-9-28(25(30)15-22)38-17-19-3-2-4-21(31)13-19/h2-10,13-15,18,32H,11-12,16-17H2,1H3,(H,33,34,35)",CS(=O)(=O)CCNCC1=CC=C(O1)C1=CC2=C(C=C1)N=CN=C2NC1=CC(Cl)=C(OCC2=CC(F)=CC=C2)C=C1
DB01260,['CYP3A4'],Desonide,"InChI=1S/C24H32O6/c1-21(2)29-19-10-16-15-6-5-13-9-14(26)7-8-22(13,3)20(15)17(27)11-23(16,4)24(19,30-21)18(28)12-25/h7-9,15-17,19-20,25,27H,5-6,10-12H2,1-4H3/t15-,16-,17-,19+,20+,22-,23-,24+/m0/s1",[H][C@@]12C[C@H]3OC(C)(C)O[C@@]3(C(=O)CO)[C@@]1(C)C[C@H](O)[C@@]1([H])[C@@]2([H])CCC2=CC(=O)C=C[C@]12C
DB01261,"['CYP3A4', 'CYP2C8']",Sitagliptin,"InChI=1S/C16H15F6N5O/c17-10-6-12(19)11(18)4-8(10)3-9(23)5-14(28)26-1-2-27-13(7-26)24-25-15(27)16(20,21)22/h4,6,9H,1-3,5,7,23H2/t9-/m1/s1",N[C@@H](CC(=O)N1CCN2C(C1)=NN=C2C(F)(F)F)CC1=CC(F)=C(F)C=C1F
DB01263,['CYP3A4'],Posaconazole,"InChI=1S/C37H42F2N8O4/c1-3-35(26(2)48)47-36(49)46(25-42-47)31-7-5-29(6-8-31)43-14-16-44(17-15-43)30-9-11-32(12-10-30)50-20-27-19-37(51-21-27,22-45-24-40-23-41-45)33-13-4-28(38)18-34(33)39/h4-13,18,23-27,35,48H,3,14-17,19-22H2,1-2H3/t26-,27+,35-,37-/m0/s1",CC[C@@H]([C@H](C)O)N1N=CN(C1=O)C1=CC=C(C=C1)N1CCN(CC1)C1=CC=C(OC[C@@H]2CO[C@](CN3C=NC=N3)(C2)C2=C(F)C=C(F)C=C2)C=C1
DB01264,"['CYP2D6', 'CYP3A4']",Darunavir,"InChI=1S/C27H37N3O7S/c1-18(2)15-30(38(33,34)21-10-8-20(28)9-11-21)16-24(31)23(14-19-6-4-3-5-7-19)29-27(32)37-25-17-36-26-22(25)12-13-35-26/h3-11,18,22-26,31H,12-17,28H2,1-2H3,(H,29,32)/t22-,23-,24+,25-,26+/m0/s1",[H][C@@]12CCO[C@]1([H])OC[C@@H]2OC(=O)N[C@@H](CC1=CC=CC=C1)[C@H](O)CN(CC(C)C)S(=O)(=O)C1=CC=C(N)C=C1
DB01267,"['CYP3A4', 'CYP2D6', 'CYP3A5']",Paliperidone,"InChI=1S/C23H27FN4O3/c1-14-17(23(30)28-9-2-3-19(29)22(28)25-14)8-12-27-10-6-15(7-11-27)21-18-5-4-16(24)13-20(18)31-26-21/h4-5,13,15,19,29H,2-3,6-12H2,1H3",CC1=C(CCN2CCC(CC2)C2=NOC3=C2C=CC(F)=C3)C(=O)N2CCCC(O)C2=N1
DB01268,"['CYP3A4', 'CYP3A5', 'CYP3A7']",Sunitinib,"InChI=1S/C22H27FN4O2/c1-5-27(6-2)10-9-24-22(29)20-13(3)19(25-14(20)4)12-17-16-11-15(23)7-8-18(16)26-21(17)28/h7-8,11-12,25H,5-6,9-10H2,1-4H3,(H,24,29)(H,26,28)/b17-12-",CCN(CC)CCNC(=O)C1=C(C)NC(\C=C2/C(=O)NC3=C2C=C(F)C=C3)=C1C
DB01274,"['CYP2D6', 'CYP2C19', 'CYP2C9', 'CYP2A6']",Arformoterol,"InChI=1S/C19H24N2O4/c1-13(9-14-3-6-16(25-2)7-4-14)20-11-19(24)15-5-8-18(23)17(10-15)21-12-22/h3-8,10,12-13,19-20,23-24H,9,11H2,1-2H3,(H,21,22)/t13-,19+/m1/s1",COC1=CC=C(C[C@@H](C)NC[C@H](O)C2=CC(NC=O)=C(O)C=C2)C=C1
DB01275,['CYP3A4'],Hydralazine,"InChI=1S/C8H8N4/c9-11-8-7-4-2-1-3-6(7)5-10-12-8/h1-5H,9H2,(H,11,12)",NNC1=NN=CC2=CC=CC=C12
DB01283,"['CYP2C19', 'CYP1A2', 'CYP2C9']",Lumiracoxib,"InChI=1S/C15H13ClFNO2/c1-9-5-6-13(10(7-9)8-14(19)20)18-15-11(16)3-2-4-12(15)17/h2-7,18H,8H2,1H3,(H,19,20)",CC1=CC=C(NC2=C(Cl)C=CC=C2F)C(CC(O)=O)=C1
DB01289,['CYP2C9'],Glisoxepide,"InChI=1S/C20H27N5O5S/c1-15-14-18(23-30-15)19(26)21-11-10-16-6-8-17(9-7-16)31(28,29)24-20(27)22-25-12-4-2-3-5-13-25/h6-9,14H,2-5,10-13H2,1H3,(H,21,26)(H2,22,24,27)",CC1=CC(=NO1)C(=O)NCCC1=CC=C(C=C1)S(=O)(=O)NC(=O)NN1CCCCCC1
DB01295,['CYP2D6'],Bevantolol,"InChI=1S/C20H27NO4/c1-15-5-4-6-18(11-15)25-14-17(22)13-21-10-9-16-7-8-19(23-2)20(12-16)24-3/h4-8,11-12,17,21-22H,9-10,13-14H2,1-3H3",COC1=C(OC)C=C(CCNCC(O)COC2=CC=CC(C)=C2)C=C1
DB01297,['CYP2D6'],Practolol,"InChI=1S/C14H22N2O3/c1-10(2)15-8-13(18)9-19-14-6-4-12(5-7-14)16-11(3)17/h4-7,10,13,15,18H,8-9H2,1-3H3,(H,16,17)",CC(C)NCC(O)COC1=CC=C(NC(C)=O)C=C1
DB01303,['CYP1A2'],Oxtriphylline,"InChI=1S/C7H8N4O2.C5H14NO/c1-10-5-4(8-3-9-5)6(12)11(2)7(10)13;1-6(2,3)4-5-7/h3H,1-2H3,(H,8,9,12);7H,4-5H2,1-3H3/q;+1/p-1",C[N+](C)(C)CCO.CN1C2=C([N-]C=N2)C(=O)N(C)C1=O
DB01319,['CYP3A4'],Fosamprenavir,"InChI=1S/C25H36N3O9PS/c1-18(2)15-28(39(33,34)22-10-8-20(26)9-11-22)16-24(37-38(30,31)32)23(14-19-6-4-3-5-7-19)27-25(29)36-21-12-13-35-17-21/h3-11,18,21,23-24H,12-17,26H2,1-2H3,(H,27,29)(H2,30,31,32)/t21-,23-,24+/m0/s1",CC(C)CN(C[C@@H](OP(O)(O)=O)[C@H](CC1=CC=CC=C1)NC(=O)O[C@H]1CCOC1)S(=O)(=O)C1=CC=C(N)C=C1
DB01320,"['CYP1A2', 'CYP2C19', 'CYP2B6', 'CYP2C9', 'CYP3A4']",Fosphenytoin,"InChI=1S/C16H15N2O6P/c19-14-16(12-7-3-1-4-8-12,13-9-5-2-6-10-13)17-15(20)18(14)11-24-25(21,22)23/h1-10H,11H2,(H,17,20)(H2,21,22,23)",OP(O)(=O)OCN1C(=O)NC(C1=O)(C1=CC=CC=C1)C1=CC=CC=C1
DB01333,['CYP3A4'],Cefradine,"InChI=1S/C16H19N3O4S/c1-8-7-24-15-11(14(21)19(15)12(8)16(22)23)18-13(20)10(17)9-5-3-2-4-6-9/h2-3,6,10-11,15H,4-5,7,17H2,1H3,(H,18,20)(H,22,23)/t10-,11-,15-/m1/s1",[H][C@]12SCC(C)=C(N1C(=O)[C@H]2NC(=O)[C@H](N)C1=CCC=CC1)C(O)=O
DB01349,['CYP3A4'],Tasosartan,"InChI=1S/C23H21N7O/c1-14-18-11-12-21(31)30(23(18)25-15(2)24-14)13-16-7-9-17(10-8-16)19-5-3-4-6-20(19)22-26-28-29-27-22/h3-10H,11-13H2,1-2H3,(H,26,27,28,29)",CC1=NC(C)=C2CCC(=O)N(CC3=CC=C(C=C3)C3=CC=CC=C3C3=NNN=N3)C2=N1
DB01352,['CYP3A4'],Aprobarbital,"InChI=1S/C10H14N2O3/c1-4-5-10(6(2)3)7(13)11-9(15)12-8(10)14/h4,6H,1,5H2,2-3H3,(H2,11,12,13,14,15)",CC(C)C1(CC=C)C(=O)NC(=O)NC1=O
DB01355,"['CYP2C19', 'CYP2C9']",Hexobarbital,"InChI=1S/C12H16N2O3/c1-12(8-6-4-3-5-7-8)9(15)13-11(17)14(2)10(12)16/h6H,3-5,7H2,1-2H3,(H,13,15,17)",CN1C(=O)NC(=O)C(C)(C1=O)C1=CCCCC1
DB01357,"['CYP3A4', 'CYP2C8', 'CYP2C9']",Mestranol,"InChI=1S/C21H26O2/c1-4-21(22)12-10-19-18-7-5-14-13-15(23-3)6-8-16(14)17(18)9-11-20(19,21)2/h1,6,8,13,17-19,22H,5,7,9-12H2,2-3H3/t17-,18-,19+,20+,21+/m1/s1",[H][C@@]12CC[C@@](O)(C#C)[C@@]1(C)CC[C@]1([H])C3=C(CC[C@@]21[H])C=C(OC)C=C3
DB01359,['CYP2D6'],Penbutolol,"InChI=1S/C18H29NO2/c1-18(2,3)19-12-15(20)13-21-17-11-7-6-10-16(17)14-8-4-5-9-14/h6-7,10-11,14-15,19-20H,4-5,8-9,12-13H2,1-3H3/t15-/m0/s1",CC(C)(C)NC[C@H](O)COC1=CC=CC=C1C1CCCC1
DB01367,['CYP1A2'],Rasagiline,"InChI=1S/C12H13N/c1-2-9-13-12-8-7-10-5-3-4-6-11(10)12/h1,3-6,12-13H,7-9H2/t12-/m1/s1",C#CCN[C@@H]1CCC2=CC=CC=C12
DB01369,['CYP3A4'],Quinupristin,"InChI=1S/C53H67N9O10S/c1-6-37-50(68)61-23-11-14-38(61)51(69)59(5)40(26-32-16-18-36(19-17-32)58(3)4)52(70)62-28-35(30-73-43-29-60-24-20-33(43)21-25-60)42(64)27-39(62)47(65)57-45(34-12-8-7-9-13-34)53(71)72-31(2)44(48(66)55-37)56-49(67)46-41(63)15-10-22-54-46/h7-10,12-13,15-19,22,31,33,35,37-40,43-45,63H,6,11,14,20-21,23-30H2,1-5H3,(H,55,66)(H,56,67)(H,57,65)/t31-,35+,37-,38+,39+,40+,43-,44+,45+/m1/s1",[H][C@@]12CCCN1C(=O)[C@@H](CC)NC(=O)[C@@H](NC(=O)C1=NC=CC=C1O)[C@@H](C)OC(=O)[C@@H](NC(=O)[C@]1([H])CC(=O)[C@]([H])(CS[C@@H]3CN4CCC3CC4)CN1C(=O)[C@H](CC1=CC=C(C=C1)N(C)C)N(C)C2=O)C1=CC=CC=C1
DB01380,"['CYP3A4', 'CYP3A5']",Cortisone acetate,"InChI=1S/C23H30O6/c1-13(24)29-12-19(27)23(28)9-7-17-16-5-4-14-10-15(25)6-8-21(14,2)20(16)18(26)11-22(17,23)3/h10,16-17,20,28H,4-9,11-12H2,1-3H3/t16-,17-,20+,21-,22-,23-/m0/s1",[H][C@@]12CC[C@](O)(C(=O)COC(C)=O)[C@@]1(C)CC(=O)[C@@]1([H])[C@@]2([H])CCC2=CC(=O)CC[C@]12C
DB01384,"['CYP3A4', 'CYP3A5']",Paramethasone,"InChI=1S/C22H29FO5/c1-11-6-14-13-8-16(23)15-7-12(25)4-5-20(15,2)19(13)17(26)9-21(14,3)22(11,28)18(27)10-24/h4-5,7,11,13-14,16-17,19,24,26,28H,6,8-10H2,1-3H3/t11-,13+,14+,16+,17+,19-,20+,21+,22+/m1/s1",[H][C@@]12C[C@@H](C)[C@](O)(C(=O)CO)[C@@]1(C)C[C@H](O)[C@@]1([H])[C@@]2([H])C[C@H](F)C2=CC(=O)C=C[C@]12C
DB01388,"['CYP3A4', 'CYP1A2', 'CYP2D6', 'CYP3A5', 'CYP3A7']",Mibefradil,"InChI=1S/C29H38FN3O3/c1-20(2)28-23-12-11-22(30)18-21(23)13-14-29(28,36-27(34)19-35-4)15-17-33(3)16-7-10-26-31-24-8-5-6-9-25(24)32-26/h5-6,8-9,11-12,18,20,28H,7,10,13-17,19H2,1-4H3,(H,31,32)/t28-,29-/m0/s1",COCC(=O)O[C@]1(CCN(C)CCCC2=NC3=CC=CC=C3N2)CCC2=C(C=CC(F)=C2)[C@@H]1C(C)C
DB01392,"['CYP2D6', 'CYP3A4']",Yohimbine,"InChI=1S/C21H26N2O3/c1-26-21(25)19-15-10-17-20-14(13-4-2-3-5-16(13)22-20)8-9-23(17)11-12(15)6-7-18(19)24/h2-5,12,15,17-19,22,24H,6-11H2,1H3/t12-,15-,17-,18-,19+/m0/s1",[H][C@@]12CC[C@H](O)[C@H](C(=O)OC)[C@@]1([H])C[C@]1([H])N(CCC3=C1NC1=CC=CC=C31)C2
DB01393,"['CYP1A1', 'CYP2C8', 'CYP3A4']",Bezafibrate,"InChI=1S/C19H20ClNO4/c1-19(2,18(23)24)25-16-9-3-13(4-10-16)11-12-21-17(22)14-5-7-15(20)8-6-14/h3-10H,11-12H2,1-2H3,(H,21,22)(H,23,24)",CC(C)(OC1=CC=C(CCNC(=O)C2=CC=C(Cl)C=C2)C=C1)C(O)=O
DB01394,"['CYP3A4', 'CYP2B6', 'CYP2C8', 'CYP2E1']",Colchicine,"InChI=1S/C22H25NO6/c1-12(24)23-16-8-6-13-10-19(27-3)21(28-4)22(29-5)20(13)14-7-9-18(26-2)17(25)11-15(14)16/h7,9-11,16H,6,8H2,1-5H3,(H,23,24)/t16-/m0/s1",COC1=CC2=C(C(OC)=C1OC)C1=CC=C(OC)C(=O)C=C1[C@H](CC2)NC(C)=O
DB01395,['CYP3A4'],Drospirenone,"InChI=1S/C24H30O3/c1-22-6-3-12(25)9-17(22)13-10-14(13)20-16(22)4-7-23(2)21(20)15-11-18(15)24(23)8-5-19(26)27-24/h9,13-16,18,20-21H,3-8,10-11H2,1-2H3/t13-,14+,15-,16+,18+,20-,21+,22-,23+,24+/m1/s1",[H][C@@]12C[C@]1([H])[C@@]1([H])[C@]3([H])[C@]4([H])C[C@]4([H])[C@@]4(CCC(=O)O4)[C@@]3(C)CC[C@]1([H])[C@@]1(C)CCC(=O)C=C21
DB01396,['CYP3A4'],Digitoxin,"InChI=1S/C41H64O13/c1-20-36(46)29(42)16-34(49-20)53-38-22(3)51-35(18-31(38)44)54-37-21(2)50-33(17-30(37)43)52-25-8-11-39(4)24(15-25)6-7-28-27(39)9-12-40(5)26(10-13-41(28,40)47)23-14-32(45)48-19-23/h14,20-22,24-31,33-38,42-44,46-47H,6-13,15-19H2,1-5H3/t20-,21-,22-,24-,25+,26-,27+,28-,29+,30+,31+,33+,34+,35+,36-,37-,38-,39+,40-,41+/m1/s1",[H][C@@]1(CC[C@]2(O)[C@]3([H])CC[C@]4([H])C[C@H](CC[C@]4(C)[C@@]3([H])CC[C@]12C)O[C@H]1C[C@H](O)[C@H](O[C@H]2C[C@H](O)[C@H](O[C@H]3C[C@H](O)[C@H](O)[C@@H](C)O3)[C@@H](C)O2)[C@@H](C)O1)C1=CC(=O)OC1
DB01403,"['CYP2E1', 'CYP2D6']",Methotrimeprazine,"InChI=1S/C19H24N2OS/c1-14(12-20(2)3)13-21-16-7-5-6-8-18(16)23-19-10-9-15(22-4)11-17(19)21/h5-11,14H,12-13H2,1-4H3/t14-/m1/s1",COC1=CC2=C(SC3=C(C=CC=C3)N2C[C@H](C)CN(C)C)C=C1
DB01405,['CYP1A2'],Temafloxacin,"InChI=1S/C21H18F3N3O3/c1-11-9-26(5-4-25-11)19-8-18-13(7-16(19)24)20(28)14(21(29)30)10-27(18)17-3-2-12(22)6-15(17)23/h2-3,6-8,10-11,25H,4-5,9H2,1H3,(H,29,30)",CC1CN(CCN1)C1=C(F)C=C2C(=O)C(=CN(C2=C1)C1=C(F)C=C(F)C=C1)C(O)=O
DB01406,['CYP3A4'],Danazol,"InChI=1S/C22H27NO2/c1-4-22(24)10-8-18-16-6-5-15-11-19-14(13-23-25-19)12-20(15,2)17(16)7-9-21(18,22)3/h1,11,13,16-18,24H,5-10,12H2,2-3H3/t16-,17+,18+,20+,21+,22+/m1/s1",[H][C@@]12CC[C@@](O)(C#C)[C@@]1(C)CC[C@@]1([H])[C@@]2([H])CCC2=CC3=C(C[C@]12C)C=NO3
DB01407,['CYP1A1'],Clenbuterol,"InChI=1S/C12H18Cl2N2O/c1-12(2,3)16-6-10(17)7-4-8(13)11(15)9(14)5-7/h4-5,10,16-17H,6,15H2,1-3H3",CC(C)(C)NCC(O)C1=CC(Cl)=C(N)C(Cl)=C1
DB01409,"['CYP2D6', 'CYP3A4']",Tiotropium,"InChI=1S/C19H22NO4S2/c1-20(2)12-9-11(10-13(20)17-16(12)24-17)23-18(21)19(22,14-5-3-7-25-14)15-6-4-8-26-15/h3-8,11-13,16-17,22H,9-10H2,1-2H3/q+1/t11-,12-,13+,16-,17+",[H][C@]12O[C@@]1([H])[C@]1([H])C[C@@]([H])(C[C@@]2([H])[N+]1(C)C)OC(=O)C(O)(C1=CC=CS1)C1=CC=CS1
DB01410,"['CYP3A4', 'CYP2D6']",Ciclesonide,"InChI=1S/C32H44O7/c1-18(2)28(36)37-17-25(35)32-26(38-29(39-32)19-8-6-5-7-9-19)15-23-22-11-10-20-14-21(33)12-13-30(20,3)27(22)24(34)16-31(23,32)4/h12-14,18-19,22-24,26-27,29,34H,5-11,15-17H2,1-4H3/t22-,23-,24-,26+,27+,29+,30-,31-,32+/m0/s1",[H][C@@]12C[C@@]3([H])[C@]4([H])CCC5=CC(=O)C=C[C@]5(C)[C@@]4([H])[C@@H](O)C[C@]3(C)[C@@]1(O[C@@H](O2)C1CCCCC1)C(=O)COC(=O)C(C)C
DB01411,"['CYP2C9', 'CYP3A4']",Pranlukast,"InChI=1S/C27H23N5O4/c33-23-17-24(26-29-31-32-30-26)36-25-21(23)10-6-11-22(25)28-27(34)19-12-14-20(15-13-19)35-16-5-4-9-18-7-2-1-3-8-18/h1-3,6-8,10-15,17H,4-5,9,16H2,(H,28,34)(H,29,30,31,32)",O=C(NC1=C2OC(=CC(=O)C2=CC=C1)C1=NNN=N1)C1=CC=C(OCCCCC2=CC=CC=C2)C=C1
DB01412,"['CYP1A2', 'CYP2E1']",Theobromine,"InChI=1S/C7H8N4O2/c1-10-3-8-5-4(10)6(12)9-7(13)11(5)2/h3H,1-2H3,(H,9,12,13)",CN1C=NC2=C1C(=O)NC(=O)N2C
DB01418,"['CYP2C9', 'CYP1A2', 'CYP2C19', 'CYP3A4']",Acenocoumarol,"InChI=1S/C19H15NO6/c1-11(21)10-15(12-6-8-13(9-7-12)20(24)25)17-18(22)14-4-2-3-5-16(14)26-19(17)23/h2-9,15,22H,10H2,1H3",CC(=O)CC(C1=CC=C(C=C1)[N+]([O-])=O)C1=C(O)C2=CC=CC=C2OC1=O
DB01420,['CYP3A4'],Testosterone propionate,"InChI=1S/C22H32O3/c1-4-20(24)25-19-8-7-17-16-6-5-14-13-15(23)9-11-21(14,2)18(16)10-12-22(17,19)3/h13,16-19H,4-12H2,1-3H3/t16-,17-,18-,19-,21-,22-/m0/s1",[H][C@@]12CC[C@H](OC(=O)CC)[C@@]1(C)CC[C@@]1([H])[C@@]2([H])CCC2=CC(=O)CC[C@]12C
DB01424,"['CYP2C9', 'CYP2D6', 'CYP3A4', 'CYP2C19', 'CYP1A2', 'CYP2C8']",Aminophenazone,"InChI=1S/C13H17N3O/c1-10-12(14(2)3)13(17)16(15(10)4)11-8-6-5-7-9-11/h5-9H,1-4H3",CN(C)C1=C(C)N(C)N(C1=O)C1=CC=CC=C1
DB01429,['CYP2D6'],Aprindine,"InChI=1S/C22H30N2/c1-3-23(4-2)15-10-16-24(21-13-6-5-7-14-21)22-17-19-11-8-9-12-20(19)18-22/h5-9,11-14,22H,3-4,10,15-18H2,1-2H3",CCN(CC)CCCN(C1CC2=CC=CC=C2C1)C1=CC=CC=C1
DB01435,"['CYP2A6', 'CYP2B6', 'CYP2D6', 'CYP2E1', 'CYP2C8', 'CYP2C9', 'CYP1A2', 'CYP2C19', 'CYP3A4']",Antipyrine,"InChI=1S/C11H12N2O/c1-9-8-11(14)13(12(9)2)10-6-4-3-5-7-10/h3-8H,1-2H3",CN1N(C(=O)C=C1C)C1=CC=CC=C1
DB01454,['CYP2D6'],Midomafetamine,"InChI=1S/C11H15NO2/c1-8(12-2)5-9-3-4-10-11(6-9)14-7-13-10/h3-4,6,8,12H,5,7H2,1-2H3",CNC(C)CC1=CC2=C(OCO2)C=C1
DB01456,['CYP3A4'],5-androstenedione,"InChI=1S/C19H26O2/c1-18-9-7-13(20)11-12(18)3-4-14-15-5-6-17(21)19(15,2)10-8-16(14)18/h3,14-16H,4-11H2,1-2H3/t14-,15-,16-,18-,19-/m0/s1",[H][C@@]12CCC(=O)[C@@]1(C)CC[C@@]1([H])[C@@]2([H])CC=C2CC(=O)CC[C@]12C
DB01466,"['CYP2B6', 'CYP3A4', 'CYP2D6']",Ethylmorphine,"InChI=1S/C19H23NO3/c1-3-22-15-7-4-11-10-13-12-5-6-14(21)18-19(12,8-9-20(13)2)16(11)17(15)23-18/h4-7,12-14,18,21H,3,8-10H2,1-2H3/t12-,13+,14-,18-,19-/m0/s1",[H][C@@]12OC3=C(OCC)C=CC4=C3[C@@]11CCN(C)[C@]([H])(C4)[C@]1([H])C=C[C@@H]2O
DB01472,['CYP2D6'],4-Methoxyamphetamine,"InChI=1S/C10H15NO/c1-8(11)7-9-3-5-10(12-2)6-4-9/h3-6,8H,7,11H2,1-2H3",COC1=CC=C(CC(C)N)C=C1
DB01482,['CYP1A2'],Fenethylline,"InChI=1S/C18H23N5O2/c1-13(11-14-7-5-4-6-8-14)19-9-10-23-12-20-16-15(23)17(24)22(3)18(25)21(16)2/h4-8,12-13,19H,9-11H2,1-3H3",CC(CC1=CC=CC=C1)NCCN1C=NC2=C1C(=O)N(C)C(=O)N2C
DB01483,"['CYP3A4', 'CYP2C19']",Barbital,"InChI=1S/C8H12N2O3/c1-3-8(4-2)5(11)9-7(13)10-6(8)12/h3-4H2,1-2H3,(H2,9,10,11,12,13)",CCC1(CC)C(=O)NC(=O)NC1=O
DB01530,[],"5alpha-androstane-3alpha,17beta-diol","InChI=1S/C19H32O2/c1-18-9-7-13(20)11-12(18)3-4-14-15-5-6-17(21)19(15,2)10-8-16(14)18/h12-17,20-21H,3-11H2,1-2H3/t12-,13+,14-,15-,16-,17-,18-,19-/m0/s1",[H][C@@]12CC[C@H](O)[C@@]1(C)CC[C@@]1([H])[C@@]2([H])CC[C@@]2([H])C[C@H](O)CC[C@]12C
DB01536,['CYP3A4'],Androstenedione,"InChI=1S/C19H26O2/c1-18-9-7-13(20)11-12(18)3-4-14-15-5-6-17(21)19(15,2)10-8-16(14)18/h11,14-16H,3-10H2,1-2H3/t14-,15-,16-,18-,19-/m0/s1",[H][C@@]12CCC(=O)[C@@]1(C)CC[C@@]1([H])[C@@]2([H])CCC2=CC(=O)CC[C@]12C
DB01544,"['CYP2A6', 'CYP2B6', 'CYP2C9', 'CYP3A4', 'CYP2E1', 'CYP2C19']",Flunitrazepam,"InChI=1S/C16H12FN3O3/c1-19-14-7-6-10(20(22)23)8-12(14)16(18-9-15(19)21)11-4-2-3-5-13(11)17/h2-8H,9H2,1H3",CN1C2=C(C=C(C=C2)[N+]([O-])=O)C(=NCC1=O)C1=CC=CC=C1F
DB01551,"['CYP3A4', 'CYP2D6']",Dihydrocodeine,"InChI=1S/C18H23NO3/c1-19-8-7-18-11-4-5-13(20)17(18)22-16-14(21-2)6-3-10(15(16)18)9-12(11)19/h3,6,11-13,17,20H,4-5,7-9H2,1-2H3/t11-,12+,13-,17-,18-/m0/s1",[H][C@@]12OC3=C4C(C[C@H]5N(C)CC[C@@]14[C@@]5([H])CC[C@@H]2O)=CC=C3OC
DB01558,"['CYP1A2', 'CYP2C19', 'CYP2E1']",Bromazepam,"InChI=1S/C14H10BrN3O/c15-9-4-5-11-10(7-9)14(17-8-13(19)18-11)12-3-1-2-6-16-12/h1-7H,8H2,(H,18,19)",BrC1=CC2=C(NC(=O)CN=C2C2=CC=CC=N2)C=C1
DB01559,"['CYP2B6', 'CYP2C19', 'CYP3A4']",Clotiazepam,"InChI=1S/C16H15ClN2OS/c1-3-10-8-12-15(11-6-4-5-7-13(11)17)18-9-14(20)19(2)16(12)21-10/h4-8H,3,9H2,1-2H3",CCC1=CC2=C(S1)N(C)C(=O)CN=C2C1=CC=CC=C1Cl
DB01562,['CYP2D6'],1-(2-Phenylethyl)-4-phenyl-4-acetoxypiperidine,"InChI=1S/C21H25NO2/c1-18(23)24-21(20-10-6-3-7-11-20)13-16-22(17-14-21)15-12-19-8-4-2-5-9-19/h2-11H,12-17H2,1H3",CC(=O)OC1(CCN(CCC2=CC=CC=C2)CC1)C1=CC=CC=C1
DB01576,['CYP2D6'],Dextroamphetamine,"InChI=1S/C9H13N/c1-8(10)7-9-5-3-2-4-6-9/h2-6,8H,7,10H2,1H3/t8-/m0/s1",C[C@H](N)CC1=CC=CC=C1
DB01577,['CYP2D6'],Metamfetamine,"InChI=1S/C10H15N/c1-9(11-2)8-10-6-4-3-5-7-10/h3-7,9,11H,8H2,1-2H3/t9-/m0/s1",CN[C@@H](C)CC1=CC=CC=C1
DB01580,['CYP2D6'],Oxprenolol,"InChI=1S/C15H23NO3/c1-4-9-18-14-7-5-6-8-15(14)19-11-13(17)10-16-12(2)3/h4-8,12-13,16-17H,1,9-11H2,2-3H3",CC(C)NCC(O)COC1=CC=CC=C1OCC=C
DB01583,"['CYP2C8', 'CYP3A4']",Liotrix,"InChI=1S/C15H11I4NO4.C15H12I3NO4.2Na/c16-8-4-7(5-9(17)13(8)21)24-14-10(18)1-6(2-11(14)19)3-12(20)15(22)23;16-9-6-8(1-2-13(9)20)23-14-10(17)3-7(4-11(14)18)5-12(19)15(21)22;;/h1-2,4-5,12,21H,3,20H2,(H,22,23);1-4,6,12,20H,5,19H2,(H,21,22);;/q;;2*+1/p-2/t2*12-;;/m00../s1",[Na+].[Na+].N[C@@H](CC1=CC(I)=C(OC2=CC(I)=C(O)C=C2)C(I)=C1)C([O-])=O.N[C@@H](CC1=CC(I)=C(OC2=CC(I)=C(O)C(I)=C2)C(I)=C1)C([O-])=O
DB01586,"['CYP3A4', 'CYP3A43', 'CYP3A5', 'CYP3A7']",Ursodeoxycholic acid,"InChI=1S/C24H40O4/c1-14(4-7-21(27)28)17-5-6-18-22-19(9-11-24(17,18)3)23(2)10-8-16(25)12-15(23)13-20(22)26/h14-20,22,25-26H,4-13H2,1-3H3,(H,27,28)/t14-,15+,16-,17-,18+,19+,20+,22+,23+,24-/m1/s1",[H][C@@]1(CC[C@@]2([H])[C@]3([H])[C@@H](O)C[C@]4([H])C[C@H](O)CC[C@]4(C)[C@@]3([H])CC[C@]12C)[C@H](C)CCC(O)=O
DB01587,['CYP3A4'],Ketazolam,"InChI=1S/C20H17ClN2O3/c1-13-10-18(24)23-12-19(25)22(2)17-9-8-15(21)11-16(17)20(23,26-13)14-6-4-3-5-7-14/h3-11H,12H2,1-2H3",CN1C2=C(C=C(Cl)C=C2)C2(OC(C)=CC(=O)N2CC1=O)C1=CC=CC=C1
DB01588,['CYP3A4'],Prazepam,"InChI=1S/C19H17ClN2O/c20-15-8-9-17-16(10-15)19(14-4-2-1-3-5-14)21-11-18(23)22(17)12-13-6-7-13/h1-5,8-10,13H,6-7,11-12H2",ClC1=CC2=C(C=C1)N(CC1CC1)C(=O)CN=C2C1=CC=CC=C1
DB01589,"['CYP3A4', 'CYP2C19', 'CYP2C9']",Quazepam,"InChI=1S/C17H11ClF4N2S/c18-10-5-6-14-12(7-10)16(11-3-1-2-4-13(11)19)23-8-15(25)24(14)9-17(20,21)22/h1-7H,8-9H2",FC1=CC=CC=C1C1=NCC(=S)N(CC(F)(F)F)C2=C1C=C(Cl)C=C2
DB01590,"['CYP2D6', 'CYP3A4']",Everolimus,"InChI=1S/C53H83NO14/c1-32-16-12-11-13-17-33(2)44(63-8)30-40-21-19-38(7)53(62,68-40)50(59)51(60)54-23-15-14-18-41(54)52(61)67-45(35(4)28-39-20-22-43(66-25-24-55)46(29-39)64-9)31-42(56)34(3)27-37(6)48(58)49(65-10)47(57)36(5)26-32/h11-13,16-17,27,32,34-36,38-41,43-46,48-49,55,58,62H,14-15,18-26,28-31H2,1-10H3/b13-11+,16-12+,33-17+,37-27+/t32-,34-,35-,36-,38-,39+,40+,41+,43-,44+,45+,46-,48-,49+,53-/m1/s1",[H][C@@]1(C[C@@H](C)[C@]2([H])CC(=O)[C@H](C)\C=C(C)\[C@@H](O)[C@@H](OC)C(=O)[C@H](C)C[C@H](C)\C=C\C=C\C=C(C)\[C@H](C[C@]3([H])CC[C@@H](C)[C@@](O)(O3)C(=O)C(=O)N3CCCC[C@@]3([H])C(=O)O2)OC)CC[C@@H](OCCO)[C@@H](C1)OC
DB01591,"['CYP1A1', 'CYP2D6', 'CYP3A4']",Solifenacin,"InChI=1S/C23H26N2O2/c26-23(27-21-16-24-13-10-18(21)11-14-24)25-15-12-17-6-4-5-9-20(17)22(25)19-7-2-1-3-8-19/h1-9,18,21-22H,10-16H2/t21-,22-/m0/s1",O=C(O[C@H]1CN2CCC1CC2)N1CCC2=CC=CC=C2[C@@H]1C1=CC=CC=C1
DB01595,"['CYP3A4', 'CYP2E1']",Nitrazepam,"InChI=1S/C15H11N3O3/c19-14-9-16-15(10-4-2-1-3-5-10)12-8-11(18(20)21)6-7-13(12)17-14/h1-8H,9H2,(H,17,19)",[O-][N+](=O)C1=CC2=C(NC(=O)CN=C2C2=CC=CC=C2)C=C1
DB01601,"['CYP3A4', 'CYP2D6', 'CYP1A2', 'CYP2C19', 'CYP2B6', 'CYP2C9', 'CYP3A4', 'CYP3A43', 'CYP3A5', 'CYP3A7']",Lopinavir,"InChI=1S/C37H48N4O5/c1-25(2)34(41-20-12-19-38-37(41)45)36(44)39-30(21-28-15-7-5-8-16-28)23-32(42)31(22-29-17-9-6-10-18-29)40-33(43)24-46-35-26(3)13-11-14-27(35)4/h5-11,13-18,25,30-32,34,42H,12,19-24H2,1-4H3,(H,38,45)(H,39,44)(H,40,43)/t30-,31-,32-,34-/m0/s1",CC(C)[C@H](N1CCCNC1=O)C(=O)N[C@H](C[C@H](O)[C@H](CC1=CC=CC=C1)NC(=O)COC1=C(C)C=CC=C1C)CC1=CC=CC=C1
DB01609,"['CYP3A4', 'CYP2C8', 'CYP1A2']",Deferasirox,"InChI=1S/C21H15N3O4/c25-17-7-3-1-5-15(17)19-22-20(16-6-2-4-8-18(16)26)24(23-19)14-11-9-13(10-12-14)21(27)28/h1-12,25-26H,(H,27,28)",OC(=O)C1=CC=C(C=C1)N1N=C(N=C1C1=CC=CC=C1O)C1=CC=CC=C1O
DB01611,"['CYP3A4', 'CYP2D6', 'CYP2C8']",Hydroxychloroquine,"InChI=1S/C18H26ClN3O/c1-3-22(11-12-23)10-4-5-14(2)21-17-8-9-20-18-13-15(19)6-7-16(17)18/h6-9,13-14,23H,3-5,10-12H2,1-2H3,(H,20,21)",CCN(CCO)CCCC(C)NC1=C2C=CC(Cl)=CC2=NC=C1
DB01621,"['CYP2C19', 'CYP2D6', 'CYP3A4']",Pipotiazine,"InChI=1S/C24H33N3O3S2/c1-25(2)32(29,30)20-8-9-24-22(18-20)27(21-6-3-4-7-23(21)31-24)14-5-13-26-15-10-19(11-16-26)12-17-28/h3-4,6-9,18-19,28H,5,10-17H2,1-2H3",CN(C)S(=O)(=O)C1=CC2=C(SC3=CC=CC=C3N2CCCN2CCC(CCO)CC2)C=C1
DB01623,"['CYP2D6', 'CYP1A2']",Thiothixene,"InChI=1S/C23H29N3O2S2/c1-24(2)30(27,28)18-10-11-23-21(17-18)19(20-7-4-5-9-22(20)29-23)8-6-12-26-15-13-25(3)14-16-26/h4-5,7-11,17H,6,12-16H2,1-3H3/b19-8-",CN(C)S(=O)(=O)C1=CC2=C(SC3=CC=CC=C3\C2=C\CCN2CCN(C)CC2)C=C1
DB01624,"['CYP3A4', 'CYP2D6']",Zuclopenthixol,"InChI=1S/C22H25ClN2OS/c23-17-7-8-22-20(16-17)18(19-4-1-2-6-21(19)27-22)5-3-9-24-10-12-25(13-11-24)14-15-26/h1-2,4-8,16,26H,3,9-15H2/b18-5-",OCCN1CCN(CC\C=C2\C3=C(SC4=C2C=C(Cl)C=C4)C=CC=C3)CC1
DB01628,"['CYP2C9', 'CYP2D6', 'CYP1A2', 'CYP2C19', 'CYP2E1', 'CYP3A4']",Etoricoxib,"InChI=1S/C18H15ClN2O2S/c1-12-3-4-14(10-20-12)18-17(9-15(19)11-21-18)13-5-7-16(8-6-13)24(2,22)23/h3-11H,1-2H3",CC1=NC=C(C=C1)C1=C(C=C(Cl)C=N1)C1=CC=C(C=C1)S(C)(=O)=O
DB01645,"['CYP1A2', 'CYP1A1', 'CYP2C8', 'CYP2C9', 'CYP3A4']",Genistein,"InChI=1S/C15H10O5/c16-9-3-1-8(2-4-9)11-7-20-13-6-10(17)5-12(18)14(13)15(11)19/h1-7,16-18H",OC1=CC=C(C=C1)C1=COC2=C(C(O)=CC(O)=C2)C1=O
DB01656,"['CYP3A4', 'CYP1A2']",Roflumilast,"InChI=1S/C17H14Cl2F2N2O3/c18-11-6-22-7-12(19)15(11)23-16(24)10-3-4-13(26-17(20)21)14(5-10)25-8-9-1-2-9/h3-7,9,17H,1-2,8H2,(H,22,23,24)",FC(F)OC1=C(OCC2CC2)C=C(C=C1)C(=O)NC1=C(Cl)C=NC=C1Cl
DB01667,['CYP1A2'],8-azaguanine,"InChI=1S/C4H4N6O/c5-4-6-2-1(3(11)7-4)8-10-9-2/h(H4,5,6,7,8,9,10,11)",NC1=NC2=C(N=NN2)C(=O)N1
DB01685,"['CYP2C8', 'CYP2C9', 'CYP1A1', 'CYP3A4', 'CYP2C19']",Topiroxostat,"InChI=1S/C13H8N6/c14-8-11-7-10(3-6-16-11)13-17-12(18-19-13)9-1-4-15-5-2-9/h1-7H,(H,17,18,19)",N#CC1=NC=CC(=C1)C1=NNC(=N1)C1=CC=NC=C1
DB01698,['CYP3A4'],Rutin,"InChI=1S/C27H30O16/c1-8-17(32)20(35)22(37)26(40-8)39-7-15-18(33)21(36)23(38)27(42-15)43-25-19(34)16-13(31)5-10(28)6-14(16)41-24(25)9-2-3-11(29)12(30)4-9/h2-6,8,15,17-18,20-23,26-33,35-38H,7H2,1H3/t8-,15+,17-,18+,20+,21-,22+,23+,26+,27-/m0/s1",C[C@@H]1O[C@@H](OC[C@H]2O[C@@H](OC3=C(OC4=CC(O)=CC(O)=C4C3=O)C3=CC(O)=C(O)C=C3)[C@H](O)[C@@H](O)[C@@H]2O)[C@H](O)[C@H](O)[C@H]1O
DB01708,['CYP3A7'],Prasterone,"InChI=1S/C19H28O2/c1-18-9-7-13(20)11-12(18)3-4-14-15-5-6-17(21)19(15,2)10-8-16(14)18/h3,13-16,20H,4-11H2,1-2H3/t13-,14-,15-,16-,18-,19-/m0/s1",[H][C@@]12CCC(=O)[C@@]1(C)CC[C@@]1([H])[C@@]2([H])CC=C2C[C@@]([H])(O)CC[C@]12C
DB01764,['CYP3A4'],Dalfopristin,"InChI=1S/C34H50N4O9S/c1-7-37(8-2)16-17-48(44,45)28-13-15-38-31(28)34(43)47-32(22(3)4)24(6)11-12-29(41)35-14-9-10-23(5)18-25(39)19-26(40)20-30-36-27(21-46-30)33(38)42/h9-12,18,21-22,24-25,28,31-32,39H,7-8,13-17,19-20H2,1-6H3,(H,35,41)/b10-9+,12-11+,23-18+/t24-,25-,28-,31-,32-/m1/s1",CCN(CC)CCS(=O)(=O)[C@@H]1CCN2[C@H]1C(=O)O[C@H](C(C)C)[C@H](C)\C=C\C(=O)NC\C=C\C(\C)=C\[C@@H](O)CC(=O)CC1=NC(=CO1)C2=O
DB01844,['CYP2E1'],"N,N-dimethylformamide","InChI=1S/C3H7NO/c1-4(2)3-5/h3H,1-2H3",CN(C)C=O
DB01873,['CYP3A4'],Epothilone D,"InChI=1S/C27H41NO5S/c1-16-9-8-10-17(2)25(31)19(4)26(32)27(6,7)23(29)14-24(30)33-22(12-11-16)18(3)13-21-15-34-20(5)28-21/h11,13,15,17,19,22-23,25,29,31H,8-10,12,14H2,1-7H3/b16-11-,18-13+/t17-,19+,22-,23-,25-/m0/s1",[H][C@]1(C\C=C(C)/CCC[C@H](C)[C@H](O)[C@@H](C)C(=O)C(C)(C)[C@@H](O)CC(=O)O1)C(\C)=C\C1=CSC(C)=N1
DB02134,['CYP1A2'],Xanthine,"InChI=1S/C5H4N4O2/c10-4-2-3(7-1-6-2)8-5(11)9-4/h1H,(H3,6,7,8,9,10,11)",O=C1NC2=C(NC=N2)C(=O)N1
DB02187,['CYP3A4'],Equilin,"InChI=1S/C18H20O2/c1-18-9-8-14-13-5-3-12(19)10-11(13)2-4-15(14)16(18)6-7-17(18)20/h3-5,10,14,16,19H,2,6-9H2,1H3/t14-,16+,18+/m1/s1",[H][C@@]12CCC(=O)[C@@]1(C)CC[C@]1([H])C3=C(CC=C21)C=C(O)C=C3
DB02489,['CYP1A2'],9-Methylguanine,"InChI=1S/C6H7N5O/c1-11-2-8-3-4(11)9-6(7)10-5(3)12/h2H,1H3,(H3,7,9,10,12)",CN1C=NC2=C1N=C(N)NC2=O
DB02520,"['CYP2E1', 'CYP3A4', 'CYP3A5']",Ditiocarb,"InChI=1S/C5H11NS2/c1-3-6(4-2)5(7)8/h3-4H2,1-2H3,(H,7,8)",CCN(CC)C(S)=S
DB02701,"['CYP2D6', 'CYP2E1', 'CYP3A4']",Nicotinamide,"InChI=1S/C6H6N2O/c7-6(9)5-2-1-3-8-4-5/h1-4H,(H2,7,9)",NC(=O)C1=CC=CN=C1
DB02703,"['CYP2D6', 'CYP3A4']",Fusidic acid,"InChI=1S/C31H48O6/c1-17(2)9-8-10-20(28(35)36)26-22-15-24(34)27-29(5)13-12-23(33)18(3)21(29)11-14-30(27,6)31(22,7)16-25(26)37-19(4)32/h9,18,21-25,27,33-34H,8,10-16H2,1-7H3,(H,35,36)/b26-20-/t18-,21-,22-,23+,24+,25-,27-,29-,30-,31-/m0/s1",[H][C@@]12C[C@@H](O)[C@@]3([H])[C@@]4(C)CC[C@@H](O)[C@@H](C)[C@]4([H])CC[C@]3(C)[C@@]1(C)C[C@H](OC(C)=O)\C2=C(\CCC=C(C)C)C(O)=O
DB02709,"['CYP1A2', 'CYP1A1', 'CYP3A4', 'CYP2D6', 'CYP2B6', 'CYP2C19', 'CYP2C9']",Resveratrol,"InChI=1S/C14H12O3/c15-12-5-3-10(4-6-12)1-2-11-7-13(16)9-14(17)8-11/h1-9,15-17H/b2-1+",OC1=CC=C(\C=C\C2=CC(O)=CC(O)=C2)C=C1
DB02789,['CYP3A4'],Pregnenolone,"InChI=1S/C21H32O2/c1-13(22)17-6-7-18-16-5-4-14-12-15(23)8-10-20(14,2)19(16)9-11-21(17,18)3/h4,15-19,23H,5-12H2,1-3H3/t15-,16-,17+,18-,19-,20-,21+/m0/s1",[H][C@@]12CC[C@H](C(C)=O)[C@@]1(C)CC[C@@]1([H])[C@@]2([H])CC=C2C[C@@H](O)CC[C@]12C
DB03010,['CYP3A4'],Patupilone,"InChI=1S/C27H41NO6S/c1-15-9-8-10-27(7)22(34-27)12-20(16(2)11-19-14-35-18(4)28-19)33-23(30)13-21(29)26(5,6)25(32)17(3)24(15)31/h11,14-15,17,20-22,24,29,31H,8-10,12-13H2,1-7H3/b16-11+/t15-,17+,20-,21-,22-,24-,27+/m0/s1",[H]\C(=C(\C)[C@]1([H])C[C@]2([H])O[C@]2(C)CCC[C@]([H])(C)[C@]([H])(O)[C@@]([H])(C)C(=O)C(C)(C)[C@@]([H])(O)CC(=O)O1)C1=CSC(C)=N1
DB03515,['CYP3A4'],Equilenin,"InChI=1S/C18H18O2/c1-18-9-8-14-13-5-3-12(19)10-11(13)2-4-15(14)16(18)6-7-17(18)20/h2-5,10,16,19H,6-9H2,1H3/t16-,18-/m0/s1",[H][C@@]12CCC(=O)[C@@]1(C)CCC1=C2C=CC2=C1C=CC(O)=C2
DB03575,['CYP2B6'],Phencyclidine,"InChI=1S/C17H25N/c1-4-10-16(11-5-1)17(12-6-2-7-13-17)18-14-8-3-9-15-18/h1,4-5,10-11H,2-3,6-9,12-15H2",C1CCN(CC1)C1(CCCCC1)C1=CC=CC=C1
DB03701,['CYP3A4'],Vanoxerine,"InChI=1S/C28H32F2N2O/c29-26-12-8-24(9-13-26)28(25-10-14-27(30)15-11-25)33-22-21-32-19-17-31(18-20-32)16-4-7-23-5-2-1-3-6-23/h1-3,5-6,8-15,28H,4,7,16-22H2",FC1=CC=C(C=C1)C(OCCN1CCN(CCCC2=CC=CC=C2)CC1)C1=CC=C(F)C=C1
DB03756,['CYP2C9'],Doconexent,"InChI=1S/C22H32O2/c1-2-3-4-5-6-7-8-9-10-11-12-13-14-15-16-17-18-19-20-21-22(23)24/h3-4,6-7,9-10,12-13,15-16,18-19H,2,5,8,11,14,17,20-21H2,1H3,(H,23,24)/b4-3-,7-6-,10-9-,13-12-,16-15-,19-18-",CC\C=C/C\C=C/C\C=C/C\C=C/C\C=C/C\C=C/CCC(O)=O
DB03783,"['CYP1A1', 'CYP2A6', 'CYP2C19', 'CYP2C9', 'CYP2E1', 'CYP3A4', 'CYP1A2', 'CYP2D6']",Phenacetin,"InChI=1S/C10H13NO2/c1-3-13-10-6-4-9(5-7-10)11-8(2)12/h4-7H,3H2,1-2H3,(H,11,12)",CCOC1=CC=C(NC(C)=O)C=C1
DB04070,['CYP3A4'],6-Deoxyerythronolide B,"InChI=1S/C21H38O6/c1-8-16-12(4)19(24)13(5)17(22)10(2)9-11(3)18(23)14(6)20(25)15(7)21(26)27-16/h10-16,18-20,23-25H,8-9H2,1-7H3/t10-,11+,12+,13+,14-,15-,16-,18+,19+,20+/m1/s1",[H][C@@]1(C)C[C@]([H])(C)[C@]([H])(O)[C@@]([H])(C)[C@]([H])(O)[C@@]([H])(C)C(=O)O[C@]([H])(CC)[C@]([H])(C)[C@]([H])(O)[C@@]([H])(C)C1=O
DB04076,['CYP1A2'],Hypoxanthine,"InChI=1S/C5H4N4O/c10-5-3-4(7-1-6-3)8-2-9-5/h1-2H,(H2,6,7,8,9,10)",O=C1N=CNC2=C1NC=N2
DB04216,"['CYP2C8', 'CYP2D6', 'CYP2C9', 'CYP1A2', 'CYP2E1', 'CYP2C19', 'CYP3A4', 'CYP3A43', 'CYP3A5', 'CYP3A7']",Quercetin,"InChI=1S/C15H10O7/c16-7-4-10(19)12-11(5-7)22-15(14(21)13(12)20)6-1-2-8(17)9(18)3-6/h1-5,16-19,21H",OC1=CC2=C(C(O)=C1)C(=O)C(O)=C(O2)C1=CC=C(O)C(O)=C1
DB04356,['CYP1A2'],9-Deazaguanine,"InChI=1S/C6H6N4O/c7-6-9-3-1-2-8-4(3)5(11)10-6/h1-2,8H,(H3,7,9,10,11)",NC1=NC2=C(NC=C2)C(=O)N1
DB04379,['CYP2E1'],N-Methyl-N-(Methylbenzyl)Formamide,"InChI=1S/C10H13NO/c1-9(11(2)8-12)10-6-4-3-5-7-10/h3-9H,1-2H3/t9-/m0/s1",[H][C@@](C)(N(C)C=O)C1=CC=CC=C1
DB04557,['CYP2C9'],Arachidonic Acid,"InChI=1S/C20H32O2/c1-2-3-4-5-6-7-8-9-10-11-12-13-14-15-16-17-18-19-20(21)22/h6-7,9-10,12-13,15-16H,2-5,8,11,14,17-19H2,1H3,(H,21,22)/b7-6-,10-9-,13-12-,16-15-",CCCCC\C=C/C\C=C/C\C=C/C\C=C/CCCC(O)=O
DB04572,"['CYP3A4', 'CYP2B6']",Thiotepa,"InChI=1S/C6H12N3PS/c11-10(7-1-2-7,8-3-4-8)9-5-6-9/h1-6H2",S=P(N1CC1)(N1CC1)N1CC1
DB04574,"['CYP2C9', 'CYP1A2', 'CYP3A4']",Estrone sulfate,"InChI=1S/C18H22O5S/c1-18-9-8-14-13-5-3-12(23-24(20,21)22)10-11(13)2-4-15(14)16(18)6-7-17(18)19/h3,5,10,14-16H,2,4,6-9H2,1H3,(H,20,21,22)/t14-,15-,16+,18+/m1/s1",[H][C@@]12CCC(=O)[C@@]1(C)CC[C@]1([H])C3=C(CC[C@@]21[H])C=C(OS(O)(=O)=O)C=C3
DB04630,['CYP3A4'],Aldosterone,"InChI=1S/C21H28O5/c1-20-7-6-13(24)8-12(20)2-3-14-15-4-5-16(18(26)10-22)21(15,11-23)9-17(25)19(14)20/h8,11,14-17,19,22,25H,2-7,9-10H2,1H3/t14-,15-,16+,17-,19+,20-,21+/m0/s1",[H][C@@]1(CC[C@@]2([H])[C@]3([H])CCC4=CC(=O)CC[C@]4(C)[C@@]3([H])[C@@H](O)C[C@]12C=O)C(=O)CO
DB04652,['CYP3A4'],Corticosterone,"InChI=1S/C21H30O4/c1-20-8-7-13(23)9-12(20)3-4-14-15-5-6-16(18(25)11-22)21(15,2)10-17(24)19(14)20/h9,14-17,19,22,24H,3-8,10-11H2,1-2H3/t14-,15-,16+,17-,19+,20-,21-/m0/s1",[H][C@@]1(CC[C@@]2([H])[C@]3([H])CCC4=CC(=O)CC[C@]4(C)[C@@]3([H])[C@@]([H])(O)C[C@]12C)C(=O)CO
DB04665,['CYP2C9'],Coumarin,InChI=1S/C9H6O2/c10-9-6-5-7-3-1-2-4-8(7)11-9/h1-6H,O=C1OC2=CC=CC=C2C=C1
DB04725,"['CYP2C9', 'CYP2C8']",Licofelone,"InChI=1S/C23H22ClNO2/c1-23(2)13-19-22(15-6-4-3-5-7-15)21(16-8-10-17(24)11-9-16)18(12-20(26)27)25(19)14-23/h3-11H,12-14H2,1-2H3,(H,26,27)",CC1(C)CN2C(CC(O)=O)=C(C(=C2C1)C1=CC=CC=C1)C1=CC=C(Cl)C=C1
DB04743,['CYP3A4'],Nimesulide,"InChI=1S/C13H12N2O5S/c1-21(18,19)14-12-8-7-10(15(16)17)9-13(12)20-11-5-3-2-4-6-11/h2-9,14H,1H3",CS(=O)(=O)NC1=C(OC2=CC=CC=C2)C=C(C=C1)[N+]([O-])=O
DB04794,"['CYP2E1', 'CYP3A4']",Bifonazole,"InChI=1S/C22H18N2/c1-3-7-18(8-4-1)19-11-13-21(14-12-19)22(24-16-15-23-17-24)20-9-5-2-6-10-20/h1-17,22H",C1=CN(C=N1)C(C1=CC=CC=C1)C1=CC=C(C=C1)C1=CC=CC=C1
DB04817,"['CYP2B6', 'CYP3A4']",Metamizole,"InChI=1S/C13H17N3O4S/c1-10-12(14(2)9-21(18,19)20)13(17)16(15(10)3)11-7-5-4-6-8-11/h4-8H,9H2,1-3H3,(H,18,19,20)",CN(CS(O)(=O)=O)C1=C(C)N(C)N(C1=O)C1=CC=CC=C1
DB04818,"['CYP2D6', 'CYP2C9']",Iproniazid,"InChI=1S/C9H13N3O/c1-7(2)11-12-9(13)8-3-5-10-6-4-8/h3-7,11H,1-2H3,(H,12,13)",CC(C)NNC(=O)C1=CC=NC=C1
DB04825,['CYP3A4'],Prenylamine,"InChI=1S/C24H27N/c1-20(19-21-11-5-2-6-12-21)25-18-17-24(22-13-7-3-8-14-22)23-15-9-4-10-16-23/h2-16,20,24-25H,17-19H2,1H3",CC(CC1=CC=CC=C1)NCCC(C1=CC=CC=C1)C1=CC=CC=C1
DB04828,['CYP3A4'],Zomepirac,"InChI=1S/C15H14ClNO3/c1-9-7-12(8-13(18)19)17(2)14(9)15(20)10-3-5-11(16)6-4-10/h3-7H,8H2,1-2H3,(H,18,19)",CN1C(CC(O)=O)=CC(C)=C1C(=O)C1=CC=C(Cl)C=C1
DB04829,"['CYP3A4', 'CYP2D6']",Lysergic acid diethylamide,"InChI=1S/C20H25N3O/c1-4-23(5-2)20(24)14-9-16-15-7-6-8-17-19(15)13(11-21-17)10-18(16)22(3)12-14/h6-9,11,14,18,21H,4-5,10,12H2,1-3H3/t14-,18-/m1/s1",[H][C@@]12CC3=CNC4=CC=CC(=C34)C1=C[C@H](CN2C)C(=O)N(CC)CC
DB04831,['CYP2C9'],Tienilic acid,"InChI=1S/C13H8Cl2O4S/c14-11-7(13(18)9-2-1-5-20-9)3-4-8(12(11)15)19-6-10(16)17/h1-5H,6H2,(H,16,17)",OC(=O)COC1=C(Cl)C(Cl)=C(C=C1)C(=O)C1=CC=CS1
DB04832,['CYP3A4'],Zimelidine,"InChI=1S/C16H17BrN2/c1-19(2)11-9-16(14-4-3-10-18-12-14)13-5-7-15(17)8-6-13/h3-10,12H,11H2,1-2H3/b16-9-",CN(C)C\C=C(\C1=CC=C(Br)C=C1)C1=CC=CN=C1
DB04833,['CYP3A4'],Methaqualone,"InChI=1S/C16H14N2O/c1-11-7-3-6-10-15(11)18-12(2)17-14-9-5-4-8-13(14)16(18)19/h3-10H,1-2H3",CC1=CC=CC=C1N1C(C)=NC2=CC=CC=C2C1=O
DB04835,['CYP3A4'],Maraviroc,"InChI=1S/C29H41F2N5O/c1-19(2)27-34-33-20(3)36(27)25-17-23-9-10-24(18-25)35(23)16-13-26(21-7-5-4-6-8-21)32-28(37)22-11-14-29(30,31)15-12-22/h4-8,19,22-26H,9-18H2,1-3H3,(H,32,37)/t23-,24+,25-,26-/m0/s1",CC(C)C1=NN=C(C)N1[C@H]1C[C@@H]2CC[C@H](C1)N2CC[C@H](NC(=O)C1CCC(F)(F)CC1)C1=CC=CC=C1
DB04838,['CYP3A4'],Cyclandelate,"InChI=1S/C17H24O3/c1-12-9-14(11-17(2,3)10-12)20-16(19)15(18)13-7-5-4-6-8-13/h4-8,12,14-15,18H,9-11H2,1-3H3",CC1CC(CC(C)(C)C1)OC(=O)C(O)C1=CC=CC=C1
DB04839,['CYP3A4'],Cyproterone acetate,"InChI=1S/C24H29ClO4/c1-12(26)24(29-13(2)27)8-6-16-14-10-20(25)19-11-21(28)15-9-18(15)23(19,4)17(14)5-7-22(16,24)3/h10-11,14-18H,5-9H2,1-4H3/t14-,15+,16-,17-,18-,22-,23-,24-/m0/s1",[H][C@@]12C[C@]1([H])[C@@]1(C)C(=CC2=O)C(Cl)=C[C@@]2([H])[C@]3([H])CC[C@](OC(C)=O)(C(C)=O)[C@@]3(C)CC[C@]12[H]
DB04840,"['CYP1A1', 'CYP2D6']",Debrisoquine,"InChI=1S/C10H13N3/c11-10(12)13-6-5-8-3-1-2-4-9(8)7-13/h1-4H,5-7H2,(H3,11,12)",NC(=N)N1CCC2=CC=CC=C2C1
DB04841,"['CYP3A4', 'CYP2D6', 'CYP2C9', 'CYP1A1', 'CYP1A2', 'CYP2A6']",Flunarizine,"InChI=1S/C26H26F2N2/c27-24-12-8-22(9-13-24)26(23-10-14-25(28)15-11-23)30-19-17-29(18-20-30)16-4-7-21-5-2-1-3-6-21/h1-15,26H,16-20H2/b7-4+",FC1=CC=C(C=C1)C(N1CCN(C\C=C\C2=CC=CC=C2)CC1)C1=CC=C(F)C=C1
DB04842,['CYP3A4'],Fluspirilene,"InChI=1S/C29H31F2N3O/c30-24-12-8-22(9-13-24)27(23-10-14-25(31)15-11-23)7-4-18-33-19-16-29(17-20-33)28(35)32-21-34(29)26-5-2-1-3-6-26/h1-3,5-6,8-15,27H,4,7,16-21H2,(H,32,35)",FC1=CC=C(C=C1)C(CCCN1CCC2(CC1)N(CNC2=O)C1=CC=CC=C1)C1=CC=C(F)C=C1
DB04844,['CYP2D6'],Tetrabenazine,"InChI=1S/C19H27NO3/c1-12(2)7-14-11-20-6-5-13-8-18(22-3)19(23-4)9-15(13)16(20)10-17(14)21/h8-9,12,14,16H,5-7,10-11H2,1-4H3",COC1=C(OC)C=C2C3CC(=O)C(CC(C)C)CN3CCC2=C1
DB04845,['CYP3A4'],Ixabepilone,"InChI=1S/C27H42N2O5S/c1-15-9-8-10-27(7)22(34-27)12-20(16(2)11-19-14-35-18(4)28-19)29-23(31)13-21(30)26(5,6)25(33)17(3)24(15)32/h11,14-15,17,20-22,24,30,32H,8-10,12-13H2,1-7H3,(H,29,31)/b16-11+/t15-,17+,20-,21-,22-,24-,27+/m0/s1",[H][C@]12C[C@H](NC(=O)C[C@H](O)C(C)(C)C(=O)[C@H](C)[C@@H](O)[C@@H](C)CCC[C@@]1(C)O2)C(\C)=C\C1=CSC(C)=N1
DB04846,['CYP2D6'],Celiprolol,"InChI=1S/C20H33N3O4/c1-7-23(8-2)19(26)22-15-9-10-18(17(11-15)14(3)24)27-13-16(25)12-21-20(4,5)6/h9-11,16,21,25H,7-8,12-13H2,1-6H3,(H,22,26)",CCN(CC)C(=O)NC1=CC=C(OCC(O)CNC(C)(C)C)C(=C1)C(C)=O
DB04847,['CYP2C8'],Roxadustat,"InChI=1S/C19H16N2O5/c1-11-15-9-13(26-12-5-3-2-4-6-12)7-8-14(15)18(24)17(21-11)19(25)20-10-16(22)23/h2-9,24H,10H2,1H3,(H,20,25)(H,22,23)",CC1=NC(C(=O)NCC(O)=O)=C(O)C2=C1C=C(OC1=CC=CC=C1)C=C2
DB04854,"['CYP1A2', 'CYP2C8', 'CYP2C9']",Febuxostat,"InChI=1S/C16H16N2O3S/c1-9(2)8-21-13-5-4-11(6-12(13)7-17)15-18-10(3)14(22-15)16(19)20/h4-6,9H,8H2,1-3H3,(H,19,20)",CC(C)COC1=C(C=C(C=C1)C1=NC(C)=C(S1)C(O)=O)C#N
DB04855,"['CYP3A5', 'CYP2D6', 'CYP3A4']",Dronedarone,"InChI=1S/C31H44N2O5S/c1-5-8-12-29-30(27-23-25(32-39(4,35)36)15-18-28(27)38-29)31(34)24-13-16-26(17-14-24)37-22-11-21-33(19-9-6-2)20-10-7-3/h13-18,23,32H,5-12,19-22H2,1-4H3",CCCCN(CCCC)CCCOC1=CC=C(C=C1)C(=O)C1=C(CCCC)OC2=C1C=C(NS(C)(=O)=O)C=C2
DB04856,"['CYP2B6', 'CYP2E1', 'CYP3A4', 'CYP2C9', 'CYP3A5']",Dexloxiglumide,"InChI=1S/C21H30Cl2N2O5/c1-3-4-5-11-25(12-6-13-30-2)21(29)18(9-10-19(26)27)24-20(28)15-7-8-16(22)17(23)14-15/h7-8,14,18H,3-6,9-13H2,1-2H3,(H,24,28)(H,26,27)/t18-/m1/s1",CCCCCN(CCCOC)C(=O)[C@@H](CCC(O)=O)NC(=O)C1=CC(Cl)=C(Cl)C=C1
DB04858,['CYP2E1'],Tirapazamine,"InChI=1S/C7H6N4O2/c8-7-9-11(13)6-4-2-1-3-5(6)10(7)12/h1-4H,(H2,8,9)",NC1=[N+]([O-])C2=C(C=CC=C2)[N+]([O-])=N1
DB04861,"['CYP3A4', 'CYP2C19', 'CYP2D6']",Nebivolol,"InChI=1S/C22H25F2NO4/c23-15-3-7-19-13(9-15)1-5-21(28-19)17(26)11-25-12-18(27)22-6-2-14-10-16(24)4-8-20(14)29-22/h3-4,7-10,17-18,21-22,25-27H,1-2,5-6,11-12H2",OC(CNCC(O)C1CCC2=C(O1)C=CC(F)=C2)C1CCC2=C(O1)C=CC(F)=C2
DB04868,"['CYP3A4', 'CYP2C8', 'CYP2C9', 'CYP2D6', 'CYP2B6']",Nilotinib,"InChI=1S/C28H22F3N7O/c1-17-5-6-19(10-25(17)37-27-33-9-7-24(36-27)20-4-3-8-32-14-20)26(39)35-22-11-21(28(29,30)31)12-23(13-22)38-15-18(2)34-16-38/h3-16H,1-2H3,(H,35,39)(H,33,36,37)",CC1=CN(C=N1)C1=CC(NC(=O)C2=CC=C(C)C(NC3=NC=CC(=N3)C3=CN=CC=C3)=C2)=CC(=C1)C(F)(F)F
DB04871,"['CYP1A2', 'CYP2A6', 'CYP2B6', 'CYP2C19', 'CYP2D6', 'CYP3A4', 'CYP1A1']",Lorcaserin,"InChI=1S/C11H14ClN/c1-8-7-13-5-4-9-2-3-10(12)6-11(8)9/h2-3,6,8,13H,4-5,7H2,1H3/t8-/m0/s1",C[C@H]1CNCCC2=CC=C(Cl)C=C12
DB04884,"['CYP3A4', 'CYP2D6']",Dapoxetine,"InChI=1S/C21H23NO/c1-22(2)20(18-10-4-3-5-11-18)15-16-23-21-14-8-12-17-9-6-7-13-19(17)21/h3-14,20H,15-16H2,1-2H3/t20-/m0/s1",CN(C)[C@@H](CCOC1=CC=CC2=CC=CC=C12)C1=CC=CC=C1
DB04886,['CYP3A4'],Calanolide A,"InChI=1S/C22H26O5/c1-6-7-13-10-15(23)26-21-16(13)20-14(8-9-22(4,5)27-20)19-17(21)18(24)11(2)12(3)25-19/h8-12,18,24H,6-7H2,1-5H3/t11-,12-,18+/m1/s1",CCCC1=CC(=O)OC2=C1C1=C(C=CC(C)(C)O1)C1=C2[C@@H](O)[C@H](C)[C@@H](C)O1
DB04889,"['CYP2D6', 'CYP1A2']",Bicifadine,"InChI=1S/C12H15N/c1-9-2-4-10(5-3-9)12-6-11(12)7-13-8-12/h2-5,11,13H,6-8H2,1H3",CC1=CC=C(C=C1)C12CC1CNC2
DB04896,['CYP3A4'],Milnacipran,"InChI=1S/C15H22N2O/c1-3-17(4-2)14(18)15(10-13(15)11-16)12-8-6-5-7-9-12/h5-9,13H,3-4,10-11,16H2,1-2H3",CCN(CC)C(=O)C1(CC1CN)C1=CC=CC=C1
DB04898,['CYP2C9'],Ximelagatran,"InChI=1S/C24H35N5O5/c1-2-34-20(30)15-26-21(17-6-4-3-5-7-17)24(32)29-13-12-19(29)23(31)27-14-16-8-10-18(11-9-16)22(25)28-33/h8-11,17,19,21,26,33H,2-7,12-15H2,1H3,(H2,25,28)(H,27,31)/t19-,21+/m0/s1",CCOC(=O)CN[C@@H](C(=O)N1CC[C@H]1C(=O)NCC1=CC=C(C=C1)C(\N)=N\O)C1CCCCC1
DB04905,"['CYP3A4', 'CYP2D6', 'CYP1A1']",Tesmilifene,"InChI=1S/C19H25NO/c1-3-20(4-2)14-15-21-19-12-10-18(11-13-19)16-17-8-6-5-7-9-17/h5-13H,3-4,14-16H2,1-2H3",CCN(CC)CCOC1=CC=C(CC2=CC=CC=C2)C=C1
DB04908,['CYP3A4'],Flibanserin,"InChI=1S/C20H21F3N4O/c21-20(22,23)15-4-3-5-16(14-15)26-11-8-25(9-12-26)10-13-27-18-7-2-1-6-17(18)24-19(27)28/h1-7,14H,8-13H2,(H,24,28)",FC(F)(F)C1=CC(=CC=C1)N1CCN(CCN2C(=O)NC3=CC=CC=C23)CC1
DB04911,"['CYP3A4', 'CYP2D6', 'CYP2C9', 'CYP2C19']",Oritavancin,"InChI=1S/C86H97Cl3N10O26/c1-35(2)22-51(92-7)77(110)98-67-69(105)42-15-20-55(49(88)24-42)120-57-26-44-27-58(73(57)125-84-74(71(107)70(106)59(34-100)122-84)124-62-32-86(6,76(109)37(4)119-62)93-33-38-8-10-39(11-9-38)40-12-17-45(87)18-13-40)121-56-21-16-43(25-50(56)89)72(123-61-31-85(5,91)75(108)36(3)118-61)68-82(115)97-66(83(116)117)48-28-46(101)29-54(103)63(48)47-23-41(14-19-53(47)102)64(79(112)99-68)96-80(113)65(44)95-78(111)52(30-60(90)104)94-81(67)114/h8-21,23-29,35-37,51-52,59,61-62,64-72,74-76,84,92-93,100-103,105-109H,22,30-34,91H2,1-7H3,(H2,90,104)(H,94,114)(H,95,111)(H,96,113)(H,97,115)(H,98,110)(H,99,112)(H,116,117)/t36-,37-,51+,52-,59+,61-,62-,64+,65+,66-,67+,68-,69+,70+,71-,72+,74+,75-,76-,84-,85-,86-/m0/s1",CN[C@H](CC(C)C)C(=O)N[C@@H]1[C@H](O)C2=CC=C(OC3=C(O[C@@H]4O[C@H](CO)[C@@H](O)[C@H](O)[C@H]4O[C@H]4C[C@](C)(NCC5=CC=C(C=C5)C5=CC=C(Cl)C=C5)[C@@H](O)[C@H](C)O4)C4=CC(=C3)[C@@H](NC(=O)[C@H](CC(N)=O)NC1=O)C(=O)N[C@@H]1C3=CC(=C(O)C=C3)C3=C(O)C=C(O)C=C3[C@H](NC(=O)[C@@H](NC1=O)[C@H](O[C@H]1C[C@](C)(N)[C@@H](O)[C@H](C)O1)C1=CC(Cl)=C(O4)C=C1)C(O)=O)C(Cl)=C2
DB04920,"['CYP2C9', 'CYP2D6', 'CYP2E1', 'CYP2C19', 'CYP3A4']",Clevidipine,"InChI=1S/C21H23Cl2NO6/c1-5-7-15(25)29-10-30-21(27)17-12(3)24-11(2)16(20(26)28-4)18(17)13-8-6-9-14(22)19(13)23/h6,8-9,18,24H,5,7,10H2,1-4H3",CCCC(=O)OCOC(=O)C1=C(C)NC(C)=C(C1C1=CC=CC(Cl)=C1Cl)C(=O)OC
DB04930,['CYP2B6'],Permethrin,"InChI=1S/C21H20Cl2O3/c1-21(2)17(12-18(22)23)19(21)20(24)25-13-14-7-6-10-16(11-14)26-15-8-4-3-5-9-15/h3-12,17,19H,13H2,1-2H3",CC1(C)C(C=C(Cl)Cl)C1C(=O)OCC1=CC(OC2=CC=CC=C2)=CC=C1
DB04934,['CYP3A4'],Rifalazil,"InChI=1S/C51H64N4O13/c1-24(2)23-54-16-18-55(19-17-54)32-21-33(57)39-35(22-32)67-48-40(52-39)36-37-44(60)30(8)47-38(36)49(62)51(10,68-47)65-20-15-34(64-11)27(5)46(66-31(9)56)29(7)43(59)28(6)42(58)25(3)13-12-14-26(4)50(63)53-41(48)45(37)61/h12-15,20-22,24-25,27-29,34,42-43,46,57-60H,16-19,23H2,1-11H3,(H,53,63)/b13-12+,20-15+,26-14-/t25-,27+,28+,29+,34-,42-,43+,46+,51-/m0/s1",CO[C@H]1\C=C\O[C@@]2(C)OC3=C(C)C(O)=C4C(=O)C(NC(=O)\C(C)=C/C=C/[C@H](C)[C@H](O)[C@@H](C)[C@@H](O)[C@@H](C)[C@H](OC(C)=O)[C@@H]1C)=C1OC5=CC(=CC(O)=C5N=C1C4=C3C2=O)N1CCN(CC(C)C)CC1
DB04938,"['CYP3A4', 'CYP2C9', 'CYP2C19', 'CYP2B6', 'CYP2D6']",Ospemifene,"InChI=1S/C24H23ClO2/c25-16-15-23(19-7-3-1-4-8-19)24(20-9-5-2-6-10-20)21-11-13-22(14-12-21)27-18-17-26/h1-14,26H,15-18H2/b24-23-",OCCOC1=CC=C(C=C1)C(=C(\CCCl)C1=CC=CC=C1)\C1=CC=CC=C1
DB04946,"['CYP3A4', 'CYP2D6']",Iloperidone,"InChI=1S/C24H27FN2O4/c1-16(28)18-4-7-21(23(14-18)29-2)30-13-3-10-27-11-8-17(9-12-27)24-20-6-5-19(25)15-22(20)31-26-24/h4-7,14-15,17H,3,8-13H2,1-2H3",COC1=C(OCCCN2CCC(CC2)C2=NOC3=C2C=CC(F)=C3)C=CC(=C1)C(C)=O
DB04948,"['CYP2D6', 'CYP1A2', 'CYP2C19']",Lofexidine,"InChI=1S/C11H12Cl2N2O/c1-7(11-14-5-6-15-11)16-10-8(12)3-2-4-9(10)13/h2-4,7H,5-6H2,1H3,(H,14,15)",CC(OC1=C(Cl)C=CC=C1Cl)C1=NCCN1
DB04951,"['CYP1A2', 'CYP2C9', 'CYP2C19', 'CYP2D6', 'CYP2E1', 'CYP3A4']",Pirfenidone,"InChI=1S/C12H11NO/c1-10-7-8-12(14)13(9-10)11-5-3-2-4-6-11/h2-9H,1H3",CC1=CN(C(=O)C=C1)C1=CC=CC=C1
DB04957,"['CYP2D6', 'CYP1A1', 'CYP3A4', 'CYP3A5']",Azimilide,"InChI=1S/C23H28ClN5O3/c1-26-12-14-27(15-13-26)10-2-3-11-28-22(30)17-29(23(28)31)25-16-20-8-9-21(32-20)18-4-6-19(24)7-5-18/h4-9,16H,2-3,10-15,17H2,1H3",CN1CCN(CCCCN2C(=O)CN(N=CC3=CC=C(O3)C3=CC=C(Cl)C=C3)C2=O)CC1
DB04975,"['CYP1A1', 'CYP3A4', 'CYP2B6']",Banoxantrone,"InChI=1S/C22H28N4O6/c1-25(2,31)11-9-23-13-5-6-14(24-10-12-26(3,4)32)18-17(13)21(29)19-15(27)7-8-16(28)20(19)22(18)30/h5-8,23-24,27-28H,9-12H2,1-4H3",C[N+](C)([O-])CCNC1=CC=C(NCC[N+](C)(C)[O-])C2=C1C(=O)C1=C(O)C=CC(O)=C1C2=O
DB04977,"['CYP3A4', 'CYP2A6', 'CYP2E1']",Plitidepsin,"InChI=1S/C57H87N7O15/c1-15-33(8)46-44(66)29-45(67)79-49(32(6)7)48(68)34(9)50(69)58-39(26-30(2)3)54(73)64-25-17-19-41(64)56(75)62(13)43(28-37-20-22-38(77-14)23-21-37)57(76)78-36(11)47(52(71)59-46)60-51(70)42(27-31(4)5)61(12)55(74)40-18-16-24-63(40)53(72)35(10)65/h20-23,30-34,36,39-44,46-47,49,66H,15-19,24-29H2,1-14H3,(H,58,69)(H,59,71)(H,60,70)/t33-,34-,36+,39-,40-,41-,42+,43-,44-,46+,47-,49-/m0/s1",[H][C@@]12CCCN1C(=O)[C@H](CC(C)C)NC(=O)[C@@H](C)C(=O)[C@@H](OC(=O)C[C@H](O)[C@]([H])(NC(=O)[C@@H](NC(=O)[C@@H](CC(C)C)N(C)C(=O)[C@@H]1CCCN1C(=O)C(C)=O)[C@@H](C)OC(=O)[C@H](CC1=CC=C(OC)C=C1)N(C)C2=O)[C@@H](C)CC)C(C)C
DB05015,"['CYP2C8', 'CYP2C9', 'CYP1A2', 'CYP3A4']",Belinostat,"InChI=1S/C15H14N2O4S/c18-15(16-19)10-9-12-5-4-8-14(11-12)22(20,21)17-13-6-2-1-3-7-13/h1-11,17,19H,(H,16,18)/b10-9+",ONC(=O)\C=C\C1=CC=CC(=C1)S(=O)(=O)NC1=CC=CC=C1
DB05039,['CYP3A4'],Indacaterol,"InChI=1S/C24H28N2O3/c1-3-14-9-16-11-18(12-17(16)10-15(14)4-2)25-13-22(28)19-5-7-21(27)24-20(19)6-8-23(29)26-24/h5-10,18,22,25,27-28H,3-4,11-13H2,1-2H3,(H,26,29)/t22-/m0/s1",CCC1=C(CC)C=C2CC(CC2=C1)NC[C@H](O)C1=C2C=CC(=O)NC2=C(O)C=C1
DB05087,"['CYP3A4', 'CYP3A5', 'CYP2B6', 'CYP2C19', 'CYP2D6']",Ganaxolone,"InChI=1S/C22H36O2/c1-14(23)17-7-8-18-16-6-5-15-13-20(2,24)11-12-21(15,3)19(16)9-10-22(17,18)4/h15-19,24H,5-13H2,1-4H3/t15-,16-,17+,18-,19-,20+,21-,22+/m0/s1",[H][C@@]12CC[C@H](C(C)=O)[C@@]1(C)CC[C@@]1([H])[C@@]2([H])CC[C@@]2([H])C[C@](C)(O)CC[C@]12C
DB05109,"['CYP3A4', 'CYP2C9', 'CYP2D6', 'CYP2E1', 'CYP2C19']",Trabectedin,"InChI=1S/C39H43N3O11S/c1-16-9-20-10-22-37(46)42-23-13-50-38(47)39(21-12-25(48-5)24(44)11-19(21)7-8-40-39)14-54-36(30(42)29(41(22)4)26(20)31(45)32(16)49-6)28-27(23)35-34(51-15-52-35)17(2)33(28)53-18(3)43/h9,11-12,22-23,29-30,36-37,40,44-46H,7-8,10,13-15H2,1-6H3/t22-,23-,29+,30+,36+,37-,39+/m0/s1",[H][C@@]12[C@@H]3SC[C@]4(NCCC5=C4C=C(OC)C(O)=C5)C(=O)OC[C@H](N1[C@@H](O)[C@@H]1CC4=CC(C)=C(OC)C(O)=C4[C@H]2N1C)C1=C2OCOC2=C(C)C(OC(C)=O)=C31
DB05154,['CYP3A4'],Pretomanid,"InChI=1S/C14H12F3N3O5/c15-14(16,17)25-10-3-1-9(2-4-10)7-23-11-5-19-6-12(20(21)22)18-13(19)24-8-11/h1-4,6,11H,5,7-8H2/t11-/m0/s1",[O-][N+](=O)C1=CN2C[C@@H](COC2=N1)OCC1=CC=C(OC(F)(F)F)C=C1
DB05187,"['CYP2C8', 'CYP3A4']",Elafibranor,"InChI=1S/C22H24O4S/c1-14-12-16(13-15(2)20(14)26-22(3,4)21(24)25)6-11-19(23)17-7-9-18(27-5)10-8-17/h6-13H,1-5H3,(H,24,25)/b11-6+",CSC1=CC=C(C=C1)C(=O)\C=C\C1=CC(C)=C(OC(C)(C)C(O)=O)C(C)=C1
DB05212,['CYP3A4'],HE3286,"InChI=1S/C21H30O3/c1-4-21(24)10-7-16-18-15(6-9-20(16,21)3)19(2)8-5-14(22)11-13(19)12-17(18)23/h1,12,14-18,22-24H,5-11H2,2-3H3/t14-,15-,16-,17-,18+,19-,20-,21-/m0/s1",[H][C@@]12CC[C@@](O)(C#C)[C@@]1(C)CC[C@@]1([H])[C@@]2([H])[C@@H](O)C=C2C[C@@H](O)CC[C@]12C
DB05219,"['CYP2B6', 'CYP2C8', 'CYP2C9']",Crisaborole,"InChI=1S/C14H10BNO3/c16-8-10-1-3-12(4-2-10)19-13-5-6-14-11(7-13)9-18-15(14)17/h1-7,17H,9H2",OB1OCC2=C1C=CC(OC1=CC=C(C=C1)C#N)=C2
DB05229,['CYP2C8'],Beraprost,"InChI=1S/C24H30O5/c1-3-4-7-15(2)19(25)13-12-17-20(26)14-21-23(17)18-10-5-8-16(24(18)29-21)9-6-11-22(27)28/h5,8,10,12-13,15,17,19-21,23,25-26H,6-7,9,11,14H2,1-2H3,(H,27,28)/b13-12+/t15?,17-,19+,20+,21-,23-/m0/s1",[H][C@]12C[C@@H](O)[C@H](\C=C\[C@@H](O)C(C)CC#CC)[C@@]1([H])C1=C(O2)C(CCCC(O)=O)=CC=C1
DB05239,"['CYP3A4', 'CYP2D6', 'CYP3A5']",Cobimetinib,"InChI=1S/C21H21F3IN3O2/c22-14-6-5-13(19(18(14)24)27-16-7-4-12(25)9-15(16)23)20(29)28-10-21(30,11-28)17-3-1-2-8-26-17/h4-7,9,17,26-27,30H,1-3,8,10-11H2/t17-/m0/s1",OC1(CN(C1)C(=O)C1=C(NC2=C(F)C=C(I)C=C2)C(F)=C(F)C=C1)[C@@H]1CCCCN1
DB05246,['CYP2C19'],Methsuximide,"InChI=1S/C12H13NO2/c1-12(9-6-4-3-5-7-9)8-10(14)13(2)11(12)15/h3-7H,8H2,1-2H3",CN1C(=O)CC(C)(C1=O)C1=CC=CC=C1
DB05271,"['CYP3A4', 'CYP2D6', 'CYP2C19']",Rotigotine,"InChI=1S/C19H25NOS/c1-2-11-20(12-10-17-6-4-13-22-17)16-8-9-18-15(14-16)5-3-7-19(18)21/h3-7,13,16,21H,2,8-12,14H2,1H3/t16-/m0/s1",CCCN(CCC1=CC=CS1)[C@H]1CCC2=C(O)C=CC=C2C1
DB05294,['CYP3A4'],Vandetanib,"InChI=1S/C22H24BrFN4O2/c1-28-7-5-14(6-8-28)12-30-21-11-19-16(10-20(21)29-2)22(26-13-25-19)27-18-4-3-15(23)9-17(18)24/h3-4,9-11,13-14H,5-8,12H2,1-2H3,(H,25,26,27)",COC1=C(OCC2CCN(C)CC2)C=C2N=CN=C(NC3=C(F)C=C(Br)C=C3)C2=C1
DB05316,"['CYP3A4', 'CYP3A5', 'CYP2D6']",Pimavanserin,"InChI=1S/C25H34FN3O2/c1-19(2)18-31-24-10-6-20(7-11-24)16-27-25(30)29(23-12-14-28(3)15-13-23)17-21-4-8-22(26)9-5-21/h4-11,19,23H,12-18H2,1-3H3,(H,27,30)",CC(C)COC1=CC=C(CNC(=O)N(CC2=CC=C(F)C=C2)C2CCN(C)CC2)C=C1
DB05351,"['CYP2C19', 'CYP3A4']",Dexlansoprazole,"InChI=1S/C16H14F3N3O2S/c1-10-13(20-7-6-14(10)24-9-16(17,18)19)8-25(23)15-21-11-4-2-3-5-12(11)22-15/h2-7H,8-9H2,1H3,(H,21,22)/t25-/m1/s1",CC1=C(OCC(F)(F)F)C=CN=C1C[S@@](=O)C1=NC2=CC=CC=C2N1
DB05467,"['CYP3A4', 'CYP2C8', 'CYP2C19', 'CYP2B6']",Palovarotene,"InChI=1S/C27H30N2O2/c1-26(2)12-13-27(3,4)24-17-22(18-29-15-5-14-28-29)21(16-23(24)26)11-8-19-6-9-20(10-7-19)25(30)31/h5-11,14-17H,12-13,18H2,1-4H3,(H,30,31)/b11-8+",CC1(C)CCC(C)(C)C2=C1C=C(CN1C=CC=N1)C(\C=C\C1=CC=C(C=C1)C(O)=O)=C2
DB05482,['CYP3A4'],SN-38,"InChI=1S/C22H20N2O5/c1-3-12-13-7-11(25)5-6-17(13)23-19-14(12)9-24-18(19)8-16-15(20(24)26)10-29-21(27)22(16,28)4-2/h5-8,25,28H,3-4,9-10H2,1-2H3/t22-/m0/s1",CCC1=C2C=C(O)C=CC2=NC2=C1CN1C2=CC2=C(COC(=O)[C@]2(O)CC)C1=O
DB05501,"['CYP3A4', 'CYP2D6', 'CYP3A5', 'CYP2C19', 'CYP2B6', 'CYP1A2', 'CYP2C8', 'CYP2C9']",Mavorixafor,"InChI=1S/C21H27N5/c22-12-3-4-14-26(15-20-24-17-9-1-2-10-18(17)25-20)19-11-5-7-16-8-6-13-23-21(16)19/h1-2,6,8-10,13,19H,3-5,7,11-12,14-15,22H2,(H,24,25)/t19-/m0/s1",NCCCCN(CC1=NC2=CC=CC=C2N1)[C@H]1CCCC2=C1N=CC=C2
DB05521,['CYP3A4'],Telaprevir,"InChI=1S/C36H53N7O6/c1-5-10-25(29(44)34(48)39-23-15-16-23)40-33(47)28-24-14-9-13-22(24)20-43(28)35(49)30(36(2,3)4)42-32(46)27(21-11-7-6-8-12-21)41-31(45)26-19-37-17-18-38-26/h17-19,21-25,27-28,30H,5-16,20H2,1-4H3,(H,39,48)(H,40,47)(H,41,45)(H,42,46)/t22-,24-,25-,27-,28-,30+/m0/s1",[H][C@@]12CCC[C@]1([H])[C@H](N(C2)C(=O)[C@@H](NC(=O)[C@@H](NC(=O)C1=NC=CN=C1)C1CCCCC1)C(C)(C)C)C(=O)N[C@@H](CCC)C(=O)C(=O)NC1CC1
DB05541,"['CYP3A4', 'CYP2C19', 'CYP2B6', 'CYP2C9']",Brivaracetam,"InChI=1S/C11H20N2O2/c1-3-5-8-6-10(14)13(7-8)9(4-2)11(12)15/h8-9H,3-7H2,1-2H3,(H2,12,15)/t8-,9+/m1/s1",CCC[C@H]1CN([C@@H](CC)C(N)=O)C(=O)C1
DB05667,"['CYP3A4', 'CYP2B6', 'CYP2C8', 'CYP1A2', 'CYP3A5']",Levoketoconazole,"InChI=1S/C26H28Cl2N4O4/c1-19(33)31-10-12-32(13-11-31)21-3-5-22(6-4-21)34-15-23-16-35-26(36-23,17-30-9-8-29-18-30)24-7-2-20(27)14-25(24)28/h2-9,14,18,23H,10-13,15-17H2,1H3/t23-,26-/m1/s1",CC(=O)N1CCN(CC1)C1=CC=C(OC[C@@H]2CO[C@](CN3C=CN=C3)(O2)C2=CC=C(Cl)C=C2Cl)C=C1
DB05676,"['CYP3A4', 'CYP2A6', 'CYP1A2']",Apremilast,"InChI=1S/C22H24N2O7S/c1-5-31-19-11-14(9-10-18(19)30-3)17(12-32(4,28)29)24-21(26)15-7-6-8-16(23-13(2)25)20(15)22(24)27/h6-11,17H,5,12H2,1-4H3,(H,23,25)/t17-/m1/s1",CCOC1=CC(=CC=C1OC)[C@@H](CS(C)(=O)=O)N1C(=O)C2=CC=CC(NC(C)=O)=C2C1=O
DB05708,"['CYP1A2', 'CYP2E1']",GTS-21,"InChI=1S/C19H20N2O2/c1-22-17-8-7-14(18(12-17)23-2)11-15-5-4-10-21-19(15)16-6-3-9-20-13-16/h3,6-9,11-13H,4-5,10H2,1-2H3/b15-11+",[H]\C(=C1\CCCN=C1C1=CN=CC=C1)C1=C(OC)C=C(OC)C=C1
DB05804,['CYP3A7'],Prasterone sulfate,"InChI=1S/C19H28O5S/c1-18-9-7-13(24-25(21,22)23)11-12(18)3-4-14-15-5-6-17(20)19(15,2)10-8-16(14)18/h3,13-16H,4-11H2,1-2H3,(H,21,22,23)/t13-,14-,15-,16-,18-,19-/m0/s1",[H][C@@]12CCC(=O)[C@@]1(C)CC[C@@]1([H])[C@@]2([H])CC=C2C[C@H](CC[C@]12C)OS(O)(=O)=O
DB05812,"['CYP3A4', 'CYP1A2', 'CYP2D6', 'CYP2C8', 'CYP2C9', 'CYP2C19', 'CYP3A5']",Abiraterone,"InChI=1S/C24H31NO/c1-23-11-9-18(26)14-17(23)5-6-19-21-8-7-20(16-4-3-13-25-15-16)24(21,2)12-10-22(19)23/h3-5,7,13,15,18-19,21-22,26H,6,8-12,14H2,1-2H3/t18-,19-,21-,22-,23-,24+/m0/s1",[H][C@@]12CC=C(C3=CC=CN=C3)[C@@]1(C)CC[C@@]1([H])[C@@]2([H])CC=C2C[C@@H](O)CC[C@]12C
DB05814,['CYP3A4'],GPI-1485,"InChI=1S/C12H19NO4/c1-4-12(2,3)9(14)10(15)13-7-5-6-8(13)11(16)17/h8H,4-7H2,1-3H3,(H,16,17)/t8-/m0/s1",CCC(C)(C)C(=O)C(=O)N1CCC[C@H]1C(O)=O
DB05885,['CYP3A4'],Seletracetam,"InChI=1S/C10H14F2N2O2/c1-2-7(10(13)16)14-5-6(3-8(11)12)4-9(14)15/h3,6-7H,2,4-5H2,1H3,(H2,13,16)/t6-,7+/m1/s1",CC[C@H](N1C[C@@H](CC1=O)C=C(F)F)C(N)=O
DB05903,['CYP3A4'],KOS-1584,"InChI=1S/C27H39NO5S/c1-16-9-8-10-17(2)25(31)19(4)26(32)27(6,7)23(29)14-24(30)33-22(12-11-16)18(3)13-21-15-34-20(5)28-21/h8,10-11,13,15,17,19,22-23,25,29,31H,9,12,14H2,1-7H3/b10-8+,16-11-,18-13+/t17-,19+,22-,23-,25-/m0/s1",C[C@H]1\C=C\C\C(C)=C/C[C@H](OC(=O)C[C@H](O)C(C)(C)C(=O)[C@H](C)[C@H]1O)C(\C)=C\C1=CSC(C)=N1
DB05928,"['CYP1A1', 'CYP1A2', 'CYP2C19', 'CYP3A4']",Dovitinib,"InChI=1S/C21H21FN6O/c1-27-7-9-28(10-8-27)12-5-6-14-16(11-12)25-20(24-14)18-19(23)17-13(22)3-2-4-15(17)26-21(18)29/h2-6,11H,7-10H2,1H3,(H,24,25)(H3,23,26,29)",CN1CCN(CC1)C1=CC=C2N=C(NC2=C1)C1=C(N)C2=C(NC1=O)C=CC=C2F
DB05990,['CYP1A2'],Obeticholic acid,"InChI=1S/C26H44O4/c1-5-17-21-14-16(27)10-12-26(21,4)20-11-13-25(3)18(15(2)6-9-22(28)29)7-8-19(25)23(20)24(17)30/h15-21,23-24,27,30H,5-14H2,1-4H3,(H,28,29)/t15-,16-,17-,18-,19+,20+,21+,23+,24-,25-,26-/m1/s1",[H][C@@]1(CC[C@@]2([H])[C@]3([H])[C@H](O)[C@H](CC)[C@]4([H])C[C@H](O)CC[C@]4(C)[C@@]3([H])CC[C@]12C)[C@H](C)CCC(O)=O
DB06016,"['CYP3A4', 'CYP2D6', 'CYP3A5', 'CYP1A2', 'CYP2C9', 'CYP2C19', 'CYP2E1']",Cariprazine,"InChI=1S/C21H32Cl2N4O/c1-25(2)21(28)24-17-8-6-16(7-9-17)10-11-26-12-14-27(15-13-26)19-5-3-4-18(22)20(19)23/h3-5,16-17H,6-15H2,1-2H3,(H,24,28)/t16-,17-",CN(C)C(=O)N[C@H]1CC[C@H](CCN2CCN(CC2)C2=C(Cl)C(Cl)=CC=C2)CC1
DB06045,['CYP3A4'],Trofinetide,"InChI=1S/C13H21N3O6/c1-13(5-2-6-16(13)9(17)7-14)12(22)15-8(11(20)21)3-4-10(18)19/h8H,2-7,14H2,1H3,(H,15,22)(H,18,19)(H,20,21)/t8-,13-/m0/s1",C[C@]1(CCCN1C(=O)CN)C(=O)N[C@@H](CCC(O)=O)C(O)=O
DB06077,"['CYP3A4', 'CYP2C8', 'CYP1A2']",Lumateperone,"InChI=1S/C24H28FN3O/c1-26-14-15-28-21-11-13-27(16-20(21)19-4-2-5-22(26)24(19)28)12-3-6-23(29)17-7-9-18(25)10-8-17/h2,4-5,7-10,20-21H,3,6,11-16H2,1H3/t20-,21-/m0/s1",[H][C@]12CCN(CCCC(=O)C3=CC=C(F)C=C3)C[C@@]1([H])C1=CC=CC3=C1N2CCN3C
DB06083,"['CYP1A2', 'CYP3A4', 'CYP2C9', 'CYP2C19', 'CYP2D6']",Tapinarof,"InChI=1S/C17H18O2/c1-12(2)17-15(18)10-14(11-16(17)19)9-8-13-6-4-3-5-7-13/h3-12,18-19H,1-2H3/b9-8+",CC(C)C1=C(O)C=C(\C=C\C2=CC=CC=C2)C=C1O
DB06119,"['CYP2E1', 'CYP2A6', 'CYP2B6', 'CYP2C19', 'CYP3A4', 'CYP3A5', 'CYP2C8']",Cenobamate,"InChI=1S/C10H10ClN5O2/c11-8-4-2-1-3-7(8)9(18-10(12)17)5-16-14-6-13-15-16/h1-4,6,9H,5H2,(H2,12,17)/t9-/m0/s1",NC(=O)O[C@@H](CN1N=CN=N1)C1=C(Cl)C=CC=C1
DB06137,"['CYP3A4', 'CYP2C8', 'CYP1A2', 'CYP2B6', 'CYP2C9', 'CYP2C19', 'CYP2D6']",Tirbanibulin,"InChI=1S/C26H29N3O3/c30-26(28-19-21-4-2-1-3-5-21)18-24-9-6-23(20-27-24)22-7-10-25(11-8-22)32-17-14-29-12-15-31-16-13-29/h1-11,20H,12-19H2,(H,28,30)",O=C(CC1=CC=C(C=N1)C1=CC=C(OCCN2CCOCC2)C=C1)NCC1=CC=CC=C1
DB06144,"['CYP2D6', 'CYP3A4']",Sertindole,"InChI=1S/C24H26ClFN4O/c25-18-1-6-23-21(15-18)22(16-30(23)20-4-2-19(26)3-5-20)17-7-10-28(11-8-17)13-14-29-12-9-27-24(29)31/h1-6,15-17H,7-14H2,(H,27,31)",FC1=CC=C(C=C1)N1C=C(C2CCN(CCN3CCNC3=O)CC2)C2=C1C=CC(Cl)=C2
DB06148,"['CYP1A2', 'CYP2B6', 'CYP2D6', 'CYP3A4']",Mianserin,"InChI=1S/C18H20N2/c1-19-10-11-20-17-9-5-3-7-15(17)12-14-6-2-4-8-16(14)18(20)13-19/h2-9,18H,10-13H2,1H3",CN1CCN2C(C1)C1=CC=CC=C1CC1=CC=CC=C21
DB06150,['CYP2C9'],Sulfadimethoxine,"InChI=1S/C12H14N4O4S/c1-19-11-7-10(14-12(15-11)20-2)16-21(17,18)9-5-3-8(13)4-6-9/h3-7H,13H2,1-2H3,(H,14,15,16)",COC1=NC(OC)=NC(NS(=O)(=O)C2=CC=C(N)C=C2)=C1
DB06152,['CYP3A4'],Nylidrin,"InChI=1S/C19H25NO2/c1-14(8-9-16-6-4-3-5-7-16)20-15(2)19(22)17-10-12-18(21)13-11-17/h3-7,10-15,19-22H,8-9H2,1-2H3",CC(CCC1=CC=CC=C1)NC(C)C(O)C1=CC=C(O)C=C1
DB06155,['CYP3A4'],Rimonabant,"InChI=1S/C22H21Cl3N4O/c1-14-20(22(30)27-28-11-3-2-4-12-28)26-29(19-10-9-17(24)13-18(19)25)21(14)15-5-7-16(23)8-6-15/h5-10,13H,2-4,11-12H2,1H3,(H,27,30)",CC1=C(N(N=C1C(=O)NN1CCCCC1)C1=C(Cl)C=C(Cl)C=C1)C1=CC=C(Cl)C=C1
DB06160,['CYP1A2'],Garenoxacin,"InChI=1S/C23H20F2N2O4/c1-11-15-5-2-12(8-13(15)9-26-11)16-6-7-17-19(21(16)31-23(24)25)27(14-3-4-14)10-18(20(17)28)22(29)30/h2,5-8,10-11,14,23,26H,3-4,9H2,1H3,(H,29,30)/t11-/m1/s1",C[C@H]1NCC2=CC(=CC=C12)C1=CC=C2C(=O)C(=CN(C3CC3)C2=C1OC(F)F)C(O)=O
DB06174,"['CYP2C9', 'CYP3A4']",Noscapine,"InChI=1S/C22H23NO7/c1-23-8-7-11-9-14-20(29-10-28-14)21(27-4)15(11)17(23)18-12-5-6-13(25-2)19(26-3)16(12)22(24)30-18/h5-6,9,17-18H,7-8,10H2,1-4H3/t17-,18+/m1/s1",[H][C@@]1(OC(=O)C2=C1C=CC(OC)=C2OC)[C@]1([H])N(C)CCC2=CC3=C(OCO3)C(OC)=C12
DB06176,"['CYP3A5', 'CYP1A1', 'CYP2B6', 'CYP2C19', 'CYP3A4']",Romidepsin,"InChI=1S/C24H36N4O6S2/c1-6-16-21(30)28-20(14(4)5)24(33)34-15-9-7-8-10-35-36-12-17(22(31)25-16)26-23(32)19(13(2)3)27-18(29)11-15/h6-7,9,13-15,17,19-20H,8,10-12H2,1-5H3,(H,25,31)(H,26,32)(H,27,29)(H,28,30)/b9-7+,16-6-/t15-,17-,19-,20+/m1/s1",C\C=C1/NC(=O)[C@H]2CSSCC\C=C\[C@H](CC(=O)N[C@H](C(C)C)C(=O)N2)OC(=O)[C@@H](NC1=O)C(C)C
DB06201,"['CYP2E1', 'CYP3A4']",Rufinamide,"InChI=1S/C10H8F2N4O/c11-7-2-1-3-8(12)6(7)4-16-5-9(10(13)17)14-15-16/h1-3,5H,4H2,(H2,13,17)",NC(=O)C1=CN(CC2=C(F)C=CC=C2F)N=N1
DB06203,"['CYP3A4', 'CYP2D6']",Alogliptin,"InChI=1S/C18H21N5O2/c1-21-17(24)9-16(22-8-4-7-15(20)12-22)23(18(21)25)11-14-6-3-2-5-13(14)10-19/h2-3,5-6,9,15H,4,7-8,11-12,20H2,1H3/t15-/m1/s1",CN1C(=O)C=C(N2CCC[C@@H](N)C2)N(CC2=C(C=CC=C2)C#N)C1=O
DB06204,"['CYP2C9', 'CYP2C19', 'CYP2D6']",Tapentadol,"InChI=1S/C14H23NO/c1-5-14(11(2)10-15(3)4)12-7-6-8-13(16)9-12/h6-9,11,14,16H,5,10H2,1-4H3/t11-,14+/m0/s1",CC[C@H]([C@@H](C)CN(C)C)C1=CC(O)=CC=C1
DB06207,['CYP3A4'],Silodosin,"InChI=1S/C25H32F3N3O4/c1-17(30-8-12-34-21-5-2-3-6-22(21)35-16-25(26,27)28)13-18-14-19-7-10-31(9-4-11-32)23(19)20(15-18)24(29)33/h2-3,5-6,14-15,17,30,32H,4,7-13,16H2,1H3,(H2,29,33)/t17-/m1/s1",C[C@H](CC1=CC2=C(N(CCCO)CC2)C(=C1)C(N)=O)NCCOC1=CC=CC=C1OCC(F)(F)F
DB06209,"['CYP3A4', 'CYP2B6', 'CYP2C9', 'CYP2C19']",Prasugrel,"InChI=1S/C20H20FNO3S/c1-12(23)25-18-10-14-11-22(9-8-17(14)26-18)19(20(24)13-6-7-13)15-4-2-3-5-16(15)21/h2-5,10,13,19H,6-9,11H2,1H3",CC(=O)OC1=CC2=C(CCN(C2)C(C(=O)C2CC2)C2=CC=CC=C2F)S1
DB06210,"['CYP1A2', 'CYP2C8']",Eltrombopag,"InChI=1S/C25H22N4O4/c1-14-10-11-19(12-15(14)2)29-24(31)22(16(3)28-29)27-26-21-9-5-8-20(23(21)30)17-6-4-7-18(13-17)25(32)33/h4-13,26,30H,1-3H3,(H,32,33)/b27-22-",CC1=NN(C(=O)\C1=N/NC1=CC=CC(C2=CC=CC(=C2)C(O)=O)=C1O)C1=CC=C(C)C(C)=C1
DB06212,['CYP3A4'],Tolvaptan,"InChI=1S/C26H25ClN2O3/c1-16-6-3-4-7-20(16)25(31)28-19-10-11-21(17(2)14-19)26(32)29-13-5-8-24(30)22-15-18(27)9-12-23(22)29/h3-4,6-7,9-12,14-15,24,30H,5,8,13H2,1-2H3,(H,28,31)/t24-/m1/s1",CC1=CC=CC=C1C(=O)NC1=CC(C)=C(C=C1)C(=O)N1CCC[C@@H](O)C2=C1C=CC(Cl)=C2
DB06216,"['CYP1A2', 'CYP2D6', 'CYP3A4']",Asenapine,"InChI=1S/C17H16ClNO/c1-19-9-14-12-4-2-3-5-16(12)20-17-7-6-11(18)8-13(17)15(14)10-19/h2-8,14-15H,9-10H2,1H3",CN1CC2C(C1)C1=C(OC3=CC=C(Cl)C=C23)C=CC=C1
DB06217,['CYP2D6'],Vernakalant,"InChI=1S/C20H31NO4/c1-23-19-8-7-15(13-20(19)24-2)10-12-25-18-6-4-3-5-17(18)21-11-9-16(22)14-21/h7-8,13,16-18,22H,3-6,9-12,14H2,1-2H3/t16-,17-,18-/m1/s1",COC1=C(OC)C=C(CCO[C@@H]2CCCC[C@H]2N2CC[C@@H](O)C2)C=C1
DB06218,"['CYP3A4', 'CYP2C9', 'CYP2C19']",Lacosamide,"InChI=1S/C13H18N2O3/c1-10(16)15-12(9-18-2)13(17)14-8-11-6-4-3-5-7-11/h3-7,12H,8-9H2,1-2H3,(H,14,17)(H,15,16)/t12-/m1/s1",COC[C@@H](NC(C)=O)C(=O)NCC1=CC=CC=C1
DB06228,"['CYP3A5', 'CYP3A4']",Rivaroxaban,"InChI=1S/C19H18ClN3O5S/c20-16-6-5-15(29-16)18(25)21-9-14-10-23(19(26)28-14)13-3-1-12(2-4-13)22-7-8-27-11-17(22)24/h1-6,14H,7-11H2,(H,21,25)/t14-/m0/s1",ClC1=CC=C(S1)C(=O)NC[C@H]1CN(C(=O)O1)C1=CC=C(C=C1)N1CCOCC1=O
DB06230,"['CYP3A4', 'CYP3A5']",Nalmefene,"InChI=1S/C21H25NO3/c1-12-6-7-21(24)16-10-14-4-5-15(23)18-17(14)20(21,19(12)25-18)8-9-22(16)11-13-2-3-13/h4-5,13,16,19,23-24H,1-3,6-11H2/t16-,19+,20+,21-/m1/s1",OC1=CC=C2C[C@H]3N(CC4CC4)CC[C@@]45[C@@H](OC1=C24)C(=C)CC[C@@]35O
DB06233,['CYP3A4'],Ridaforolimus,"InChI=1S/C53H84NO14P/c1-32-18-14-13-15-19-33(2)44(63-8)30-40-23-21-38(7)53(61,67-40)50(58)51(59)54-25-17-16-20-41(54)52(60)66-45(35(4)28-39-22-24-43(46(29-39)64-9)68-69(11,12)62)31-42(55)34(3)27-37(6)48(57)49(65-10)47(56)36(5)26-32/h13-15,18-19,27,32,34-36,38-41,43-46,48-49,57,61H,16-17,20-26,28-31H2,1-12H3/b15-13+,18-14+,33-19+,37-27+/t32-,34-,35-,36-,38-,39+,40+,41+,43-,44+,45+,46-,48-,49+,53-/m1/s1",CO[C@@H]1C[C@H](C[C@@H](C)[C@@H]2CC(=O)[C@H](C)\C=C(C)\[C@@H](O)[C@@H](OC)C(=O)[C@H](C)C[C@H](C)\C=C\C=C\C=C(C)\[C@H](C[C@@H]3CC[C@@H](C)[C@@](O)(O3)C(=O)C(=O)N3CCCC[C@H]3C(=O)O2)OC)CC[C@H]1OP(C)(C)=O
DB06234,"['CYP3A4', 'CYP1A2']",Maribavir,"InChI=1S/C15H19Cl2N3O4/c1-6(2)18-15-19-9-3-7(16)8(17)4-10(9)20(15)14-13(23)12(22)11(5-21)24-14/h3-4,6,11-14,21-23H,5H2,1-2H3,(H,18,19)/t11-,12-,13-,14-/m0/s1",CC(C)NC1=NC2=CC(Cl)=C(Cl)C=C2N1[C@H]1O[C@@H](CO)[C@H](O)[C@@H]1O
DB06235,['CYP1A2'],Vadimezan,"InChI=1S/C17H14O4/c1-9-6-7-13-15(20)12-5-3-4-11(8-14(18)19)17(12)21-16(13)10(9)2/h3-7H,8H2,1-2H3,(H,18,19)",CC1=C(C)C2=C(C=C1)C(=O)C1=CC=CC(CC(O)=O)=C1O2
DB06237,"['CYP3A4', 'CYP2C9']",Avanafil,"InChI=1S/C23H26ClN7O3/c1-34-19-6-5-15(10-18(19)24)11-27-21-17(22(33)28-13-20-25-7-3-8-26-20)12-29-23(30-21)31-9-2-4-16(31)14-32/h3,5-8,10,12,16,32H,2,4,9,11,13-14H2,1H3,(H,28,33)(H,27,29,30)/t16-/m0/s1",COC1=C(Cl)C=C(CNC2=C(C=NC(=N2)N2CCC[C@H]2CO)C(=O)NCC2=NC=CC=N2)C=C1
DB06264,['CYP1A2'],Tolperisone,"InChI=1S/C16H23NO/c1-13-6-8-15(9-7-13)16(18)14(2)12-17-10-4-3-5-11-17/h6-9,14H,3-5,10-12H2,1-2H3",CC(CN1CCCCC1)C(=O)C1=CC=C(C)C=C1
DB06267,"['CYP3A4', 'CYP3A5']",Udenafil,"InChI=1S/C25H36N6O4S/c1-5-8-20-22-23(31(4)29-20)25(32)28-24(27-22)19-16-18(10-11-21(19)35-15-6-2)36(33,34)26-13-12-17-9-7-14-30(17)3/h10-11,16-17,26H,5-9,12-15H2,1-4H3,(H,27,28,32)",CCCOC1=C(C=C(C=C1)S(=O)(=O)NCCC1CCCN1C)C1=NC(=O)C2=C(N1)C(CCC)=NN2C
DB06268,"['CYP2C19', 'CYP2C9', 'CYP3A4']",Sitaxentan,"InChI=1S/C18H15ClN2O6S2/c1-9-5-13-14(26-8-25-13)7-11(9)6-12(22)17-15(3-4-28-17)29(23,24)21-18-16(19)10(2)20-27-18/h3-5,7,21H,6,8H2,1-2H3",CC1=NOC(NS(=O)(=O)C2=C(SC=C2)C(=O)CC2=CC3=C(OCO3)C=C2C)=C1Cl
DB06281,[],Torcetrapib,"InChI=1S/C26H25F9N2O4/c1-4-18-12-21(19-11-15(24(27,28)29)6-7-20(19)37(18)23(39)41-5-2)36(22(38)40-3)13-14-8-16(25(30,31)32)10-17(9-14)26(33,34)35/h6-11,18,21H,4-5,12-13H2,1-3H3/t18-,21+/m1/s1",CCOC(=O)N1[C@H](CC)C[C@H](N(CC2=CC(=CC(=C2)C(F)(F)F)C(F)(F)F)C(=O)OC)C2=C1C=CC(=C2)C(F)(F)F
DB06282,['CYP3A4'],Levocetirizine,"InChI=1S/C21H25ClN2O3/c22-19-8-6-18(7-9-19)21(17-4-2-1-3-5-17)24-12-10-23(11-13-24)14-15-27-16-20(25)26/h1-9,21H,10-16H2,(H,25,26)/t21-/m1/s1",OC(=O)COCCN1CCN(CC1)[C@H](C1=CC=CC=C1)C1=CC=C(Cl)C=C1
DB06287,"['CYP2D6', 'CYP3A4', 'CYP3A5', 'CYP3A7']",Temsirolimus,"InChI=1S/C56H87NO16/c1-33-17-13-12-14-18-34(2)45(68-9)29-41-22-20-39(7)56(67,73-41)51(63)52(64)57-24-16-15-19-42(57)53(65)71-46(30-43(60)35(3)26-38(6)49(62)50(70-11)48(61)37(5)25-33)36(4)27-40-21-23-44(47(28-40)69-10)72-54(66)55(8,31-58)32-59/h12-14,17-18,26,33,35-37,39-42,44-47,49-50,58-59,62,67H,15-16,19-25,27-32H2,1-11H3/b14-12+,17-13+,34-18+,38-26+/t33-,35-,36-,37-,39-,40+,41+,42+,44-,45+,46+,47-,49-,50+,56-/m1/s1",OCC(C)(CO)C(=O)O[C@@H]1CC[C@@H](C[C@@H](C)[C@]2([H])CC(=O)[C@H](C)\C=C(C)\[C@@H](O)[C@@H](OC)C(=O)[C@H](C)C[C@H](C)\C=C\C=C\C=C(C)\[C@@H](OC)C[C@]3([H])CC[C@@H](C)[C@@](O)(O3)C(=O)C(=O)N3CCCC[C@H]3C(=O)O2)C[C@H]1OC
DB06290,"['CYP1A2', 'CYP3A4']",Simeprevir,"InChI=1S/C38H47N5O7S2/c1-21(2)30-20-51-35(40-30)29-18-32(26-13-14-31(49-5)22(3)33(26)39-29)50-24-16-27-28(17-24)36(45)43(4)15-9-7-6-8-10-23-19-38(23,41-34(27)44)37(46)42-52(47,48)25-11-12-25/h8,10,13-14,18,20-21,23-25,27-28H,6-7,9,11-12,15-17,19H2,1-5H3,(H,41,44)(H,42,46)/b10-8-/t23-,24-,27-,28-,38-/m1/s1",[H][C@]12C[C@]1(NC(=O)[C@]1([H])C[C@H](C[C@@]1([H])C(=O)N(C)CCCC\C=C/2)OC1=CC(=NC2=C1C=CC(OC)=C2C)C1=NC(=CS1)C(C)C)C(=O)NS(=O)(=O)C1CC1
DB06292,"['CYP1A1', 'CYP1A2', 'CYP2A6', 'CYP2C9', 'CYP2D6', 'CYP3A4']",Dapagliflozin,"InChI=1S/C21H25ClO6/c1-2-27-15-6-3-12(4-7-15)9-14-10-13(5-8-16(14)22)21-20(26)19(25)18(24)17(11-23)28-21/h3-8,10,17-21,23-26H,2,9,11H2,1H3/t17-,18-,19+,20-,21+/m1/s1",CCOC1=CC=C(CC2=C(Cl)C=CC(=C2)[C@@H]2O[C@H](CO)[C@@H](O)[C@H](O)[C@H]2O)C=C1
DB06335,"['CYP3A5', 'CYP3A4']",Saxagliptin,"InChI=1S/C18H25N3O2/c19-8-13-2-12-3-14(12)21(13)16(22)15(20)17-4-10-1-11(5-17)7-18(23,6-10)9-17/h10-15,23H,1-7,9,20H2/t10?,11?,12-,13+,14+,15-,17?,18?/m1/s1",[H][C@@]12C[C@]1([H])N([C@@H](C2)C#N)C(=O)[C@@H](N)C12CC3CC(CC(O)(C3)C1)C2
DB06370,"['CYP2C9', 'CYP3A4', 'CYP2E1', 'CYP2D6']",Indisulam,"InChI=1S/C14H12ClN3O4S2/c15-12-8-17-14-11(12)2-1-3-13(14)18-24(21,22)10-6-4-9(5-7-10)23(16,19)20/h1-8,17-18H,(H2,16,19,20)",NS(=O)(=O)C1=CC=C(C=C1)S(=O)(=O)NC1=CC=CC2=C1NC=C2Cl
DB06374,"['CYP3A4', 'CYP2A6', 'CYP2C9']",Elacestrant,"InChI=1S/C30H38N2O2/c1-4-31-17-16-22-6-8-23(9-7-22)21-32(5-2)30-20-28(34-3)14-15-29(30)26-11-10-25-19-27(33)13-12-24(25)18-26/h6-9,12-15,19-20,26,31,33H,4-5,10-11,16-18,21H2,1-3H3/t26-/m1/s1",CCNCCC1=CC=C(CN(CC)C2=C(C=CC(OC)=C2)[C@@H]2CCC3=CC(O)=CC=C3C2)C=C1
DB06403,"['CYP3A4', 'CYP2C19', 'CYP3A5']",Ambrisentan,"InChI=1S/C22H22N2O4/c1-15-14-16(2)24-21(23-15)28-19(20(25)26)22(27-3,17-10-6-4-7-11-17)18-12-8-5-9-13-18/h4-14,19H,1-3H3,(H,25,26)/t19-/m1/s1",COC([C@H](OC1=NC(C)=CC(C)=N1)C(O)=O)(C1=CC=CC=C1)C1=CC=CC=C1
DB06412,"['CYP2D6', 'CYP3A4', 'CYP3A5', 'CYP3A7', 'CYP3A43']",Oxymetholone,"InChI=1S/C21H32O3/c1-19-11-13(12-22)18(23)10-14(19)4-5-15-16(19)6-8-20(2)17(15)7-9-21(20,3)24/h12,14-17,22,24H,4-11H2,1-3H3/b13-12-/t14-,15+,16-,17-,19-,20-,21-/m0/s1",[H][C@@]12CC[C@](C)(O)[C@@]1(C)CC[C@@]1([H])[C@@]2([H])CC[C@@]2([H])CC(=O)\C(C[C@]12C)=C/O
DB06413,"['CYP2C19', 'CYP3A4', 'CYP3A5', 'CYP1A2', 'CYP2B6', 'CYP2C9']",Armodafinil,"InChI=1S/C15H15NO2S/c16-14(17)11-19(18)15(12-7-3-1-4-8-12)13-9-5-2-6-10-13/h1-10,15H,11H2,(H2,16,17)/t19-/m1/s1",NC(=O)C[S@@](=O)C(C1=CC=CC=C1)C1=CC=CC=C1
DB06414,"['CYP3A4', 'CYP2C9', 'CYP2C19']",Etravirine,"InChI=1S/C20H15BrN6O/c1-11-7-14(10-23)8-12(2)17(11)28-19-16(21)18(24)26-20(27-19)25-15-5-3-13(9-22)4-6-15/h3-8H,1-2H3,(H3,24,25,26,27)",CC1=CC(=CC(C)=C1OC1=C(Br)C(N)=NC(NC2=CC=C(C=C2)C#N)=N1)C#N
DB06419,"['CYP3A4', 'CYP3A5']",Cethromycin,"InChI=1S/C42H59N3O10/c1-11-32-42(8)36(44-40(50)55-42)25(4)33(46)23(2)21-41(7,51-18-14-15-28-20-29-16-12-13-17-30(29)43-22-28)37(26(5)34(47)27(6)38(49)53-32)54-39-35(48)31(45(9)10)19-24(3)52-39/h12-17,20,22-27,31-32,35-37,39,48H,11,18-19,21H2,1-10H3,(H,44,50)/t23-,24-,25+,26+,27-,31+,32-,35-,36-,37-,39+,41-,42-/m1/s1",[H]C(CO[C@]1(C)C[C@@H](C)C(=O)[C@H](C)[C@H]2NC(=O)O[C@]2(C)[C@@H](CC)OC(=O)[C@H](C)C(=O)[C@H](C)[C@H]1O[C@@H]1O[C@H](C)C[C@@H]([C@H]1O)N(C)C)=C([H])C1=CC2=C(C=CC=C2)N=C1
DB06442,"['CYP3A4', 'CYP2C9', 'CYP1A2', 'CYP2C19']",Avasimibe,"InChI=1S/C29H43NO4S/c1-17(2)22-14-25(20(7)8)27(26(15-22)21(9)10)16-28(31)30-35(32,33)34-29-23(18(3)4)12-11-13-24(29)19(5)6/h11-15,17-21H,16H2,1-10H3,(H,30,31)",CC(C)C1=CC(C(C)C)=C(CC(=O)NS(=O)(=O)OC2=C(C=CC=C2C(C)C)C(C)C)C(=C1)C(C)C
DB06446,['CYP3A4'],Dotarizine,"InChI=1S/C29H34N2O2/c1-4-11-25(12-5-1)28(26-13-6-2-7-14-26)31-21-19-30(20-22-31)18-10-17-29(32-23-24-33-29)27-15-8-3-9-16-27/h1-9,11-16,28H,10,17-24H2",C(CN1CCN(CC1)C(C1=CC=CC=C1)C1=CC=CC=C1)CC1(OCCO1)C1=CC=CC=C1
DB06448,"['CYP3A4', 'CYP3A5', 'CYP3A4', 'CYP3A43', 'CYP3A5', 'CYP3A7', 'CYP2C8', 'CYP2C9', 'CYP2C19', 'CYP1A2', 'CYP2A6', 'CYP2E1']",Lonafarnib,"InChI=1S/C27H31Br2ClN4O2/c28-20-12-19-2-1-18-13-21(30)14-22(29)24(18)25(26(19)32-15-20)17-5-9-33(10-6-17)23(35)11-16-3-7-34(8-4-16)27(31)36/h12-17,25H,1-11H2,(H2,31,36)/t25-/m1/s1",NC(=O)N1CCC(CC(=O)N2CCC(CC2)[C@H]2C3=C(CCC4=C2C(Br)=CC(Cl)=C4)C=C(Br)C=N3)CC1
DB06458,['CYP3A4'],Remacemide,"InChI=1S/C17H20N2O/c1-17(19-16(20)13-18,15-10-6-3-7-11-15)12-14-8-4-2-5-9-14/h2-11H,12-13,18H2,1H3,(H,19,20)",CC(CC1=CC=CC=C1)(NC(=O)CN)C1=CC=CC=C1
DB06469,['CYP3A4'],Lestaurtinib,"InChI=1S/C26H21N3O4/c1-25-26(32,12-30)10-18(33-25)28-16-8-4-2-6-13(16)20-21-15(11-27-24(21)31)19-14-7-3-5-9-17(14)29(25)23(19)22(20)28/h2-9,18,30,32H,10-12H2,1H3,(H,27,31)/t18?,25-,26-/m0/s1",C[C@]12O[C@H](C[C@]1(O)CO)N1C3=C(C=CC=C3)C3=C1C1=C(C4=C3C(=O)NC4)C3=CC=CC=C3N21
DB06470,"['CYP2A6', 'CYP2B6', 'CYP2C19', 'CYP3A4']",Clomethiazole,"InChI=1S/C6H8ClNS/c1-5-6(2-3-7)9-4-8-5/h4H,2-3H2,1H3",CC1=C(CCCl)SC=N1
DB06479,['CYP1A2'],Propentofylline,"InChI=1S/C15H22N4O3/c1-4-8-18-10-16-13-12(18)14(21)19(15(22)17(13)3)9-6-5-7-11(2)20/h10H,4-9H2,1-3H3",CCCN1C=NC2=C1C(=O)N(CCCCC(C)=O)C(=O)N2C
DB06480,['CYP3A4'],Prucalopride,"InChI=1S/C18H26ClN3O3/c1-24-9-2-6-22-7-3-12(4-8-22)21-18(23)14-11-15(19)16(20)13-5-10-25-17(13)14/h11-12H,2-10,20H2,1H3,(H,21,23)",COCCCN1CCC(CC1)NC(=O)C1=C2OCCC2=C(N)C(Cl)=C1
DB06506,['CYP2D6'],Repinotan,"InChI=1S/C21H24N2O4S/c24-21-18-8-2-4-10-20(18)28(25,26)23(21)14-6-5-13-22-15-17-12-11-16-7-1-3-9-19(16)27-17/h1-4,7-10,17,22H,5-6,11-15H2/t17-/m1/s1",O=C1N(CCCCNC[C@H]2CCC3=CC=CC=C3O2)S(=O)(=O)C2=CC=CC=C12
DB06510,"['CYP1A2', 'CYP2C8']",Muraglitazar,"InChI=1S/C29H28N2O7/c1-20-26(30-28(37-20)22-6-4-3-5-7-22)16-17-36-24-10-8-21(9-11-24)18-31(19-27(32)33)29(34)38-25-14-12-23(35-2)13-15-25/h3-15H,16-19H2,1-2H3,(H,32,33)",COC1=CC=C(OC(=O)N(CC(O)=O)CC2=CC=C(OCCC3=C(C)OC(=N3)C3=CC=CC=C3)C=C2)C=C1
DB06512,['CYP2D6'],Deramciclane,"InChI=1S/C20H31NO/c1-18(2)17-11-12-19(18,3)20(15-17,22-14-13-21(4)5)16-9-7-6-8-10-16/h6-10,17H,11-15H2,1-5H3/t17-,19-,20+/m1/s1",[H][C@]12CC[C@](C)(C1(C)C)[C@@](C2)(OCCN(C)C)C1=CC=CC=C1
DB06587,['CYP3A4'],Mitemcinal,"InChI=1S/C40H69NO12/c1-16-28-40(12,47-15)33(43)23(6)31-21(4)18-39(11,53-31)35(52-37-30(42)27(17-22(5)48-37)41(13)20(2)3)24(7)32(25(8)36(45)50-28)51-29-19-38(10,46-14)34(44)26(9)49-29/h20,22-30,32,34-35,37,42,44H,16-19H2,1-15H3/t22-,23+,24+,25-,26+,27+,28-,29+,30-,32+,34+,35-,37+,38-,39-,40-/m1/s1",CC[C@H]1OC(=O)[C@H](C)[C@@H](O[C@H]2C[C@@](C)(OC)[C@@H](O)[C@H](C)O2)[C@H](C)[C@@H](O[C@@H]2O[C@H](C)C[C@@H]([C@H]2O)N(C)C(C)C)[C@@]2(C)CC(C)=C(O2)[C@H](C)C(=O)[C@]1(C)OC
DB06589,"['CYP2D6', 'CYP2C8', 'CYP1A2', 'CYP3A4']",Pazopanib,"InChI=1S/C21H23N7O2S/c1-13-5-6-15(11-19(13)31(22,29)30)24-21-23-10-9-20(25-21)27(3)16-7-8-17-14(2)28(4)26-18(17)12-16/h5-12H,1-4H3,(H2,22,29,30)(H,23,24,25)",CN(C1=CC2=NN(C)C(C)=C2C=C1)C1=CC=NC(NC2=CC=C(C)C(=C2)S(N)(=O)=O)=N1
DB06594,"['CYP1A2', 'CYP2C9']",Agomelatine,"InChI=1S/C15H17NO2/c1-11(17)16-9-8-13-5-3-4-12-6-7-14(18-2)10-15(12)13/h3-7,10H,8-9H2,1-2H3,(H,16,17)",COC1=CC2=C(CCNC(C)=O)C=CC=C2C=C1
DB06595,"['CYP3A4', 'CYP3A43', 'CYP3A5', 'CYP3A7', 'CYP1A2', 'CYP2B6', 'CYP2C8', 'CYP2C9', 'CYP2C19', 'CYP2D6', 'CYP2E1', 'CYP3A4', 'CYP3A5', 'CYP3A7', 'CYP3A43']",Midostaurin,"InChI=1S/C35H30N4O4/c1-35-32(42-3)25(37(2)34(41)19-11-5-4-6-12-19)17-26(43-35)38-23-15-9-7-13-20(23)28-29-22(18-36-33(29)40)27-21-14-8-10-16-24(21)39(35)31(27)30(28)38/h4-16,25-26,32H,17-18H2,1-3H3,(H,36,40)/t25-,26-,32-,35+/m1/s1",CO[C@@H]1[C@@H](C[C@H]2O[C@]1(C)N1C3=C(C=CC=C3)C3=C1C1=C(C4=C(C=CC=C4)N21)C1=C3CNC1=O)N(C)C(=O)C1=CC=CC=C1
DB06600,['CYP1A2'],Nemonoxacin,"InChI=1S/C20H25N3O4/c1-11-7-12(21)9-22(8-11)16-6-5-14-17(19(16)27-2)23(13-3-4-13)10-15(18(14)24)20(25)26/h5-6,10-13H,3-4,7-9,21H2,1-2H3,(H,25,26)/t11-,12-/m0/s1",COC1=C2N(C=C(C(O)=O)C(=O)C2=CC=C1N1C[C@@H](C)C[C@H](N)C1)C1CC1
DB06603,"['CYP3A4', 'CYP2D6']",Panobinostat,"InChI=1S/C21H23N3O2/c1-15-18(19-4-2-3-5-20(19)23-15)12-13-22-14-17-8-6-16(7-9-17)10-11-21(25)24-26/h2-11,22-23,26H,12-14H2,1H3,(H,24,25)/b11-10+",CC1=C(CCNCC2=CC=C(\C=C\C(=O)NO)C=C2)C2=CC=CC=C2N1
DB06605,"['CYP3A4', 'CYP1A2', 'CYP2C8', 'CYP2C9', 'CYP2C19', 'CYP3A5']",Apixaban,"InChI=1S/C25H25N5O4/c1-34-19-11-9-18(10-12-19)30-23-20(22(27-30)24(26)32)13-15-29(25(23)33)17-7-5-16(6-8-17)28-14-3-2-4-21(28)31/h5-12H,2-4,13-15H2,1H3,(H2,26,32)",COC1=CC=C(C=C1)N1N=C(C(N)=O)C2=C1C(=O)N(CC2)C1=CC=C(C=C1)N1CCCCC1=O
DB06608,['CYP2D6'],Tafenoquine,"InChI=1S/C24H28F3N3O3/c1-14-11-20(32-4)30-22-18(29-15(2)7-6-10-28)13-19(31-3)23(21(14)22)33-17-9-5-8-16(12-17)24(25,26)27/h5,8-9,11-13,15,29H,6-7,10,28H2,1-4H3",COC1=CC(C)=C2C(OC3=CC=CC(=C3)C(F)(F)F)=C(OC)C=C(NC(C)CCCN)C2=N1
DB06616,"['CYP3A4', 'CYP2C8']",Bosutinib,"InChI=1S/C26H29Cl2N5O3/c1-32-6-8-33(9-7-32)5-4-10-36-25-13-21-18(11-24(25)35-3)26(17(15-29)16-30-21)31-22-14-23(34-2)20(28)12-19(22)27/h11-14,16H,4-10H2,1-3H3,(H,30,31)",COC1=CC(NC2=C(C=NC3=CC(OCCCN4CCN(C)CC4)=C(OC)C=C23)C#N)=C(Cl)C=C1Cl
DB06626,"['CYP3A4', 'CYP3A5', 'CYP1A2', 'CYP2C19']",Axitinib,"InChI=1S/C22H18N4OS/c1-23-22(27)18-7-2-3-8-21(18)28-16-10-11-17-19(25-26-20(17)14-16)12-9-15-6-4-5-13-24-15/h2-14H,1H3,(H,23,27)(H,25,26)/b12-9+",CNC(=O)C1=C(SC2=CC=C3C(NN=C3\C=C\C3=CC=CC=N3)=C2)C=CC=C1
DB06636,"['CYP2B6', 'CYP2D6', 'CYP2C8', 'CYP2C9', 'CYP2C19', 'CYP3A4', 'CYP3A5']",Isavuconazonium,"InChI=1S/C35H35F2N8O5S/c1-22(33-42-30(18-51-33)25-9-7-24(15-38)8-10-25)35(48,28-14-27(36)11-12-29(28)37)19-45-21-44(20-41-45)23(2)50-34(47)43(4)32-26(6-5-13-40-32)17-49-31(46)16-39-3/h5-14,18,20-23,39,48H,16-17,19H2,1-4H3/q+1/t22-,23?,35+/m0/s1",[H]C(C)(OC(=O)N(C)C1=C(COC(=O)CNC)C=CC=N1)[N+]1=CN(C[C@](O)(C2=C(F)C=CC(F)=C2)[C@@]([H])(C)C2=NC(=CS2)C2=CC=C(C=C2)C#N)N=C1
DB06637,['CYP2E1'],Dalfampridine,"InChI=1S/C5H6N2/c6-5-1-3-7-4-2-5/h1-4H,(H2,6,7)",NC1=CC=NC=C1
DB06652,"['CYP3A4', 'CYP3A5', 'CYP2C9']",Vicriviroc,"InChI=1S/C28H38F3N5O2/c1-19-16-35(14-15-36(19)24(17-38-5)22-6-8-23(9-7-22)28(29,30)31)27(4)10-12-34(13-11-27)26(37)25-20(2)32-18-33-21(25)3/h6-9,18-19,24H,10-17H2,1-5H3/t19-,24-/m0/s1",COC[C@H](N1CCN(C[C@@H]1C)C1(C)CCN(CC1)C(=O)C1=C(C)N=CN=C1C)C1=CC=C(C=C1)C(F)(F)F
DB06654,"['CYP3A4', 'CYP1A1', 'CYP1A2', 'CYP2D6', 'CYP2C19', 'CYP3A5']",Safinamide,"InChI=1S/C17H19FN2O2/c1-12(17(19)21)20-10-13-5-7-16(8-6-13)22-11-14-3-2-4-15(18)9-14/h2-9,12,20H,10-11H2,1H3,(H2,19,21)/t12-/m0/s1",C[C@H](NCC1=CC=C(OCC2=CC(F)=CC=C2)C=C1)C(N)=O
DB06663,['CYP3A4'],Pasireotide,"InChI=1S/C58H66N10O9/c59-27-13-12-22-46-52(69)64-47(30-38-23-25-42(26-24-38)76-36-39-16-6-2-7-17-39)53(70)66-49(31-37-14-4-1-5-15-37)57(74)68-35-43(77-58(75)61-29-28-60)33-50(68)55(72)67-51(40-18-8-3-9-19-40)56(73)65-48(54(71)63-46)32-41-34-62-45-21-11-10-20-44(41)45/h1-11,14-21,23-26,34,43,46-51,62H,12-13,22,27-33,35-36,59-60H2,(H,61,75)(H,63,71)(H,64,69)(H,65,73)(H,66,70)(H,67,72)/t43-,46+,47+,48-,49+,50+,51+/m1/s1",NCCCC[C@@H]1NC(=O)[C@@H](CC2=CNC3=C2C=CC=C3)NC(=O)[C@@H](NC(=O)[C@@H]2C[C@H](CN2C(=O)[C@H](CC2=CC=CC=C2)NC(=O)[C@H](CC2=CC=C(OCC3=CC=CC=C3)C=C2)NC1=O)OC(=O)NCCN)C1=CC=CC=C1
DB06670,"['CYP3A4', 'CYP2C8']",Odanacatib,"InChI=1S/C25H27F4N3O3S/c1-23(2,26)14-20(22(33)32-24(15-30)12-13-24)31-21(25(27,28)29)18-6-4-16(5-7-18)17-8-10-19(11-9-17)36(3,34)35/h4-11,20-21,31H,12-14H2,1-3H3,(H,32,33)/t20-,21-/m0/s1",CC(C)(F)C[C@H](N[C@@H](C1=CC=C(C=C1)C1=CC=C(C=C1)S(C)(=O)=O)C(F)(F)F)C(=O)NC1(CC1)C#N
DB06678,['CYP2D6'],Esmirtazapine,"InChI=1S/C17H19N3/c1-19-9-10-20-16(12-19)15-7-3-2-5-13(15)11-14-6-4-8-18-17(14)20/h2-8,16H,9-12H2,1H3/t16-/m1/s1",[H][C@]12CN(C)CCN1C1=C(CC3=CC=CC=C23)C=CC=N1
DB06684,"['CYP3A4', 'CYP2D6', 'CYP2C19']",Vilazodone,"InChI=1S/C26H27N5O2/c27-16-18-4-6-23-22(13-18)19(17-29-23)3-1-2-8-30-9-11-31(12-10-30)21-5-7-24-20(14-21)15-25(33-24)26(28)32/h4-7,13-15,17,29H,1-3,8-12H2,(H2,28,32)",NC(=O)C1=CC2=CC(=CC=C2O1)N1CCN(CCCCC2=CNC3=C2C=C(C=C3)C#N)CC1
DB06685,['CYP3A4'],Laquinimod,"InChI=1S/C19H17ClN2O3/c1-3-22(12-8-5-4-6-9-12)19(25)16-17(23)15-13(20)10-7-11-14(15)21(2)18(16)24/h4-11,23H,3H2,1-2H3",CCN(C(=O)C1=C(O)C2=C(C=CC=C2Cl)N(C)C1=O)C1=CC=CC=C1
DB06691,['CYP2D6'],Mepyramine,"InChI=1S/C17H23N3O/c1-19(2)12-13-20(17-6-4-5-11-18-17)14-15-7-9-16(21-3)10-8-15/h4-11H,12-14H2,1-3H3",COC1=CC=C(CN(CCN(C)C)C2=NC=CC=C2)C=C1
DB06697,"['CYP3A4', 'CYP3A5', 'CYP2B6', 'CYP2C9', 'CYP2C19']",Artemether,"InChI=1S/C16H26O5/c1-9-5-6-12-10(2)13(17-4)18-14-16(12)11(9)7-8-15(3,19-14)20-21-16/h9-14H,5-8H2,1-4H3/t9-,10-,11+,12+,13+,14-,15-,16-/m1/s1",[H][C@@]12CC[C@@H](C)[C@]3([H])CC[C@@]4(C)OO[C@@]13[C@]([H])(O[C@H](OC)[C@@H]2C)O4
DB06700,"['CYP3A4', 'CYP2D6', 'CYP2C19']",Desvenlafaxine,"InChI=1S/C16H25NO2/c1-17(2)12-15(13-6-8-14(18)9-7-13)16(19)10-4-3-5-11-16/h6-9,15,18-19H,3-5,10-12H2,1-2H3",CN(C)CC(C1=CC=C(O)C=C1)C1(O)CCCCC1
DB06702,"['CYP2D6', 'CYP3A4']",Fesoterodine,"InChI=1S/C26H37NO3/c1-18(2)26(29)30-25-13-12-21(17-28)16-24(25)23(22-10-8-7-9-11-22)14-15-27(19(3)4)20(5)6/h7-13,16,18-20,23,28H,14-15,17H2,1-6H3/t23-/m1/s1",CC(C)N(CC[C@H](C1=CC=CC=C1)C1=C(OC(=O)C(C)C)C=CC(CO)=C1)C(C)C
DB06708,"['CYP3A4', 'CYP2D6']",Lumefantrine,"InChI=1S/C30H32Cl3NO/c1-3-5-13-34(14-6-4-2)19-29(35)28-18-23(33)17-27-25(15-20-7-9-21(31)10-8-20)26-16-22(32)11-12-24(26)30(27)28/h7-12,15-18,29,35H,3-6,13-14,19H2,1-2H3/b25-15-",CCCCN(CCCC)CC(O)C1=C2C(=CC(Cl)=C1)\C(=C/C1=CC=C(Cl)C=C1)C1=C2C=CC(Cl)=C1
DB06710,"['CYP2B6', 'CYP3A4']",Methyltestosterone,"InChI=1S/C20H30O2/c1-18-9-6-14(21)12-13(18)4-5-15-16(18)7-10-19(2)17(15)8-11-20(19,3)22/h12,15-17,22H,4-11H2,1-3H3/t15-,16+,17+,18+,19+,20+/m1/s1",[H][C@@]12CC[C@](C)(O)[C@@]1(C)CC[C@@]1([H])[C@@]2([H])CCC2=CC(=O)CC[C@]12C
DB06712,"['CYP2A6', 'CYP2C19', 'CYP2C8', 'CYP2E1', 'CYP3A4']",Nilvadipine,"InChI=1S/C19H19N3O6/c1-10(2)28-19(24)15-11(3)21-14(9-20)17(18(23)27-4)16(15)12-6-5-7-13(8-12)22(25)26/h5-8,10,16,21H,1-4H3",COC(=O)C1=C(NC(C)=C(C1C1=CC(=CC=C1)[N+]([O-])=O)C(=O)OC(C)C)C#N
DB06713,['CYP3A4'],Norelgestromin,"InChI=1S/C21H29NO2/c1-3-20-11-9-17-16-8-6-15(22-24)13-14(16)5-7-18(17)19(20)10-12-21(20,23)4-2/h2,13,16-19,23-24H,3,5-12H2,1H3/t16-,17+,18+,19-,20-,21-/m0/s1",[H][C@@]12CC[C@@](O)(C#C)[C@@]1(CC)CC[C@]1([H])[C@@]3([H])CCC(C=C3CC[C@@]21[H])=NO
DB06717,"['CYP3A4', 'CYP2C9']",Fosaprepitant,"InChI=1S/C23H22F7N4O6P/c1-12(14-8-15(22(25,26)27)10-16(9-14)23(28,29)30)40-20-19(13-2-4-17(24)5-3-13)33(6-7-39-20)11-18-31-21(35)34(32-18)41(36,37)38/h2-5,8-10,12,19-20H,6-7,11H2,1H3,(H,31,32,35)(H2,36,37,38)/t12-,19+,20-/m1/s1",C[C@@H](O[C@H]1OCCN(CC2=NC(=O)N(N2)P(O)(O)=O)[C@H]1C1=CC=C(F)C=C1)C1=CC(=CC(=C1)C(F)(F)F)C(F)(F)F
DB06725,['CYP2C9'],Lornoxicam,"InChI=1S/C13H10ClN3O4S2/c1-17-10(13(19)16-9-4-2-3-5-15-9)11(18)12-7(23(17,20)21)6-8(14)22-12/h2-6,18H,1H3,(H,15,16,19)",CN1C(C(=O)NC2=CC=CC=N2)=C(O)C2=C(C=C(Cl)S2)S1(=O)=O
DB06726,['CYP2D6'],Bufuralol,"InChI=1S/C16H23NO2/c1-5-11-7-6-8-12-9-14(19-15(11)12)13(18)10-17-16(2,3)4/h6-9,13,17-18H,5,10H2,1-4H3",CCC1=CC=CC2=C1OC(=C2)C(O)CNC(C)(C)C
DB06727,['CYP2D6'],Sparteine,"InChI=1S/C15H26N2/c1-3-7-16-11-13-9-12(14(16)5-1)10-17-8-4-2-6-15(13)17/h12-15H,1-11H2/t12-,13-,14-,15+/m0/s1",[H][C@@]12CCCCN1C[C@@H]1C[C@H]2CN2CCCC[C@]12[H]
DB06728,['CYP2E1'],Aniline,"InChI=1S/C6H7N/c7-6-4-2-1-3-5-6/h1-5H,7H2",NC1=CC=CC=C1
DB06729,"['CYP2B6', 'CYP2C8', 'CYP2D6', 'CYP2C9']",Sulfaphenazole,"InChI=1S/C15H14N4O2S/c16-12-6-8-14(9-7-12)22(20,21)18-15-10-11-17-19(15)13-4-2-1-3-5-13/h1-11,18H,16H2",NC1=CC=C(C=C1)S(=O)(=O)NC1=CC=NN1C1=CC=CC=C1
DB06730,"['CYP3A4', 'CYP2C19', 'CYP3A5', 'CYP3A7']",Gestodene,"InChI=1S/C21H26O2/c1-3-20-11-9-17-16-8-6-15(22)13-14(16)5-7-18(17)19(20)10-12-21(20,23)4-2/h2,10,12-13,16-19,23H,3,5-9,11H2,1H3/t16-,17+,18+,19-,20-,21-/m0/s1",CC[C@]12CC[C@H]3[C@@H](CCC4=CC(=O)CC[C@H]34)[C@@H]1C=C[C@@]2(O)C#C
DB06731,"['CYP2C9', 'CYP2C19', 'CYP3A4', 'CYP3A5', 'CYP3A7']",Seproxetine,"InChI=1S/C16H16F3NO/c17-16(18,19)13-6-8-14(9-7-13)21-15(10-11-20)12-4-2-1-3-5-12/h1-9,15H,10-11,20H2/t15-/m0/s1",NCC[C@H](OC1=CC=C(C=C1)C(F)(F)F)C1=CC=CC=C1
DB06732,['CYP1A2'],beta-Naphthoflavone,InChI=1S/C19H12O2/c20-16-12-18(14-7-2-1-3-8-14)21-17-11-10-13-6-4-5-9-15(13)19(16)17/h1-12H,O=C1C=C(OC2=C1C1=CC=CC=C1C=C2)C1=CC=CC=C1
DB06735,['CYP2D6'],Enclomiphene,"InChI=1S/C26H28ClNO/c1-3-28(4-2)19-20-29-24-17-15-22(16-18-24)25(21-11-7-5-8-12-21)26(27)23-13-9-6-10-14-23/h5-18H,3-4,19-20H2,1-2H3/b26-25+",CCN(CC)CCOC1=CC=C(C=C1)C(=C(\Cl)C1=CC=CC=C1)\C1=CC=CC=C1
DB06736,['CYP2C9'],Aceclofenac,"InChI=1S/C16H13Cl2NO4/c17-11-5-3-6-12(18)16(11)19-13-7-2-1-4-10(13)8-15(22)23-9-14(20)21/h1-7,19H,8-9H2,(H,20,21)",OC(=O)COC(=O)CC1=CC=CC=C1NC1=C(Cl)C=CC=C1Cl
DB06737,['CYP2C9'],Zaltoprofen,"InChI=1S/C17H14O3S/c1-10(17(19)20)11-6-7-15-12(8-11)9-14(18)13-4-2-3-5-16(13)21-15/h2-8,10H,9H2,1H3,(H,19,20)",CC(C(O)=O)C1=CC=C2SC3=C(C=CC=C3)C(=O)CC2=C1
DB06738,"['CYP2C9', 'CYP3A4', 'CYP2B6', 'CYP2C19', 'CYP2C8']",Ketobemidone,"InChI=1S/C15H21NO2/c1-3-14(18)15(7-9-16(2)10-8-15)12-5-4-6-13(17)11-12/h4-6,11,17H,3,7-10H2,1-2H3",CCC(=O)C1(CCN(C)CC1)C1=CC(O)=CC=C1
DB06739,"['CYP2C9', 'CYP3A4', 'CYP2C8', 'CYP2C19', 'CYP2B6', 'CYP2A6']",Seratrodast,"InChI=1S/C22H26O4/c1-14-15(2)22(26)20(16(3)21(14)25)18(17-10-6-4-7-11-17)12-8-5-9-13-19(23)24/h4,6-7,10-11,18H,5,8-9,12-13H2,1-3H3,(H,23,24)",CC1=C(C)C(=O)C(C(CCCCCC(O)=O)C2=CC=CC=C2)=C(C)C1=O
DB06742,['CYP3A4'],Ambroxol,"InChI=1S/C13H18Br2N2O/c14-9-5-8(13(16)12(15)6-9)7-17-10-1-3-11(18)4-2-10/h5-6,10-11,17-18H,1-4,7,16H2/t10-,11-",NC1=C(Br)C=C(Br)C=C1CN[C@H]1CC[C@H](O)CC1
DB06762,['CYP3A4'],Pinacidil,"InChI=1S/C13H19N5/c1-10(13(2,3)4)17-12(16-9-14)18-11-5-7-15-8-6-11/h5-8,10H,1-4H3,(H2,15,16,17,18)",CC(N\C(NC#N)=N\C1=CC=NC=C1)C(C)(C)C
DB06769,['CYP1A2'],Bendamustine,"InChI=1S/C16H21Cl2N3O2/c1-20-14-6-5-12(21(9-7-17)10-8-18)11-13(14)19-15(20)3-2-4-16(22)23/h5-6,11H,2-4,7-10H2,1H3,(H,22,23)",CN1C(CCCC(O)=O)=NC2=CC(=CC=C12)N(CCCl)CCCl
DB06770,"['CYP2C8', 'CYP1A1', 'CYP1A2', 'CYP2E1', 'CYP2D6']",Benzyl alcohol,"InChI=1S/C7H8O/c8-6-7-4-2-1-3-5-7/h1-5,8H,6H2",OCC1=CC=CC=C1
DB06771,['CYP1A2'],Besifloxacin,"InChI=1S/C19H21ClFN3O3/c20-15-16-12(18(25)13(19(26)27)9-24(16)11-4-5-11)7-14(21)17(15)23-6-2-1-3-10(22)8-23/h7,9-11H,1-6,8,22H2,(H,26,27)/t10-/m1/s1",N[C@@H]1CCCCN(C1)C1=C(F)C=C2C(=O)C(=CN(C3CC3)C2=C1Cl)C(O)=O
DB06772,"['CYP3A4', 'CYP3A5', 'CYP2C8']",Cabazitaxel,"InChI=1S/C45H57NO14/c1-24-28(57-39(51)33(48)32(26-17-13-11-14-18-26)46-40(52)60-41(3,4)5)22-45(53)37(58-38(50)27-19-15-12-16-20-27)35-43(8,36(49)34(55-10)31(24)42(45,6)7)29(54-9)21-30-44(35,23-56-30)59-25(2)47/h11-20,28-30,32-35,37,48,53H,21-23H2,1-10H3,(H,46,52)/t28-,29-,30+,32-,33+,34+,35-,37-,43+,44-,45+/m0/s1",[H][C@]12[C@H](OC(=O)C3=CC=CC=C3)[C@]3(O)C[C@H](OC(=O)[C@H](O)[C@@H](NC(=O)OC(C)(C)C)C4=CC=CC=C4)C(C)=C([C@@H](OC)C(=O)[C@]1(C)[C@H](C[C@H]1OC[C@@]21OC(C)=O)OC)C3(C)C
DB06774,"['CYP3A4', 'CYP1A2', 'CYP2E1']",Capsaicin,"InChI=1S/C18H27NO3/c1-14(2)8-6-4-5-7-9-18(21)19-13-15-10-11-16(20)17(12-15)22-3/h6,8,10-12,14,20H,4-5,7,9,13H2,1-3H3,(H,19,21)/b8-6+",COC1=C(O)C=CC(CNC(=O)CCCC\C=C\C(C)C)=C1
DB06777,['CYP3A4'],Chenodeoxycholic acid,"InChI=1S/C24H40O4/c1-14(4-7-21(27)28)17-5-6-18-22-19(9-11-24(17,18)3)23(2)10-8-16(25)12-15(23)13-20(22)26/h14-20,22,25-26H,4-13H2,1-3H3,(H,27,28)/t14-,15+,16-,17-,18+,19+,20-,22+,23+,24-/m1/s1",[H][C@@]1(CC[C@@]2([H])[C@]3([H])[C@H](O)C[C@]4([H])C[C@H](O)CC[C@]4(C)[C@@]3([H])CC[C@]12C)[C@H](C)CCC(O)=O
DB06780,['CYP3A4'],Desoxycorticosterone acetate,"InChI=1S/C23H32O4/c1-14(24)27-13-21(26)20-7-6-18-17-5-4-15-12-16(25)8-10-22(15,2)19(17)9-11-23(18,20)3/h12,17-20H,4-11,13H2,1-3H3/t17-,18-,19-,20+,22-,23-/m0/s1",[H][C@@]12CC[C@H](C(=O)COC(C)=O)[C@@]1(C)CC[C@@]1([H])[C@@]2([H])CCC2=CC(=O)CC[C@]12C
DB06781,['CYP3A4'],Difluprednate,"InChI=1S/C27H34F2O7/c1-5-6-23(34)36-26(22(33)14-35-15(2)30)10-8-17-18-12-20(28)19-11-16(31)7-9-24(19,3)27(18,29)21(32)13-25(17,26)4/h7,9,11,17-18,20-21,32H,5-6,8,10,12-14H2,1-4H3/t17-,18-,20-,21-,24-,25-,26-,27-/m0/s1",[H][C@@]12CC[C@](OC(=O)CCC)(C(=O)COC(C)=O)[C@@]1(C)C[C@H](O)[C@@]1(F)[C@@]2([H])C[C@H](F)C2=CC(=O)C=C[C@]12C
DB06786,['CYP3A4'],Halcinonide,"InChI=1S/C24H32ClFO5/c1-20(2)30-19-10-16-15-6-5-13-9-14(27)7-8-21(13,3)23(15,26)17(28)11-22(16,4)24(19,31-20)18(29)12-25/h9,15-17,19,28H,5-8,10-12H2,1-4H3/t15-,16-,17-,19+,21-,22-,23-,24+/m0/s1",[H][C@@]12C[C@H]3OC(C)(C)O[C@@]3(C(=O)CCl)[C@@]1(C)C[C@H](O)[C@@]1(F)[C@@]2([H])CCC2=CC(=O)CC[C@]12C
DB06789,"['CYP3A4', 'CYP3A5', 'CYP2C19']",Hydroxyprogesterone caproate,"InChI=1S/C27H40O4/c1-5-6-7-8-24(30)31-27(18(2)28)16-13-23-21-10-9-19-17-20(29)11-14-25(19,3)22(21)12-15-26(23,27)4/h17,21-23H,5-16H2,1-4H3/t21-,22+,23+,25+,26+,27+/m1/s1",[H][C@@]12CC[C@](OC(=O)CCCCC)(C(C)=O)[C@@]1(C)CC[C@@]1([H])[C@@]2([H])CCC2=CC(=O)CC[C@]12C
DB06791,['CYP3A4'],Lanreotide,"InChI=1S/C54H69N11O10S2/c1-29(2)45-54(75)63-44(53(74)65-46(30(3)66)47(57)68)28-77-76-27-43(62-48(69)38(56)23-32-15-18-33-10-4-5-11-34(33)22-32)52(73)60-41(24-31-16-19-36(67)20-17-31)50(71)61-42(25-35-26-58-39-13-7-6-12-37(35)39)51(72)59-40(49(70)64-45)14-8-9-21-55/h4-7,10-13,15-20,22,26,29-30,38,40-46,58,66-67H,8-9,14,21,23-25,27-28,55-56H2,1-3H3,(H2,57,68)(H,59,72)(H,60,73)(H,61,71)(H,62,69)(H,63,75)(H,64,70)(H,65,74)",[H]N([H])CCCCC1N([H])C(=O)C(CC2=CN([H])C3=CC=CC=C23)N([H])C(=O)C(CC2=CC=C(O)C=C2)N([H])C(=O)C(CSSCC(N([H])C(=O)C(N([H])C1=O)C(C)C)C(=O)N([H])C(C(C)O)C(=O)N([H])[H])N([H])C(=O)C(CC1=CC2=CC=CC=C2C=C1)N([H])[H]
DB06803,"['CYP2C9', 'CYP1A2']",Niclosamide,"InChI=1S/C13H8Cl2N2O4/c14-7-1-4-12(18)9(5-7)13(19)16-11-3-2-8(17(20)21)6-10(11)15/h1-6,18H,(H,16,19)",OC1=C(C=C(Cl)C=C1)C(=O)NC1=C(Cl)C=C(C=C1)[N+]([O-])=O
DB06820,"['CYP1A2', 'CYP2C9', 'CYP2D6']",Sulconazole,"InChI=1S/C18H15Cl3N2S/c19-14-3-1-13(2-4-14)11-24-18(10-23-8-7-22-12-23)16-6-5-15(20)9-17(16)21/h1-9,12,18H,10-11H2",ClC1=CC=C(CSC(CN2C=CN=C2)C2=C(Cl)C=C(Cl)C=C2)C=C1
DB07348,['CYP3A4'],Brefeldin A,"InChI=1S/C16H24O4/c1-11-5-3-2-4-6-12-9-13(17)10-14(12)15(18)7-8-16(19)20-11/h4,6-8,11-15,17-18H,2-3,5,9-10H2,1H3/b6-4+,8-7+/t11-,12+,13-,14+,15+/m0/s1",[H][C@]1(O)C[C@@]2([H])\C=C\CCC[C@]([H])(C)OC(=O)\C=C\[C@@]([H])(O)[C@]2([H])C1
DB07615,"['CYP3A4', 'CYP2C9']",Tranilast,"InChI=1S/C18H17NO5/c1-23-15-9-7-12(11-16(15)24-2)8-10-17(20)19-14-6-4-3-5-13(14)18(21)22/h3-11H,1-2H3,(H,19,20)(H,21,22)/b10-8+",COC1=CC=C(\C=C\C(=O)NC2=CC=CC=C2C(O)=O)C=C1OC
DB08439,"['CYP3A4', 'CYP2C9']",Parecoxib,"InChI=1S/C19H18N2O4S/c1-3-17(22)21-26(23,24)16-11-9-14(10-12-16)18-13(2)25-20-19(18)15-7-5-4-6-8-15/h4-12H,3H2,1-2H3,(H,21,22)",CCC(=O)NS(=O)(=O)C1=CC=C(C=C1)C1=C(C)ON=C1C1=CC=CC=C1
DB08496,"['CYP2C8', 'CYP2C9', 'CYP2C19', 'CYP1A2', 'CYP1A1', 'CYP3A4']",(R)-warfarin,"InChI=1S/C19H16O4/c1-12(20)11-15(13-7-3-2-4-8-13)17-18(21)14-9-5-6-10-16(14)23-19(17)22/h2-10,15,21H,11H2,1H3/t15-/m1/s1",CC(=O)C[C@H](C1=CC=CC=C1)C1=C(O)C2=C(OC1=O)C=CC=C2
DB08502,"['CYP2C8', 'CYP2C9', 'CYP2C19', 'CYP3A4']",Capravirine,"InChI=1S/C20H20Cl2N4O2S/c1-12(2)18-19(29-16-8-14(21)7-15(22)9-16)26(10-13-3-5-24-6-4-13)17(25-18)11-28-20(23)27/h3-9,12H,10-11H2,1-2H3,(H2,23,27)",CC(C)C1=C(SC2=CC(Cl)=CC(Cl)=C2)N(CC2=CC=NC=C2)C(COC(N)=O)=N1
DB08794,['CYP3A4'],Ethyl biscoumacetate,"InChI=1S/C22H16O8/c1-2-28-20(25)15(16-18(23)11-7-3-5-9-13(11)29-21(16)26)17-19(24)12-8-4-6-10-14(12)30-22(17)27/h3-10,15,23-24H,2H2,1H3",CCOC(=O)C(C1=C(O)C2=CC=CC=C2OC1=O)C1=C(O)C2=CC=CC=C2OC1=O
DB08798,['CYP2C9'],Sulfamoxole,"InChI=1S/C11H13N3O3S/c1-7-8(2)17-11(13-7)14-18(15,16)10-5-3-9(12)4-6-10/h3-6H,12H2,1-2H3,(H,13,14)",CC1=C(C)N=C(NS(=O)(=O)C2=CC=C(N)C=C2)O1
DB08807,['CYP2D6'],Bopindolol,"InChI=1S/C23H28N2O3/c1-16-13-19-20(25-16)11-8-12-21(19)27-15-18(14-24-23(2,3)4)28-22(26)17-9-6-5-7-10-17/h5-13,18,24-25H,14-15H2,1-4H3",CC1=CC2=C(N1)C=CC=C2OCC(CNC(C)(C)C)OC(=O)C1=CC=CC=C1
DB08808,['CYP2D6'],Bupranolol,"InChI=1S/C14H22ClNO2/c1-10-5-6-12(15)13(7-10)18-9-11(17)8-16-14(2,3)4/h5-7,11,16-17H,8-9H2,1-4H3",CC1=CC(OCC(O)CNC(C)(C)C)=C(Cl)C=C1
DB08811,['CYP3A4'],Tofisopam,"InChI=1S/C22H26N2O4/c1-7-15-13(2)23-24-22(14-8-9-18(25-3)19(10-14)26-4)17-12-21(28-6)20(27-5)11-16(15)17/h8-12,15H,7H2,1-6H3",CCC1C2=CC(OC)=C(OC)C=C2C(=NN=C1C)C1=CC(OC)=C(OC)C=C1
DB08815,['CYP3A4'],Lurasidone,"InChI=1S/C28H36N4O2S/c33-27-24-18-9-10-19(15-18)25(24)28(34)32(27)17-21-6-2-1-5-20(21)16-30-11-13-31(14-12-30)26-22-7-3-4-8-23(22)35-29-26/h3-4,7-8,18-21,24-25H,1-2,5-6,9-17H2/t18-,19+,20-,21-,24+,25-/m0/s1",[H][C@@]12[C@H]3CC[C@H](C3)[C@]1([H])C(=O)N(C[C@@H]1CCCC[C@H]1CN1CCN(CC1)C1=NSC3=CC=CC=C13)C2=O
DB08816,"['CYP3A4', 'CYP3A5', 'CYP2B6', 'CYP2C9']",Ticagrelor,"InChI=1S/C23H28F2N6O4S/c1-2-7-36-23-27-21(26-15-9-12(15)11-3-4-13(24)14(25)8-11)18-22(28-23)31(30-29-18)16-10-17(35-6-5-32)20(34)19(16)33/h3-4,8,12,15-17,19-20,32-34H,2,5-7,9-10H2,1H3,(H,26,27,28)/t12-,15+,16+,17-,19-,20+/m0/s1",CCCSC1=NC2=C(N=NN2[C@@H]2C[C@H](OCCO)[C@@H](O)[C@H]2O)C(N[C@@H]2C[C@H]2C2=CC(F)=C(F)C=C2)=N1
DB08820,"['CYP3A4', 'CYP3A5', 'CYP2C9']",Ivacaftor,"InChI=1S/C24H28N2O3/c1-23(2,3)16-11-17(24(4,5)6)20(27)12-19(16)26-22(29)15-13-25-18-10-8-7-9-14(18)21(15)28/h7-13,27H,1-6H3,(H,25,28)(H,26,29)",CC(C)(C)C1=CC(=C(O)C=C1NC(=O)C1=CNC2=CC=CC=C2C1=O)C(C)(C)C
DB08822,"['CYP2C9', 'CYP2C8', 'CYP2B6']",Azilsartan medoxomil,"InChI=1S/C30H24N4O8/c1-3-38-28-31-23-10-6-9-22(27(35)39-16-24-17(2)40-30(37)41-24)25(23)34(28)15-18-11-13-19(14-12-18)20-7-4-5-8-21(20)26-32-29(36)42-33-26/h4-14H,3,15-16H2,1-2H3,(H,32,33,36)",CCOC1=NC2=C(N1CC1=CC=C(C=C1)C1=CC=CC=C1C1=NOC(=O)N1)C(=CC=C2)C(=O)OCC1=C(C)OC(=O)O1
DB08827,['CYP3A4'],Lomitapide,"InChI=1S/C39H37F6N3O2/c40-38(41,42)25-46-36(50)37(33-13-5-3-10-30(33)31-11-4-6-14-34(31)37)21-7-8-22-48-23-19-28(20-24-48)47-35(49)32-12-2-1-9-29(32)26-15-17-27(18-16-26)39(43,44)45/h1-6,9-18,28H,7-8,19-25H2,(H,46,50)(H,47,49)",FC(F)(F)CNC(=O)C1(CCCCN2CCC(CC2)NC(=O)C2=C(C=CC=C2)C2=CC=C(C=C2)C(F)(F)F)C2=CC=CC=C2C2=CC=CC=C12
DB08828,"['CYP2C9', 'CYP3A4', 'CYP2C8', 'CYP2C19']",Vismodegib,"InChI=1S/C19H14Cl2N2O3S/c1-27(25,26)13-6-7-14(17(21)11-13)19(24)23-12-5-8-16(20)15(10-12)18-4-2-3-9-22-18/h2-11H,1H3,(H,23,24)",CS(=O)(=O)C1=CC(Cl)=C(C=C1)C(=O)NC1=CC=C(Cl)C(=C1)C1=CC=CC=N1
DB08833,['CYP3A4'],Taurochenodeoxycholic acid,"InChI=1S/C26H45NO6S/c1-16(4-7-23(30)27-12-13-34(31,32)33)19-5-6-20-24-21(9-11-26(19,20)3)25(2)10-8-18(28)14-17(25)15-22(24)29/h16-22,24,28-29H,4-15H2,1-3H3,(H,27,30)(H,31,32,33)/t16-,17+,18-,19-,20+,21+,22-,24+,25+,26-/m1/s1",[H][C@@]1(CC[C@@]2([H])[C@]3([H])[C@H](O)C[C@]4([H])C[C@H](O)CC[C@]4(C)[C@@]3([H])CC[C@]12C)[C@H](C)CCC(=O)NCCS(O)(=O)=O
DB08834,[],Tauroursodeoxycholic acid,"InChI=1S/C26H45NO6S/c1-16(4-7-23(30)27-12-13-34(31,32)33)19-5-6-20-24-21(9-11-26(19,20)3)25(2)10-8-18(28)14-17(25)15-22(24)29/h16-22,24,28-29H,4-15H2,1-3H3,(H,27,30)(H,31,32,33)/t16-,17+,18-,19-,20+,21+,22+,24+,25+,26-/m1/s1",[H][C@@]12CC[C@H]([C@H](C)CCC(=O)NCCS(O)(=O)=O)[C@@]1(C)CC[C@@]1([H])[C@@]2([H])[C@@H](O)C[C@]2([H])C[C@H](O)CC[C@]12C
DB08838,['CYP3A4'],Agmatine,"InChI=1S/C5H14N4/c6-3-1-2-4-9-5(7)8/h1-4,6H2,(H4,7,8,9)",NCCCCNC(N)=N
DB08846,"['CYP1A1', 'CYP2E1']",Ellagic acid,"InChI=1S/C14H6O8/c15-5-1-3-7-8-4(14(20)22-11(7)9(5)17)2-6(16)10(18)12(8)21-13(3)19/h1-2,15-18H",OC1=C(O)C2=C3C(=C1)C(=O)OC1=C3C(=CC(O)=C1O)C(=O)O2
DB08860,"['CYP2C9', 'CYP2C8']",Pitavastatin,"InChI=1S/C25H24FNO4/c26-17-9-7-15(8-10-17)24-20-3-1-2-4-22(20)27-25(16-5-6-16)21(24)12-11-18(28)13-19(29)14-23(30)31/h1-4,7-12,16,18-19,28-29H,5-6,13-14H2,(H,30,31)/b12-11+/t18-,19-/m1/s1",O[C@H](C[C@H](O)\C=C\C1=C(N=C2C=CC=CC2=C1C1=CC=C(F)C=C1)C1CC1)CC(O)=O
DB08864,"['CYP3A4', 'CYP2C19', 'CYP2B6', 'CYP2D6', 'CYP2C9', 'CYP2C8', 'CYP2E1']",Rilpivirine,"InChI=1S/C22H18N6/c1-15-12-18(4-3-10-23)13-16(2)21(15)27-20-9-11-25-22(28-20)26-19-7-5-17(14-24)6-8-19/h3-9,11-13H,1-2H3,(H2,25,26,27,28)/b4-3+",CC1=CC(\C=C\C#N)=CC(C)=C1NC1=CC=NC(NC2=CC=C(C=C2)C#N)=N1
DB08865,"['CYP3A4', 'CYP3A5', 'CYP2B6', 'CYP3A4', 'CYP3A43', 'CYP3A5', 'CYP3A7']",Crizotinib,"InChI=1S/C21H22Cl2FN5O/c1-12(19-16(22)2-3-17(24)20(19)23)30-18-8-13(9-27-21(18)25)14-10-28-29(11-14)15-4-6-26-7-5-15/h2-3,8-12,15,26H,4-7H2,1H3,(H2,25,27)/t12-/m1/s1",C[C@@H](OC1=CC(=CN=C1N)C1=CN(N=C1)C1CCNCC1)C1=C(Cl)C=CC(F)=C1Cl
DB08867,"['CYP3A4', 'CYP1A2']",Ulipristal,"InChI=1S/C28H35NO3/c1-17(30)28(32)14-13-25-23-11-7-19-15-21(31)10-12-22(19)26(23)24(16-27(25,28)2)18-5-8-20(9-6-18)29(3)4/h5-6,8-9,15,23-25,32H,7,10-14,16H2,1-4H3/t23-,24+,25-,27-,28-/m0/s1",CN(C)C1=CC=C(C=C1)[C@H]1C[C@@]2(C)[C@@H](CC[C@]2(O)C(C)=O)[C@@H]2CCC3=CC(=O)CCC3=C12
DB08868,['CYP2E1'],Fingolimod,"InChI=1S/C19H33NO2/c1-2-3-4-5-6-7-8-17-9-11-18(12-10-17)13-14-19(20,15-21)16-22/h9-12,21-22H,2-8,13-16,20H2,1H3",CCCCCCCCC1=CC=C(CCC(N)(CO)CO)C=C1
DB08873,"['CYP3A4', 'CYP3A5']",Boceprevir,"InChI=1S/C27H45N5O5/c1-25(2,3)20(30-24(37)31-26(4,5)6)23(36)32-13-15-17(27(15,7)8)18(32)22(35)29-16(19(33)21(28)34)12-14-10-9-11-14/h14-18,20H,9-13H2,1-8H3,(H2,28,34)(H,29,35)(H2,30,31,37)/t15-,16?,17-,18-,20+/m0/s1",[H][C@]12CN([C@H](C(=O)NC(CC3CCC3)C(=O)C(N)=O)[C@@]1([H])C2(C)C)C(=O)[C@@H](NC(=O)NC(C)(C)C)C(C)(C)C
DB08874,['CYP3A4'],Fidaxomicin,"InChI=1S/C52H74Cl2O18/c1-13-30-22-26(6)33(56)18-16-15-17-31(23-66-51-45(65-12)42(61)44(29(9)67-51)69-49(64)35-32(14-2)36(53)39(58)37(54)38(35)57)48(63)68-34(28(8)55)20-19-25(5)21-27(7)43(30)70-50-41(60)40(59)46(52(10,11)72-50)71-47(62)24(3)4/h15-17,19,21-22,24,28-30,33-34,40-46,50-51,55-61H,13-14,18,20,23H2,1-12H3/b16-15+,25-19+,26-22+,27-21+,31-17+/t28-,29-,30+,33+,34+,40-,41+,42+,43+,44-,45+,46+,50-,51-/m1/s1",[H][C@@]1(O[C@@H]2[C@@H](CC)\C=C(C)\[C@@H](O)C\C=C\C=C(CO[C@@H]3O[C@H](C)[C@@H](OC(=O)C4=C(CC)C(Cl)=C(O)C(Cl)=C4O)[C@H](O)[C@@H]3OC)\C(=O)O[C@@H](C\C=C(/C)\C=C2/C)[C@@H](C)O)OC(C)(C)[C@@H](OC(=O)C(C)C)[C@H](O)[C@@H]1O
DB08875,"['CYP3A4', 'CYP2C9', 'CYP2C8']",Cabozantinib,"InChI=1S/C28H24FN3O5/c1-35-24-15-21-22(16-25(24)36-2)30-14-11-23(21)37-20-9-7-19(8-10-20)32-27(34)28(12-13-28)26(33)31-18-5-3-17(29)4-6-18/h3-11,14-16H,12-13H2,1-2H3,(H,31,33)(H,32,34)",COC1=CC2=C(C=C1OC)C(OC1=CC=C(NC(=O)C3(CC3)C(=O)NC3=CC=C(F)C=C3)C=C1)=CC=N2
DB08877,"['CYP3A4', 'CYP2C9']",Ruxolitinib,"InChI=1S/C17H18N6/c18-7-5-15(12-3-1-2-4-12)23-10-13(9-22-23)16-14-6-8-19-17(14)21-11-20-16/h6,8-12,15H,1-5H2,(H,19,20,21)/t15-/m1/s1",N#CC[C@H](C1CCCC1)N1C=C(C=N1)C1=C2C=CNC2=NC=N1
DB08880,"['CYP2C8', 'CYP1A2']",Teriflunomide,"InChI=1S/C12H9F3N2O2/c1-7(18)10(6-16)11(19)17-9-4-2-8(3-5-9)12(13,14)15/h2-5,18H,1H3,(H,17,19)/b10-7-",C\C(O)=C(/C#N)C(=O)NC1=CC=C(C=C1)C(F)(F)F
DB08881,"['CYP1A2', 'CYP2D6', 'CYP3A4', 'CYP2C9', 'CYP2C8', 'CYP2B6']",Vemurafenib,"InChI=1S/C23H18ClF2N3O3S/c1-2-9-33(31,32)29-19-8-7-18(25)20(21(19)26)22(30)17-12-28-23-16(17)10-14(11-27-23)13-3-5-15(24)6-4-13/h3-8,10-12,29H,2,9H2,1H3,(H,27,28)",CCCS(=O)(=O)NC1=C(F)C(C(=O)C2=CNC3=NC=C(C=C23)C2=CC=C(Cl)C=C2)=C(F)C=C1
DB08882,['CYP3A4'],Linagliptin,"InChI=1S/C25H28N8O2/c1-4-5-13-32-21-22(29-24(32)31-12-8-9-17(26)14-31)30(3)25(35)33(23(21)34)15-20-27-16(2)18-10-6-7-11-19(18)28-20/h6-7,10-11,17H,8-9,12-15,26H2,1-3H3/t17-/m1/s1",CC#CCN1C(=NC2=C1C(=O)N(CC1=NC3=C(C=CC=C3)C(C)=N1)C(=O)N2C)N1CCC[C@@H](N)C1
DB08883,"['CYP3A4', 'CYP3A5', 'CYP1A2', 'CYP2B6']",Perampanel,"InChI=1S/C23H15N3O/c24-15-17-8-4-5-11-20(17)21-14-18(22-12-6-7-13-25-22)16-26(23(21)27)19-9-2-1-3-10-19/h1-14,16H",O=C1N(C=C(C=C1C1=CC=CC=C1C#N)C1=NC=CC=C1)C1=CC=CC=C1
DB08893,"['CYP3A4', 'CYP2D6']",Mirabegron,"InChI=1S/C21H24N4O2S/c22-21-25-18(14-28-21)12-20(27)24-17-8-6-15(7-9-17)10-11-23-13-19(26)16-4-2-1-3-5-16/h1-9,14,19,23,26H,10-13H2,(H2,22,25)(H,24,27)/t19-/m0/s1",NC1=NC(CC(=O)NC2=CC=C(CCNC[C@H](O)C3=CC=CC=C3)C=C2)=CS1
DB08895,"['CYP3A4', 'CYP2C19']",Tofacitinib,"InChI=1S/C16H20N6O/c1-11-5-8-22(14(23)3-6-17)9-13(11)21(2)16-12-4-7-18-15(12)19-10-20-16/h4,7,10-11,13H,3,5,8-9H2,1-2H3,(H,18,19,20)/t11-,13+/m1/s1",C[C@@H]1CCN(C[C@@H]1N(C)C1=NC=NC2=C1C=CN2)C(=O)CC#N
DB08896,"['CYP3A4', 'CYP2C8', 'CYP2C9', 'CYP2B6', 'CYP2C19']",Regorafenib,"InChI=1S/C21H15ClF4N4O3/c1-27-19(31)18-10-13(6-7-28-18)33-12-3-5-17(16(23)9-12)30-20(32)29-11-2-4-15(22)14(8-11)21(24,25)26/h2-10H,1H3,(H,27,31)(H2,29,30,32)",CNC(=O)C1=CC(OC2=CC(F)=C(NC(=O)NC3=CC=C(Cl)C(=C3)C(F)(F)F)C=C2)=CC=N1
DB08899,"['CYP2C8', 'CYP3A4', 'CYP2C9', 'CYP2C19', 'CYP2B6', 'CYP3A5']",Enzalutamide,"InChI=1S/C21H16F4N4O2S/c1-20(2)18(31)28(12-5-4-11(10-26)15(8-12)21(23,24)25)19(32)29(20)13-6-7-14(16(22)9-13)17(30)27-3/h4-9H,1-3H3,(H,27,30)",CNC(=O)C1=C(F)C=C(C=C1)N1C(=S)N(C(=O)C1(C)C)C1=CC=C(C#N)C(=C1)C(F)(F)F
DB08901,"['CYP3A4', 'CYP2C8', 'CYP2D6', 'CYP3A5']",Ponatinib,"InChI=1S/C29H27F3N6O/c1-20-5-6-22(16-21(20)8-10-25-18-33-27-4-3-11-34-38(25)27)28(39)35-24-9-7-23(26(17-24)29(30,31)32)19-37-14-12-36(2)13-15-37/h3-7,9,11,16-18H,12-15,19H2,1-2H3,(H,35,39)",CN1CCN(CC2=CC=C(NC(=O)C3=CC(C#CC4=CN=C5C=CC=NN45)=C(C)C=C3)C=C2C(F)(F)F)CC1
DB08903,['CYP3A4'],Bedaquiline,"InChI=1S/C32H31BrN2O2/c1-35(2)19-18-32(36,28-15-9-13-22-10-7-8-14-26(22)28)30(23-11-5-4-6-12-23)27-21-24-20-25(33)16-17-29(24)34-31(27)37-3/h4-17,20-21,30,36H,18-19H2,1-3H3/t30-,32-/m1/s1",COC1=NC2=C(C=C(Br)C=C2)C=C1[C@@H](C1=CC=CC=C1)[C@@](O)(CCN(C)C)C1=CC=CC2=C1C=CC=C2
DB08905,['CYP3A4'],Formestane,"InChI=1S/C19H26O3/c1-18-10-8-15(20)17(22)14(18)4-3-11-12-5-6-16(21)19(12,2)9-7-13(11)18/h11-13,22H,3-10H2,1-2H3/t11-,12-,13-,18+,19-/m0/s1",[H][C@@]12CCC(=O)[C@@]1(C)CC[C@@]1([H])[C@@]2([H])CCC2=C(O)C(=O)CC[C@]12C
DB08906,"['CYP3A4', 'CYP3A5', 'CYP3A7', 'CYP2C8']",Fluticasone furoate,"InChI=1S/C27H29F3O6S/c1-14-9-16-17-11-19(29)18-10-15(31)6-7-24(18,2)26(17,30)21(32)12-25(16,3)27(14,23(34)37-13-28)36-22(33)20-5-4-8-35-20/h4-8,10,14,16-17,19,21,32H,9,11-13H2,1-3H3/t14-,16+,17+,19+,21+,24+,25+,26+,27+/m1/s1",[H][C@@]12C[C@@H](C)[C@](OC(=O)C3=CC=CO3)(C(=O)SCF)[C@@]1(C)C[C@H](O)[C@@]1(F)[C@@]2([H])C[C@H](F)C2=CC(=O)C=C[C@]12C
DB08907,['CYP3A4'],Canagliflozin,"InChI=1S/C24H25FO5S/c1-13-2-3-15(24-23(29)22(28)21(27)19(12-26)30-24)10-16(13)11-18-8-9-20(31-18)14-4-6-17(25)7-5-14/h2-10,19,21-24,26-29H,11-12H2,1H3/t19-,21-,22+,23-,24+/m1/s1",[H][C@]1(O[C@H](CO)[C@@H](O)[C@H](O)[C@H]1O)C1=CC=C(C)C(CC2=CC=C(S2)C2=CC=C(F)C=C2)=C1
DB08909,"['CYP3A4', 'CYP2D6']",Glycerol phenylbutyrate,"InChI=1S/C33H38O6/c34-31(22-10-19-27-13-4-1-5-14-27)37-25-30(39-33(36)24-12-21-29-17-8-3-9-18-29)26-38-32(35)23-11-20-28-15-6-2-7-16-28/h1-9,13-18,30H,10-12,19-26H2",O=C(CCCC1=CC=CC=C1)OCC(COC(=O)CCCC1=CC=CC=C1)OC(=O)CCCC1=CC=CC=C1
DB08910,"['CYP1A2', 'CYP3A4']",Pomalidomide,"InChI=1S/C13H11N3O4/c14-7-3-1-2-6-10(7)13(20)16(12(6)19)8-4-5-9(17)15-11(8)18/h1-3,8H,4-5,14H2,(H,15,17,18)",NC1=CC=CC2=C1C(=O)N(C1CCC(=O)NC1=O)C2=O
DB08911,"['CYP2C8', 'CYP3A4']",Trametinib,"InChI=1S/C26H23FIN5O4/c1-13-22-21(23(31(3)24(13)35)30-20-10-7-15(28)11-19(20)27)25(36)33(17-8-9-17)26(37)32(22)18-6-4-5-16(12-18)29-14(2)34/h4-7,10-12,17,30H,8-9H2,1-3H3,(H,29,34)",CN1C(=O)C(C)=C2N(C(=O)N(C3CC3)C(=O)C2=C1NC1=CC=C(I)C=C1F)C1=CC(NC(C)=O)=CC=C1
DB08912,"['CYP3A4', 'CYP2C8', 'CYP2B6', 'CYP2C9', 'CYP2C19', 'CYP1A2']",Dabrafenib,"InChI=1S/C23H20F3N5O2S2/c1-23(2,3)21-30-18(19(34-21)16-10-11-28-22(27)29-16)12-6-4-9-15(17(12)26)31-35(32,33)20-13(24)7-5-8-14(20)25/h4-11,31H,1-3H3,(H2,27,28,29)",CC(C)(C)C1=NC(=C(S1)C1=NC(N)=NC=C1)C1=C(F)C(NS(=O)(=O)C2=C(F)C=CC=C2F)=CC=C1
DB08918,"['CYP3A4', 'CYP2C8', 'CYP2C19', 'CYP2D6']",Levomilnacipran,"InChI=1S/C15H22N2O/c1-3-17(4-2)14(18)15(10-13(15)11-16)12-8-6-5-7-9-12/h5-9,13H,3-4,10-11,16H2,1-2H3/t13-,15+/m0/s1",CCN(CC)C(=O)[C@]1(C[C@H]1CN)C1=CC=CC=C1
DB08922,"['CYP3A4', 'CYP2D6', 'CYP2C8', 'CYP1A1']",Perospirone,"InChI=1S/C23H30N4O2S/c28-22-17-7-1-2-8-18(17)23(29)27(22)12-6-5-11-25-13-15-26(16-14-25)21-19-9-3-4-10-20(19)30-24-21/h3-4,9-10,17-18H,1-2,5-8,11-16H2/t17-,18+",[H][C@@]12CCCC[C@]1([H])C(=O)N(CCCCN1CCN(CC1)C1=NSC3=CC=CC=C13)C2=O
DB08930,"['CYP3A4', 'CYP3A43', 'CYP3A5', 'CYP3A7']",Dolutegravir,"InChI=1S/C20H19F2N3O5/c1-10-4-5-30-15-9-24-8-13(17(26)18(27)16(24)20(29)25(10)15)19(28)23-7-11-2-3-12(21)6-14(11)22/h2-3,6,8,10,15,27H,4-5,7,9H2,1H3,(H,23,28)/t10-,15+/m1/s1",[H][C@]12CN3C=C(C(=O)NCC4=CC=C(F)C=C4F)C(=O)C(O)=C3C(=O)N1[C@H](C)CCO2
DB08931,"['CYP1A1', 'CYP3A4', 'CYP2C8']",Riociguat,"InChI=1S/C20H19FN8O2/c1-28(20(30)31-2)15-16(22)25-18(26-17(15)23)14-12-7-5-9-24-19(12)29(27-14)10-11-6-3-4-8-13(11)21/h3-9H,10H2,1-2H3,(H4,22,23,25,26)",COC(=O)N(C)C1=C(N)N=C(N=C1N)C1=NN(CC2=C(F)C=CC=C2)C2=C1C=CC=N2
DB08932,"['CYP3A4', 'CYP2C19', 'CYP2C9', 'CYP2C8']",Macitentan,"InChI=1S/C19H20Br2N6O4S/c1-2-7-26-32(28,29)27-17-16(13-3-5-14(20)6-4-13)18(25-12-24-17)30-8-9-31-19-22-10-15(21)11-23-19/h3-6,10-12,26H,2,7-9H2,1H3,(H,24,25,27)",CCCNS(=O)(=O)NC1=C(C(OCCOC2=NC=C(Br)C=N2)=NC=N1)C1=CC=C(Br)C=C1
DB08933,"['CYP3A4', 'CYP2C19']",Luliconazole,"InChI=1S/C14H9Cl2N3S2/c15-9-1-2-10(11(16)5-9)13-7-20-14(21-13)12(6-17)19-4-3-18-8-19/h1-5,8,13H,7H2/b14-12+/t13-/m0/s1",ClC1=CC(Cl)=C(C=C1)[C@@H]1CS\C(S1)=C(\C#N)N1C=CN=C1
DB08952,['CYP2D6'],Indenolol,"InChI=1S/C15H21NO2/c1-11(2)16-9-13(17)10-18-15-8-4-6-12-5-3-7-14(12)15/h3-4,6-8,11,13,16-17H,5,9-10H2,1-2H3",CC(C)NCC(O)COC1=CC=CC2=C1C=CC2
DB08953,['CYP3A4'],Indalpine,"InChI=1S/C15H20N2/c1-2-4-15-14(3-1)13(11-17-15)6-5-12-7-9-16-10-8-12/h1-4,11-12,16-17H,5-10H2",C(CC1=CNC2=CC=CC=C12)C1CCNCC1
DB08962,['CYP2C9'],Glibornuride,"InChI=1S/C18H26N2O4S/c1-11-5-7-12(8-6-11)25(23,24)20-16(22)19-14-13-9-10-18(4,15(14)21)17(13,2)3/h5-8,13-15,21H,9-10H2,1-4H3,(H2,19,20,22)/t13-,14+,15+,18+/m1/s1",CC1=CC=C(C=C1)S(=O)(=O)NC(=O)N[C@@H]1[C@H](O)[C@]2(C)CC[C@H]1C2(C)C
DB08970,"['CYP3A4', 'CYP3A5']",Fluprednidene,"InChI=1S/C22H27FO5/c1-12-8-16-15-5-4-13-9-14(25)6-7-19(13,2)21(15,23)17(26)10-20(16,3)22(12,28)18(27)11-24/h6-7,9,15-17,24,26,28H,1,4-5,8,10-11H2,2-3H3/t15-,16-,17-,19-,20-,21-,22-/m0/s1",[H][C@@]12CC(=C)[C@](O)(C(=O)CO)[C@@]1(C)C[C@H](O)[C@@]1(F)[C@@]2([H])CCC2=CC(=O)C=C[C@]12C
DB08971,"['CYP3A4', 'CYP3A5']",Fluocortolone,"InChI=1S/C22H29FO4/c1-11-6-14-13-8-16(23)15-7-12(25)4-5-21(15,2)20(13)17(26)9-22(14,3)19(11)18(27)10-24/h4-5,7,11,13-14,16-17,19-20,24,26H,6,8-10H2,1-3H3/t11-,13+,14+,16+,17+,19-,20-,21+,22+/m1/s1",[H][C@@]12C[C@@H](C)[C@H](C(=O)CO)[C@@]1(C)C[C@H](O)[C@@]1([H])[C@@]2([H])C[C@H](F)C2=CC(=O)C=C[C@]12C
DB08972,['CYP1A2'],Flumequine,"InChI=1S/C14H12FNO3/c1-7-2-3-8-4-9(15)5-10-12(8)16(7)6-11(13(10)17)14(18)19/h4-7H,2-3H2,1H3,(H,18,19)",CC1CCC2=CC(F)=CC3=C2N1C=C(C(O)=O)C3=O
DB08980,['CYP3A4'],Fendiline,"InChI=1S/C23H25N/c1-19(20-11-5-2-6-12-20)24-18-17-23(21-13-7-3-8-14-21)22-15-9-4-10-16-22/h2-16,19,23-24H,17-18H2,1H3",CC(NCCC(C1=CC=CC=C1)C1=CC=CC=C1)C1=CC=CC=C1
DB08992,['CYP3A4'],Eperisone,"InChI=1S/C17H25NO/c1-3-15-7-9-16(10-8-15)17(19)14(2)13-18-11-5-4-6-12-18/h7-10,14H,3-6,11-13H2,1-2H3",CCC1=CC=C(C=C1)C(=O)C(C)CN1CCCCC1
DB08995,"['CYP1A1', 'CYP2C9', 'CYP2E1', 'CYP3A4']",Diosmin,"InChI=1S/C28H32O15/c1-10-21(32)23(34)25(36)27(40-10)39-9-19-22(33)24(35)26(37)28(43-19)41-12-6-14(30)20-15(31)8-17(42-18(20)7-12)11-3-4-16(38-2)13(29)5-11/h3-8,10,19,21-30,32-37H,9H2,1-2H3/t10-,19+,21-,22+,23+,24-,25+,26+,27+,28+/m0/s1",COC1=C(O)C=C(C=C1)C1=CC(=O)C2=C(O)C=C(O[C@@H]3O[C@H](CO[C@@H]4O[C@@H](C)[C@H](O)[C@@H](O)[C@H]4O)[C@@H](O)[C@H](O)[C@H]3O)C=C2O1
DB09013,['CYP2D6'],Befunolol,"InChI=1S/C16H21NO4/c1-10(2)17-8-13(19)9-20-14-6-4-5-12-7-15(11(3)18)21-16(12)14/h4-7,10,13,17,19H,8-9H2,1-3H3",CC(C)NCC(O)COC1=CC=CC2=C1OC(=C2)C(C)=O
DB09017,['CYP3A4'],Brotizolam,"InChI=1S/C15H10BrClN4S/c1-8-19-20-13-7-18-14(9-4-2-3-5-11(9)17)10-6-12(16)22-15(10)21(8)13/h2-6H,7H2,1H3",CC1=NN=C2CN=C(C3=C(SC(Br)=C3)N12)C1=CC=CC=C1Cl
DB09026,['CYP3A4'],Aliskiren,"InChI=1S/C30H53N3O6/c1-19(2)22(14-21-10-11-26(38-8)27(15-21)39-13-9-12-37-7)16-24(31)25(34)17-23(20(3)4)28(35)33-18-30(5,6)29(32)36/h10-11,15,19-20,22-25,34H,9,12-14,16-18,31H2,1-8H3,(H2,32,36)(H,33,35)/t22-,23-,24-,25-/m0/s1",COCCCOC1=C(OC)C=CC(C[C@@H](C[C@H](N)[C@@H](O)C[C@@H](C(C)C)C(=O)NCC(C)(C)C(N)=O)C(C)C)=C1
DB09030,['CYP3A4'],Vorapaxar,"InChI=1S/C29H33FN2O4/c1-3-35-29(34)32-23-10-11-24-20(14-23)15-26-27(17(2)36-28(26)33)25(24)12-9-22-8-7-19(16-31-22)18-5-4-6-21(30)13-18/h4-9,12-13,16-17,20,23-27H,3,10-11,14-15H2,1-2H3,(H,32,34)/b12-9+/t17-,20+,23-,24-,25+,26-,27+/m1/s1",[H][C@@]12C[C@]3([H])C[C@@H](CC[C@@]3([H])[C@H](\C=C\C3=CC=C(C=N3)C3=CC(F)=CC=C3)[C@]1([H])[C@@H](C)OC2=O)NC(=O)OCC
DB09034,['CYP3A4'],Suvorexant,"InChI=1S/C23H23ClN6O2/c1-15-3-5-20(30-25-8-9-26-30)18(13-15)22(31)29-12-11-28(10-7-16(29)2)23-27-19-14-17(24)4-6-21(19)32-23/h3-6,8-9,13-14,16H,7,10-12H2,1-2H3/t16-/m1/s1",[H][C@@]1(C)CCN(CCN1C(=O)C1=C(C=CC(C)=C1)N1N=CC=N1)C1=NC2=C(O1)C=CC(Cl)=C2
DB09039,"['CYP2D6', 'CYP3A4']",Eliglustat,"InChI=1S/C23H36N2O4/c1-2-3-4-5-6-9-22(26)24-19(17-25-12-7-8-13-25)23(27)18-10-11-20-21(16-18)29-15-14-28-20/h10-11,16,19,23,27H,2-9,12-15,17H2,1H3,(H,24,26)/t19-,23-/m1/s1",CCCCCCCC(=O)N[C@H](CN1CCCC1)[C@H](O)C1=CC=C2OCCOC2=C1
DB09048,"['CYP3A43', 'CYP2C9', 'CYP2D6', 'CYP3A4']",Netupitant,"InChI=1S/C30H32F6N4O/c1-19-8-6-7-9-23(19)24-17-26(40-12-10-38(4)11-13-40)37-18-25(24)39(5)27(41)28(2,3)20-14-21(29(31,32)33)16-22(15-20)30(34,35)36/h6-9,14-18H,10-13H2,1-5H3",CN(C(=O)C(C)(C)C1=CC(=CC(=C1)C(F)(F)F)C(F)(F)F)C1=CN=C(C=C1C1=CC=CC=C1C)N1CCN(C)CC1
DB09049,"['CYP3A4', 'CYP2D6', 'CYP2C19']",Naloxegol,"InChI=1S/C34H53NO11/c1-3-9-35-10-8-33-30-26-4-5-27(36)31(30)46-32(33)28(6-7-34(33,37)29(35)25-26)45-24-23-44-22-21-43-20-19-42-18-17-41-16-15-40-14-13-39-12-11-38-2/h3-5,28-29,32,36-37H,1,6-25H2,2H3/t28-,29+,32-,33-,34+/m0/s1",COCCOCCOCCOCCOCCOCCOCCO[C@H]1CC[C@@]2(O)[C@H]3CC4=CC=C(O)C5=C4[C@@]2(CCN3CC=C)[C@H]1O5
DB09053,"['CYP3A4', 'CYP3A5', 'CYP2D6']",Ibrutinib,"InChI=1S/C25H24N6O2/c1-2-21(32)30-14-6-7-18(15-30)31-25-22(24(26)27-16-28-25)23(29-31)17-10-12-20(13-11-17)33-19-8-4-3-5-9-19/h2-5,8-13,16,18H,1,6-7,14-15H2,(H2,26,27,28)/t18-/m1/s1",NC1=NC=NC2=C1C(=NN2[C@@H]1CCCN(C1)C(=O)C=C)C1=CC=C(OC2=CC=CC=C2)C=C1
DB09054,"['CYP2C8', 'CYP2C19', 'CYP2B6', 'CYP3A4', 'CYP3A5', 'CYP3A43', 'CYP3A7']",Idelalisib,"InChI=1S/C22H18FN7O/c1-2-15(28-20-18-19(25-11-24-18)26-12-27-20)21-29-16-10-6-9-14(23)17(16)22(31)30(21)13-7-4-3-5-8-13/h3-12,15H,2H2,1H3,(H2,24,25,26,27,28)/t15-/m0/s1",[H][C@@](CC)(NC1=NC=NC2=C1N=CN2)C1=NC2=CC=CC(F)=C2C(=O)N1C1=CC=CC=C1
DB09061,"['CYP3A4', 'CYP2C19', 'CYP1A2', 'CYP2B6', 'CYP2C9', 'CYP1A1', 'CYP2C8', 'CYP2D6', 'CYP2E1', 'CYP3A5', 'CYP2A6', 'CYP3A7']",Cannabidiol,"InChI=1S/C21H30O2/c1-5-6-7-8-16-12-19(22)21(20(23)13-16)18-11-15(4)9-10-17(18)14(2)3/h11-13,17-18,22-23H,2,5-10H2,1,3-4H3/t17-,18+/m0/s1",CCCCCC1=CC(O)=C([C@@H]2C=C(C)CC[C@H]2C(C)=C)C(O)=C1
DB09063,"['CYP2C9', 'CYP3A4']",Ceritinib,"InChI=1S/C28H36ClN5O3S/c1-17(2)37-25-15-21(20-10-12-30-13-11-20)19(5)14-24(25)33-28-31-16-22(29)27(34-28)32-23-8-6-7-9-26(23)38(35,36)18(3)4/h6-9,14-18,20,30H,10-13H2,1-5H3,(H2,31,32,33,34)",CC(C)OC1=C(NC2=NC=C(Cl)C(N2)=NC2=CC=CC=C2S(=O)(=O)C(C)C)C=C(C)C(=C1)C1CCNCC1
DB09065,"['CYP3A5', 'CYP3A7', 'CYP2D6', 'CYP3A4']",Cobicistat,"InChI=1S/C40H53N7O5S2/c1-29(2)38-43-34(27-53-38)25-46(3)39(49)45-36(16-17-47-18-20-51-21-19-47)37(48)42-32(22-30-10-6-4-7-11-30)14-15-33(23-31-12-8-5-9-13-31)44-40(50)52-26-35-24-41-28-54-35/h4-13,24,27-29,32-33,36H,14-23,25-26H2,1-3H3,(H,42,48)(H,44,50)(H,45,49)/t32-,33-,36+/m1/s1",CC(C)C1=NC(CN(C)C(=O)N[C@@H](CCN2CCOCC2)C(=O)N[C@H](CC[C@H](CC2=CC=CC=C2)NC(=O)OCC2=CN=CS2)CC2=CC=CC=C2)=CS1
DB09068,"['CYP2D6', 'CYP3A4', 'CYP3A5', 'CYP2C19', 'CYP2C9', 'CYP2A6', 'CYP2C8', 'CYP2B6']",Vortioxetine,"InChI=1S/C18H22N2S/c1-14-7-8-17(15(2)13-14)21-18-6-4-3-5-16(18)20-11-9-19-10-12-20/h3-8,13,19H,9-12H2,1-2H3",CC1=CC=C(SC2=CC=CC=C2N2CCNCC2)C(C)=C1
DB09071,"['CYP3A4', 'CYP1A2']",Tasimelteon,"InChI=1S/C15H19NO2/c1-2-15(17)16-9-10-8-13(10)11-4-3-5-14-12(11)6-7-18-14/h3-5,10,13H,2,6-9H2,1H3,(H,16,17)/t10-,13+/m0/s1",CCC(=O)NC[C@@H]1C[C@H]1C1=CC=CC2=C1CCO2
DB09073,['CYP3A4'],Palbociclib,"InChI=1S/C24H29N7O2/c1-15-19-14-27-24(28-20-8-7-18(13-26-20)30-11-9-25-10-12-30)29-22(19)31(17-5-3-4-6-17)23(33)21(15)16(2)32/h7-8,13-14,17,25H,3-6,9-12H2,1-2H3,(H,26,27,28,29)",CC(=O)C1=C(C)C2=CN=C(NC3=NC=C(C=C3)N3CCNCC3)N=C2N(C2CCCC2)C1=O
DB09074,"['CYP3A4', 'CYP3A5', 'CYP2B6']",Olaparib,"InChI=1S/C24H23FN4O3/c25-20-8-5-15(14-21-17-3-1-2-4-18(17)22(30)27-26-21)13-19(20)24(32)29-11-9-28(10-12-29)23(31)16-6-7-16/h1-5,8,13,16H,6-7,9-12,14H2,(H,27,30)",FC1=CC=C(CC2=NNC(=O)C3=CC=CC=C23)C=C1C(=O)N1CCN(CC1)C(=O)C1CC1
DB09076,['CYP2D6'],Umeclidinium,"InChI=1S/C29H34NO2/c31-29(26-12-6-2-7-13-26,27-14-8-3-9-15-27)28-16-19-30(20-17-28,21-18-28)22-23-32-24-25-10-4-1-5-11-25/h1-15,31H,16-24H2/q+1",OC(C1=CC=CC=C1)(C1=CC=CC=C1)C12CC[N+](CCOCC3=CC=CC=C3)(CC1)CC2
DB09078,"['CYP3A4', 'CYP2C8', 'CYP2C9', 'CYP1A2', 'CYP2B6', 'CYP2C19', 'CYP2D6']",Lenvatinib,"InChI=1S/C21H19ClN4O4/c1-29-19-10-17-13(9-14(19)20(23)27)18(6-7-24-17)30-12-4-5-16(15(22)8-12)26-21(28)25-11-2-3-11/h4-11H,2-3H2,1H3,(H2,23,27)(H2,25,26,28)",COC1=C(C=C2C(OC3=CC=C(NC(=O)NC4CC4)C(Cl)=C3)=CC=NC2=C1)C(N)=O
DB09079,['CYP3A4'],Nintedanib,"InChI=1S/C31H33N5O4/c1-34-15-17-36(18-16-34)20-27(37)35(2)24-12-10-23(11-13-24)32-29(21-7-5-4-6-8-21)28-25-14-9-22(31(39)40-3)19-26(25)33-30(28)38/h4-14,19,32H,15-18,20H2,1-3H3,(H,33,38)/b29-28-",COC(=O)C1=CC=C2C(NC(=O)\C2=C(/NC2=CC=C(C=C2)N(C)C(=O)CN2CCN(C)CC2)C2=CC=CC=C2)=C1
DB09080,"['CYP2C9', 'CYP2C8']",Olodaterol,"InChI=1S/C21H26N2O5/c1-21(2,10-13-4-6-15(27-3)7-5-13)22-11-18(25)16-8-14(24)9-17-20(16)28-12-19(26)23-17/h4-9,18,22,24-25H,10-12H2,1-3H3,(H,23,26)/t18-/m0/s1",COC1=CC=C(CC(C)(C)NC[C@H](O)C2=C3OCC(=O)NC3=CC(O)=C2)C=C1
DB09082,['CYP3A4'],Vilanterol,"InChI=1S/C24H33Cl2NO5/c25-21-6-5-7-22(26)20(21)17-32-13-12-31-11-4-2-1-3-10-27-15-24(30)18-8-9-23(29)19(14-18)16-28/h5-9,14,24,27-30H,1-4,10-13,15-17H2/t24-/m0/s1",OCC1=C(O)C=CC(=C1)[C@@H](O)CNCCCCCCOCCOCC1=C(Cl)C=CC=C1Cl
DB09083,['CYP3A4'],Ivabradine,"InChI=1S/C27H36N2O5/c1-28(17-21-11-20-14-25(33-4)26(34-5)16-22(20)21)8-6-9-29-10-7-18-12-23(31-2)24(32-3)13-19(18)15-27(29)30/h12-14,16,21H,6-11,15,17H2,1-5H3/t21-/m1/s1",COC1=C(OC)C=C2[C@@H](CN(C)CCCN3CCC4=CC(OC)=C(OC)C=C4CC3=O)CC2=C1
DB09089,['CYP3A4'],Trimebutine,"InChI=1S/C22H29NO5/c1-7-22(23(2)3,17-11-9-8-10-12-17)15-28-21(24)16-13-18(25-4)20(27-6)19(14-16)26-5/h8-14H,7,15H2,1-6H3",CCC(COC(=O)C1=CC(OC)=C(OC)C(OC)=C1)(N(C)C)C1=CC=CC=C1
DB09090,['CYP3A4'],Pinaverium,"InChI=1S/C26H41BrNO4/c1-26(2)21-6-5-19(22(26)16-21)7-11-31-12-8-28(9-13-32-14-10-28)18-20-15-24(29-3)25(30-4)17-23(20)27/h15,17,19,21-22H,5-14,16,18H2,1-4H3/q+1",COC1=C(OC)C=C(C[N+]2(CCOCCC3CCC4CC3C4(C)C)CCOCC2)C(Br)=C1
DB09095,"['CYP3A4', 'CYP3A5']",Difluocortolone,"InChI=1S/C22H28F2O4/c1-11-6-13-14-8-16(23)15-7-12(26)4-5-21(15,3)22(14,24)18(28)9-20(13,2)19(11)17(27)10-25/h4-5,7,11,13-14,16,18-19,25,28H,6,8-10H2,1-3H3/t11-,13+,14+,16+,18+,19-,20+,21+,22+/m1/s1",[H][C@@]12C[C@@H](C)[C@H](C(=O)CO)[C@@]1(C)C[C@H](O)[C@@]1(F)[C@@]2([H])C[C@H](F)C2=CC(=O)C=C[C@]12C
DB09099,['CYP3A4'],Somatostatin,"InChI=1S/C76H104N18O19S2/c1-41(79)64(100)82-37-61(99)83-58-39-114-115-40-59(76(112)113)92-72(108)57(38-95)91-75(111)63(43(3)97)94-71(107)54(33-46-23-11-6-12-24-46)90-74(110)62(42(2)96)93-66(102)51(28-16-18-30-78)84-69(105)55(34-47-36-81-49-26-14-13-25-48(47)49)88-68(104)53(32-45-21-9-5-10-22-45)86-67(103)52(31-44-19-7-4-8-20-44)87-70(106)56(35-60(80)98)89-65(101)50(85-73(58)109)27-15-17-29-77/h4-14,19-26,36,41-43,50-59,62-63,81,95-97H,15-18,27-35,37-40,77-79H2,1-3H3,(H2,80,98)(H,82,100)(H,83,99)(H,84,105)(H,85,109)(H,86,103)(H,87,106)(H,88,104)(H,89,101)(H,90,110)(H,91,111)(H,92,108)(H,93,102)(H,94,107)(H,112,113)/t41-,42+,43+,50-,51-,52-,53-,54-,55-,56-,57-,58-,59-,62-,63-/m0/s1",C[C@@H](O)[C@@H]1NC(=O)[C@H](CC2=CC=CC=C2)NC(=O)[C@@H](NC(=O)[C@H](CCCCN)NC(=O)[C@H](CC2=CNC3=C2C=CC=C3)NC(=O)[C@H](CC2=CC=CC=C2)NC(=O)[C@H](CC2=CC=CC=C2)NC(=O)[C@H](CC(N)=O)NC(=O)[C@H](CCCCN)NC(=O)[C@H](CSSC[C@H](NC(=O)[C@H](CO)NC1=O)C(O)=O)NC(=O)CNC(=O)[C@H](C)N)[C@@H](C)O
DB09101,['CYP3A4'],Elvitegravir,"InChI=1S/C23H23ClFNO5/c1-12(2)19(11-27)26-10-16(23(29)30)22(28)15-8-14(20(31-3)9-18(15)26)7-13-5-4-6-17(24)21(13)25/h4-6,8-10,12,19,27H,7,11H2,1-3H3,(H,29,30)/t19-/m1/s1",[H][C@@](CO)(C(C)C)N1C=C(C(O)=O)C(=O)C2=C1C=C(OC)C(CC1=C(F)C(Cl)=CC=C1)=C2
DB09102,"['CYP3A5', 'CYP3A4', 'CYP3A43', 'CYP3A7']",Daclatasvir,"InChI=1S/C40H50N8O6/c1-23(2)33(45-39(51)53-5)37(49)47-19-7-9-31(47)35-41-21-29(43-35)27-15-11-25(12-16-27)26-13-17-28(18-14-26)30-22-42-36(44-30)32-10-8-20-48(32)38(50)34(24(3)4)46-40(52)54-6/h11-18,21-24,31-34H,7-10,19-20H2,1-6H3,(H,41,43)(H,42,44)(H,45,51)(H,46,52)/t31-,32-,33-,34-/m0/s1",COC(=O)N[C@@H](C(C)C)C(=O)N1CCC[C@H]1C1=NC=C(N1)C1=CC=C(C=C1)C1=CC=C(C=C1)C1=CN=C(N1)[C@@H]1CCCN1C(=O)[C@@H](NC(=O)OC)C(C)C
DB09118,"['CYP2C19', 'CYP2D6', 'CYP3A4', 'CYP1A2', 'CYP2C9', 'CYP2B6', 'CYP2C8']",Stiripentol,"InChI=1S/C14H18O3/c1-14(2,3)13(15)7-5-10-4-6-11-12(8-10)17-9-16-11/h4-8,13,15H,9H2,1-3H3/b7-5+",CC(C)(C)C(O)\C=C\C1=CC2=C(OCO2)C=C1
DB09119,"['CYP2C19', 'CYP3A4']",Eslicarbazepine acetate,"InChI=1S/C17H16N2O3/c1-11(20)22-16-10-12-6-2-4-8-14(12)19(17(18)21)15-9-5-3-7-13(15)16/h2-9,16H,10H2,1H3,(H2,18,21)/t16-/m0/s1",CC(=O)O[C@H]1CC2=CC=CC=C2N(C(N)=O)C2=CC=CC=C12
DB09120,"['CYP1A2', 'CYP2C19', 'CYP2C9', 'CYP2E1']",Zucapsaicin,"InChI=1S/C18H27NO3/c1-14(2)8-6-4-5-7-9-18(21)19-13-15-10-11-16(20)17(12-15)22-3/h6,8,10-12,14,20H,4-5,7,9,13H2,1-3H3,(H,19,21)/b8-6-",COC1=C(O)C=CC(CNC(=O)CCCC\C=C/C(C)C)=C1
DB09123,['CYP3A4'],Dienogest,"InChI=1S/C20H25NO2/c1-19-8-6-16-15-5-3-14(22)12-13(15)2-4-17(16)18(19)7-9-20(19,23)10-11-21/h12,17-18,23H,2-10H2,1H3/t17-,18+,19+,20-/m1/s1",[H][C@@]12CC[C@@](O)(CC#N)[C@@]1(C)CCC1=C3CCC(=O)C=C3CC[C@@]21[H]
DB09124,['CYP3A4'],Medrogestone,"InChI=1S/C23H32O2/c1-14-12-17-18(21(3)9-6-16(25)13-20(14)21)7-11-23(5)19(17)8-10-22(23,4)15(2)24/h12-13,17-19H,6-11H2,1-5H3/t17-,18+,19+,21-,22-,23+/m1/s1",[H][C@@]12CC[C@](C)(C(C)=O)[C@@]1(C)CC[C@@]1([H])[C@@]2([H])C=C(C)C2=CC(=O)CC[C@]12C
DB09128,"['CYP2D6', 'CYP3A4']",Brexpiprazole,"InChI=1S/C25H27N3O2S/c29-25-9-7-19-6-8-20(18-22(19)26-25)30-16-2-1-11-27-12-14-28(15-13-27)23-4-3-5-24-21(23)10-17-31-24/h3-10,17-18H,1-2,11-16H2,(H,26,29)",O=C1NC2=CC(OCCCCN3CCN(CC3)C3=C4C=CSC4=CC=C3)=CC=C2C=C1
DB09143,['CYP3A4'],Sonidegib,"InChI=1S/C26H26F3N3O3/c1-16-14-32(15-17(2)34-16)24-12-9-20(13-30-24)31-25(33)23-6-4-5-22(18(23)3)19-7-10-21(11-8-19)35-26(27,28)29/h4-13,16-17H,14-15H2,1-3H3,(H,31,33)/t16-,17+",[H][C@]1(C)CN(C[C@@]([H])(C)O1)C1=CC=C(NC(=O)C2=CC=CC(=C2C)C2=CC=C(OC(F)(F)F)C=C2)C=N1
DB09148,[],Florbetaben F-18,"InChI=1S/C21H26FNO3/c1-23-20-8-4-18(5-9-20)2-3-19-6-10-21(11-7-19)26-17-16-25-15-14-24-13-12-22/h2-11,23H,12-17H2,1H3/b3-2+/i22-1",CNC1=CC=C(\C=C\C2=CC=C(OCCOCCOCC[18F])C=C2)C=C1
DB09166,"['CYP3A4', 'CYP2C19']",Etizolam,"InChI=1S/C17H15ClN4S/c1-3-11-8-13-16(12-6-4-5-7-14(12)18)19-9-15-21-20-10(2)22(15)17(13)23-11/h4-8H,3,9H2,1-2H3",CCC1=CC2=C(S1)N1C(C)=NN=C1CN=C2C1=CC=CC=C1Cl
DB09167,"['CYP2D6', 'CYP1A2', 'CYP3A4', 'CYP2C9', 'CYP2C19']",Dosulepin,"InChI=1S/C19H21NS/c1-20(2)13-7-11-17-16-9-4-3-8-15(16)14-21-19-12-6-5-10-18(17)19/h3-6,8-12H,7,13-14H2,1-2H3/b17-11+",CN(C)CC\C=C1/C2=CC=CC=C2CSC2=CC=CC=C12
DB09173,"['CYP3A4', 'CYP2D6']",Butyrfentanyl,"InChI=1S/C23H30N2O/c1-2-9-23(26)25(21-12-7-4-8-13-21)22-15-18-24(19-16-22)17-14-20-10-5-3-6-11-20/h3-8,10-13,22H,2,9,14-19H2,1H3",CCCC(=O)N(C1CCN(CCC2=CC=CC=C2)CC1)C1=CC=CC=C1
DB09183,"['CYP2C8', 'CYP3A4', 'CYP2D6']",Dasabuvir,"InChI=1S/C26H27N3O5S/c1-26(2,3)22-15-20(29-11-10-23(30)27-25(29)31)14-21(24(22)34-4)18-7-6-17-13-19(28-35(5,32)33)9-8-16(17)12-18/h6-15,28H,1-5H3,(H,27,30,31)",COC1=C(C=C(C=C1C1=CC2=CC=C(NS(C)(=O)=O)C=C2C=C1)N1C=CC(=O)NC1=O)C(C)(C)C
DB09185,"['CYP2D6', 'CYP1A2', 'CYP2B6', 'CYP3A4', 'CYP3A5']",Viloxazine,"InChI=1S/C13H19NO3/c1-2-15-12-5-3-4-6-13(12)17-10-11-9-14-7-8-16-11/h3-6,11,14H,2,7-10H2,1H3",CCOC1=CC=CC=C1OCC1CNCCO1
DB09195,"['CYP2D6', 'CYP3A4']",Lorpiprazole,"InChI=1S/C21H26F3N5/c22-21(23,24)16-4-2-5-17(13-16)28-11-9-27(10-12-28)8-7-19-25-26-20-18-6-1-3-15(18)14-29(19)20/h2,4-5,13,15,18H,1,3,6-12,14H2/t15-,18-/m0/s1",[H][C@@]12CCC[C@]1([H])C1=NN=C(CCN3CCN(CC3)C3=CC=CC(=C3)C(F)(F)F)N1C2
DB09198,"['CYP1A2', 'CYP2C9', 'CYP2C19', 'CYP3A4', 'CYP2C8']",Lobeglitazone,"InChI=1S/C24H24N4O5S/c1-28(21-14-22(26-15-25-21)33-19-9-7-17(31-2)8-10-19)11-12-32-18-5-3-16(4-6-18)13-20-23(29)27-24(30)34-20/h3-10,14-15,20H,11-13H2,1-2H3,(H,27,29,30)",COC1=CC=C(OC2=NC=NC(=C2)N(C)CCOC2=CC=C(CC3SC(=O)NC3=O)C=C2)C=C1
DB09199,"['CYP3A4', 'CYP2C8']",Netoglitazone,"InChI=1S/C21H16FNO3S/c22-18-4-2-1-3-16(18)12-26-17-8-7-14-9-13(5-6-15(14)11-17)10-19-20(24)23-21(25)27-19/h1-9,11,19H,10,12H2,(H,23,24,25)",FC1=C(COC2=CC=C3C=C(CC4SC(=O)NC4=O)C=CC3=C2)C=CC=C1
DB09200,"['CYP3A4', 'CYP2C8']",Rivoglitazone,"InChI=1S/C20H19N3O4S/c1-23-16-10-14(26-2)7-8-15(16)21-18(23)11-27-13-5-3-12(4-6-13)9-17-19(24)22-20(25)28-17/h3-8,10,17H,9,11H2,1-2H3,(H,22,24,25)",COC1=CC=C2N=C(COC3=CC=C(CC4SC(=O)NC4=O)C=C3)N(C)C2=C1
DB09201,"['CYP3A4', 'CYP2C8']",Ciglitazone,"InChI=1S/C18H23NO3S/c1-18(9-3-2-4-10-18)12-22-14-7-5-13(6-8-14)11-15-16(20)19-17(21)23-15/h5-8,15H,2-4,9-12H2,1H3,(H,19,20,21)",CC1(COC2=CC=C(CC3SC(=O)NC3=O)C=C2)CCCCC1
DB09204,['CYP2D6'],Arotinolol,"InChI=1S/C15H21N3O2S3/c1-15(2,3)17-6-9(19)7-21-14-18-10(8-22-14)11-4-5-12(23-11)13(16)20/h4-5,8-9,17,19H,6-7H2,1-3H3,(H2,16,20)",CC(C)(C)NCC(O)CSC1=NC(=CS1)C1=CC=C(S1)C(N)=O
DB09205,"['CYP3A4', 'CYP3A43', 'CYP3A5', 'CYP3A7']",Moxisylyte,"InChI=1S/C16H25NO3/c1-11(2)14-10-15(20-13(4)18)12(3)9-16(14)19-8-7-17(5)6/h9-11H,7-8H2,1-6H3",CC(C)C1=C(OCCN(C)C)C=C(C)C(OC(C)=O)=C1
DB09212,"['CYP3A4', 'CYP3A43', 'CYP3A5', 'CYP3A7']",Loxoprofen,"InChI=1S/C15H18O3/c1-10(15(17)18)12-7-5-11(6-8-12)9-13-3-2-4-14(13)16/h5-8,10,13H,2-4,9H2,1H3,(H,17,18)",CC(C(O)=O)C1=CC=C(CC2CCCC2=O)C=C1
DB09213,"['CYP2C8', 'CYP2C9', 'CYP2C19']",Dexibuprofen,"InChI=1S/C13H18O2/c1-9(2)8-11-4-6-12(7-5-11)10(3)13(14)15/h4-7,9-10H,8H2,1-3H3,(H,14,15)/t10-/m0/s1",CC(C)CC1=CC=C(C=C1)[C@H](C)C(O)=O
DB09216,['CYP3A4'],Tolfenamic acid,"InChI=1S/C14H12ClNO2/c1-9-11(15)6-4-8-12(9)16-13-7-3-2-5-10(13)14(17)18/h2-8,16H,1H3,(H,17,18)",CC1=C(Cl)C=CC=C1NC1=CC=CC=C1C(O)=O
DB09223,['CYP3A4'],Blonanserin,"InChI=1S/C23H30FN3/c1-2-26-13-15-27(16-14-26)23-17-21(18-9-11-19(24)12-10-18)20-7-5-3-4-6-8-22(20)25-23/h9-12,17H,2-8,13-16H2,1H3",CCN1CCN(CC1)C1=NC2=C(CCCCCC2)C(=C1)C1=CC=C(F)C=C1
DB09224,['CYP2D6'],Melperone,"InChI=1S/C16H22FNO/c1-13-8-11-18(12-9-13)10-2-3-16(19)14-4-6-15(17)7-5-14/h4-7,13H,2-3,8-12H2,1H3",CC1CCN(CCCC(=O)C2=CC=C(F)C=C2)CC1
DB09225,"['CYP1A2', 'CYP3A4']",Zotepine,"InChI=1S/C18H18ClNOS/c1-20(2)9-10-21-16-11-13-5-3-4-6-17(13)22-18-8-7-14(19)12-15(16)18/h3-8,11-12H,9-10H2,1-2H3",CN(C)CCOC1=CC2=CC=CC=C2SC2=CC=C(Cl)C=C12
DB09227,['CYP3A4'],Barnidipine,"InChI=1S/C27H29N3O6/c1-17-23(26(31)35-3)25(20-10-7-11-21(14-20)30(33)34)24(18(2)28-17)27(32)36-22-12-13-29(16-22)15-19-8-5-4-6-9-19/h4-11,14,22,25,28H,12-13,15-16H2,1-3H3/t22-,25-/m0/s1",COC(=O)C1=C(C)NC(C)=C([C@H]1C1=CC(=CC=C1)[N+]([O-])=O)C(=O)O[C@H]1CCN(CC2=CC=CC=C2)C1
DB09229,['CYP3A4'],Aranidipine,"InChI=1S/C19H20N2O7/c1-10(22)9-28-19(24)16-12(3)20-11(2)15(18(23)27-4)17(16)13-7-5-6-8-14(13)21(25)26/h5-8,17,20H,9H2,1-4H3",COC(=O)C1=C(C)NC(C)=C(C1C1=CC=CC=C1[N+]([O-])=O)C(=O)OCC(C)=O
DB09230,['CYP3A4'],Azelnidipine,"InChI=1S/C33H34N4O6/c1-20(2)42-32(38)27-21(3)35-31(34)29(28(27)24-15-10-16-25(17-24)37(40)41)33(39)43-26-18-36(19-26)30(22-11-6-4-7-12-22)23-13-8-5-9-14-23/h4-17,20,26,28,30,35H,18-19,34H2,1-3H3",CC(C)OC(=O)C1=C(C)NC(N)=C(C1C1=CC=CC(=C1)[N+]([O-])=O)C(=O)OC1CN(C1)C(C1=CC=CC=C1)C1=CC=CC=C1
DB09231,"['CYP3A4', 'CYP3A5']",Benidipine,"InChI=1S/C28H31N3O6/c1-18-24(27(32)36-3)26(21-11-7-12-22(15-21)31(34)35)25(19(2)29-18)28(33)37-23-13-8-14-30(17-23)16-20-9-5-4-6-10-20/h4-7,9-12,15,23,26,29H,8,13-14,16-17H2,1-3H3/t23-,26-/m1/s1",COC(=O)C1=C(C)NC(C)=C([C@@H]1C1=CC=CC(=C1)[N+]([O-])=O)C(=O)O[C@@H]1CCCN(CC2=CC=CC=C2)C1
DB09232,['CYP3A4'],Cilnidipine,"InChI=1S/C27H28N2O7/c1-18-23(26(30)35-14-8-11-20-9-5-4-6-10-20)25(21-12-7-13-22(17-21)29(32)33)24(19(2)28-18)27(31)36-16-15-34-3/h4-13,17,25,28H,14-16H2,1-3H3/b11-8+",COCCOC(=O)C1=C(C)NC(C)=C(C1C1=CC=CC(=C1)[N+]([O-])=O)C(=O)OC\C=C\C1=CC=CC=C1
DB09234,['CYP3A4'],Darodipine,"InChI=1S/C19H21N3O5/c1-5-25-18(23)14-10(3)20-11(4)15(19(24)26-6-2)16(14)12-8-7-9-13-17(12)22-27-21-13/h7-9,16,20H,5-6H2,1-4H3",CCOC(=O)C1=C(C)NC(C)=C(C1C1=CC=CC2=NON=C12)C(=O)OCC
DB09235,['CYP3A4'],Efonidipine,"InChI=1S/C34H38N3O7P/c1-24-30(33(38)42-19-18-36(28-15-9-6-10-16-28)21-26-12-7-5-8-13-26)31(27-14-11-17-29(20-27)37(39)40)32(25(2)35-24)45(41)43-22-34(3,4)23-44-45/h5-17,20,31,35H,18-19,21-23H2,1-4H3",CC1=C(C(C2=CC=CC(=C2)[N+]([O-])=O)C(=C(C)N1)P1(=O)OCC(C)(C)CO1)C(=O)OCCN(CC1=CC=CC=C1)C1=CC=CC=C1
DB09236,['CYP3A4'],Lacidipine,"InChI=1S/C26H33NO6/c1-8-31-24(29)21-16(3)27-17(4)22(25(30)32-9-2)23(21)19-13-11-10-12-18(19)14-15-20(28)33-26(5,6)7/h10-15,23,27H,8-9H2,1-7H3/b15-14+",CCOC(=O)C1=C(C)NC(C)=C(C1C1=CC=CC=C1\C=C\C(=O)OC(C)(C)C)C(=O)OCC
DB09237,['CYP3A4'],Levamlodipine,"InChI=1S/C20H25ClN2O5/c1-4-28-20(25)18-15(11-27-10-9-22)23-12(2)16(19(24)26-3)17(18)13-7-5-6-8-14(13)21/h5-8,17,23H,4,9-11,22H2,1-3H3/t17-/m0/s1",CCOC(=O)C1=C(COCCN)NC(C)=C([C@@H]1C1=CC=CC=C1Cl)C(=O)OC
DB09238,"['CYP2C9', 'CYP2D6', 'CYP1A1', 'CYP2B6', 'CYP2C19', 'CYP3A4']",Manidipine,"InChI=1S/C35H38N4O6/c1-24-30(34(40)44-3)32(28-15-10-16-29(23-28)39(42)43)31(25(2)36-24)35(41)45-22-21-37-17-19-38(20-18-37)33(26-11-6-4-7-12-26)27-13-8-5-9-14-27/h4-16,23,32-33,36H,17-22H2,1-3H3",COC(=O)C1=C(C)NC(C)=C(C1C1=CC(=CC=C1)N(=O)=O)C(=O)OCCN1CCN(CC1)C(C1=CC=CC=C1)C1=CC=CC=C1
DB09239,['CYP3A4'],Niguldipine,"InChI=1S/C36H39N3O6/c1-25-31(34(40)44-3)33(27-12-10-17-30(24-27)39(42)43)32(26(2)37-25)35(41)45-23-11-20-38-21-18-36(19-22-38,28-13-6-4-7-14-28)29-15-8-5-9-16-29/h4-10,12-17,24,33,37H,11,18-23H2,1-3H3/t33-/m0/s1",[H]N1C(C)=C([C@H](C2=CC(=CC=C2)[N+]([O-])=O)C(C(=O)OCCCN2CCC(CC2)(C2=CC=CC=C2)C2=CC=CC=C2)=C1C)C(=O)OC
DB09240,['CYP3A4'],Niludipine,"InChI=1S/C25H34N2O8/c1-5-10-32-12-14-34-24(28)21-17(3)26-18(4)22(25(29)35-15-13-33-11-6-2)23(21)19-8-7-9-20(16-19)27(30)31/h7-9,16,23,26H,5-6,10-15H2,1-4H3",[H]N1C(C)=C(C(C2=CC(=CC=C2)[N+]([O-])=O)C(C(=O)OCCOCCC)=C1C)C(=O)OCCOCCC
DB09241,"['CYP1A2', 'CYP2B6', 'CYP2C8', 'CYP2C9', 'CYP2C19', 'CYP3A4', 'CYP3A5', 'CYP2D6']",Methylene blue,"InChI=1S/C16H18N3S.ClH/c1-18(2)11-5-7-13-15(9-11)20-16-10-12(19(3)4)6-8-14(16)17-13;/h5-10H,1-4H3;1H/q+1;/p-1",[Cl-].CN(C)C1=CC2=[S+]C3=C(C=CC(=C3)N(C)C)N=C2C=C1
DB09256,"['CYP1A2', 'CYP2C8', 'CYP2A6', 'CYP2E1', 'CYP3A5']",Tegafur,"InChI=1S/C8H9FN2O3/c9-5-4-11(6-2-1-3-14-6)8(13)10-7(5)12/h4,6H,1-3H2,(H,10,12,13)",FC1=CN(C2CCCO2)C(=O)NC1=O
DB09262,['CYP3A4'],Imidafenacin,"InChI=1S/C20H21N3O/c1-16-22-13-15-23(16)14-12-20(19(21)24,17-8-4-2-5-9-17)18-10-6-3-7-11-18/h2-11,13,15H,12,14H2,1H3,(H2,21,24)",CC1=NC=CN1CCC(C(N)=O)(C1=CC=CC=C1)C1=CC=CC=C1
DB09273,['CYP1A2'],Doxofylline,"InChI=1S/C11H14N4O4/c1-13-9-8(10(16)14(2)11(13)17)15(6-12-9)5-7-18-3-4-19-7/h6-7H,3-5H2,1-2H3",CN1C2=C(N(CC3OCCO3)C=N2)C(=O)N(C)C1=O
DB09274,['CYP2A6'],Artesunate,"InChI=1S/C19H28O8/c1-10-4-5-13-11(2)16(23-15(22)7-6-14(20)21)24-17-19(13)12(10)8-9-18(3,25-17)26-27-19/h10-13,16-17H,4-9H2,1-3H3,(H,20,21)/t10-,11-,12+,13+,16-,17-,18-,19-/m1/s1",[H][C@@]12CC[C@@H](C)[C@]3([H])CC[C@@]4(C)OO[C@@]13[C@]([H])(O[C@@H](OC(=O)CCC(O)=O)[C@@H]2C)O4
DB09280,"['CYP3A4', 'CYP2B6', 'CYP2C8', 'CYP2C9', 'CYP2C19']",Lumacaftor,"InChI=1S/C24H18F2N2O5/c1-13-5-8-19(27-20(13)14-3-2-4-15(11-14)21(29)30)28-22(31)23(9-10-23)16-6-7-17-18(12-16)33-24(25,26)32-17/h2-8,11-12H,9-10H2,1H3,(H,29,30)(H,27,28,31)",CC1=CC=C(NC(=O)C2(CC2)C2=CC=C3OC(F)(F)OC3=C2)N=C1C1=CC(=CC=C1)C(O)=O
DB09288,"['CYP2E1', 'CYP1A2', 'CYP2D6', 'CYP2C9', 'CYP3A4']",Propacetamol,"InChI=1S/C14H20N2O3/c1-4-16(5-2)10-14(18)19-13-8-6-12(7-9-13)15-11(3)17/h6-9H,4-5,10H2,1-3H3,(H,15,17)",CCN(CC)CC(=O)OC1=CC=C(NC(C)=O)C=C1
DB09289,['CYP3A4'],Tianeptine,"InChI=1S/C21H25ClN2O4S/c1-24-18-9-6-5-8-16(18)21(23-13-7-3-2-4-10-20(25)26)17-12-11-15(22)14-19(17)29(24,27)28/h5-6,8-9,11-12,14,21,23H,2-4,7,10,13H2,1H3,(H,25,26)",CN1C2=CC=CC=C2C(NCCCCCCC(O)=O)C2=C(C=C(Cl)C=C2)S1(=O)=O
DB09290,['CYP1A2'],Ramosetron,"InChI=1S/C17H17N3O/c1-20-9-13(12-4-2-3-5-16(12)20)17(21)11-6-7-14-15(8-11)19-10-18-14/h2-5,9-11H,6-8H2,1H3,(H,18,19)/t11-/m1/s1",CN1C=C(C(=O)[C@@H]2CCC3=C(C2)N=CN3)C2=C1C=CC=C2
DB09291,"['CYP2D6', 'CYP3A4']",Rolapitant,"InChI=1S/C25H26F6N2O2/c1-16(17-11-19(24(26,27)28)13-20(12-17)25(29,30)31)35-15-23(18-5-3-2-4-6-18)10-9-22(14-32-23)8-7-21(34)33-22/h2-6,11-13,16,32H,7-10,14-15H2,1H3,(H,33,34)/t16-,22-,23-/m1/s1",C[C@@H](OC[C@]1(CC[C@]2(CCC(=O)N2)CN1)C1=CC=CC=C1)C1=CC(=CC(=C1)C(F)(F)F)C(F)(F)F
DB09296,['CYP2C8'],Ombitasvir,"InChI=1S/C50H67N7O8/c1-30(2)42(53-48(62)64-8)46(60)55-28-10-12-40(55)44(58)51-35-20-14-32(15-21-35)38-26-27-39(57(38)37-24-18-34(19-25-37)50(5,6)7)33-16-22-36(23-17-33)52-45(59)41-13-11-29-56(41)47(61)43(31(3)4)54-49(63)65-9/h14-25,30-31,38-43H,10-13,26-29H2,1-9H3,(H,51,58)(H,52,59)(H,53,62)(H,54,63)/t38-,39-,40-,41-,42-,43-/m0/s1",COC(=O)N[C@@H](C(C)C)C(=O)N1CCC[C@H]1C(=O)NC1=CC=C(C=C1)[C@@H]1CC[C@H](N1C1=CC=C(C=C1)C(C)(C)C)C1=CC=C(NC(=O)[C@@H]2CCCN2C(=O)[C@@H](NC(=O)OC)C(C)C)C=C1
DB09297,"['CYP3A4', 'CYP3A5']",Paritaprevir,"InChI=1S/C40H43N7O7S/c1-24-21-42-33(22-41-24)35(48)43-32-16-6-4-2-3-5-11-25-20-40(25,39(51)46-55(52,53)27-17-18-27)45-36(49)34-19-26(23-47(34)38(32)50)54-37-30-14-8-7-12-28(30)29-13-9-10-15-31(29)44-37/h5,7-15,21-22,25-27,32,34H,2-4,6,16-20,23H2,1H3,(H,43,48)(H,45,49)(H,46,51)/b11-5-/t25-,26-,32+,34+,40-/m1/s1",[H][C@@]12C[C@]1(NC(=O)[C@]1([H])C[C@H](CN1C(=O)[C@H](CCCCC\C=C/2)NC(=O)C1=CN=C(C)C=N1)OC1=NC2=C(C=CC=C2)C2=C1C=CC=C2)C(=O)NS(=O)(=O)C1CC1
DB09299,['CYP3A4'],Tenofovir alafenamide,"InChI=1S/C21H29N6O5P/c1-14(2)31-21(28)16(4)26-33(29,32-17-8-6-5-7-9-17)13-30-15(3)10-27-12-25-18-19(22)23-11-24-20(18)27/h5-9,11-12,14-16H,10,13H2,1-4H3,(H,26,29)(H2,22,23,24)/t15-,16+,33+/m1/s1",CC(C)OC(=O)[C@H](C)N[P@](=O)(CO[C@H](C)CN1C=NC2=C(N)N=CN=C12)OC1=CC=CC=C1
DB09308,['CYP3A4'],Solithromycin,"InChI=1S/C43H65FN6O10/c1-12-32-43(8)35(50(40(55)60-43)19-14-13-18-49-23-30(46-47-49)28-16-15-17-29(45)21-28)26(4)33(51)24(2)22-41(6,56-11)37(27(5)36(53)42(7,44)39(54)58-32)59-38-34(52)31(48(9)10)20-25(3)57-38/h15-17,21,23-27,31-32,34-35,37-38,52H,12-14,18-20,22,45H2,1-11H3/t24-,25-,26+,27+,31+,32-,34-,35-,37-,38+,41-,42+,43-/m1/s1",[H][C@]12N(CCCCN3C=C(N=N3)C3=CC(N)=CC=C3)C(=O)O[C@]1(C)[C@@]([H])(CC)OC(=O)[C@@](C)(F)C(=O)[C@]([H])(C)[C@@]([H])(O[C@]1([H])O[C@]([H])(C)C[C@]([H])(N(C)C)[C@@]1([H])O)[C@@](C)(C[C@@]([H])(C)C(=O)[C@]2([H])C)OC
DB09309,['CYP3A4'],Kitasamycin,"InChI=1S/C40H67NO14/c1-22(2)18-30(45)53-38-26(6)51-32(21-40(38,7)48)54-35-25(5)52-39(34(47)33(35)41(8)9)55-36-27(16-17-42)19-23(3)28(43)15-13-11-12-14-24(4)50-31(46)20-29(44)37(36)49-10/h11-13,15,17,22-29,32-39,43-44,47-48H,14,16,18-21H2,1-10H3/b12-11+,15-13+/t23-,24-,25-,26+,27+,28+,29-,32+,33-,34-,35-,36+,37+,38+,39+,40-/m1/s1",CO[C@H]1[C@H](O)CC(=O)O[C@H](C)C\C=C\C=C\[C@H](O)[C@H](C)C[C@H](CC=O)[C@@H]1O[C@@H]1O[C@H](C)[C@@H](O[C@H]2C[C@@](C)(O)[C@@H](OC(=O)CC(C)C)[C@H](C)O2)[C@@H]([C@H]1O)N(C)C
DB09327,['CYP2A6'],Tegafur-uracil,"InChI=1S/C8H9FN2O3.C4H4N2O2/c9-5-4-11(6-2-1-3-14-6)8(13)10-7(5)12;7-3-1-2-5-4(8)6-3/h4,6H,1-3H2,(H,10,12,13);1-2H,(H2,5,6,7,8)",O=C1NC=CC(=O)N1.FC1=CN(C2CCCO2)C(=O)NC1=O
DB09330,"['CYP3A4', 'CYP1A2']",Osimertinib,"InChI=1S/C28H33N7O2/c1-7-27(36)30-22-16-23(26(37-6)17-25(22)34(4)15-14-33(2)3)32-28-29-13-12-21(31-28)20-18-35(5)24-11-9-8-10-19(20)24/h7-13,16-18H,1,14-15H2,2-6H3,(H,30,36)(H,29,31,32)",COC1=C(NC2=NC=CC(=N2)C2=CN(C)C3=C2C=CC=C3)C=C(NC(=O)C=C)C(=C1)N(C)CCN(C)C
DB09351,['CYP2D6'],Levobetaxolol,"InChI=1S/C18H29NO3/c1-14(2)19-11-17(20)13-22-18-7-5-15(6-8-18)9-10-21-12-16-3-4-16/h5-8,14,16-17,19-20H,3-4,9-13H2,1-2H3/t17-/m0/s1",CC(C)NC[C@H](O)COC1=CC=C(CCOCC2CC2)C=C1
DB09371,['CYP3A4'],Norethynodrel,"InChI=1S/C20H26O2/c1-3-20(22)11-9-18-17-6-4-13-12-14(21)5-7-15(13)16(17)8-10-19(18,20)2/h1,16-18,22H,4-12H2,2H3/t16-,17-,18+,19+,20+/m1/s1",[H][C@@]12CC[C@@](O)(C#C)[C@@]1(C)CC[C@]1([H])C3=C(CC[C@@]21[H])CC(=O)CC3
DB09378,['CYP3A4'],Fluprednisolone,"InChI=1S/C21H27FO5/c1-19-5-3-11(24)7-14(19)15(22)8-12-13-4-6-21(27,17(26)10-23)20(13,2)9-16(25)18(12)19/h3,5,7,12-13,15-16,18,23,25,27H,4,6,8-10H2,1-2H3/t12-,13-,15-,16-,18+,19-,20-,21-/m0/s1",[H][C@@]12CC[C@](O)(C(=O)CO)[C@@]1(C)C[C@H](O)[C@@]1([H])[C@@]2([H])C[C@H](F)C2=CC(=O)C=C[C@]12C
DB09383,"['CYP3A4', 'CYP3A5']",Meprednisone,"InChI=1S/C22H28O5/c1-12-8-16-15-5-4-13-9-14(24)6-7-20(13,2)19(15)17(25)10-21(16,3)22(12,27)18(26)11-23/h6-7,9,12,15-16,19,23,27H,4-5,8,10-11H2,1-3H3/t12-,15-,16-,19+,20-,21-,22-/m0/s1",[H][C@]1(C)C[C@@]2([H])[C@]3([H])CCC4=CC(=O)C=C[C@]4(C)[C@@]3([H])C(=O)C[C@]2(C)[C@@]1(O)C(=O)CO
DB09389,['CYP3A4'],Norgestrel,"InChI=1S/C21H28O2/c1-3-20-11-9-17-16-8-6-15(22)13-14(16)5-7-18(17)19(20)10-12-21(20,23)4-2/h2,13,16-19,23H,3,5-12H2,1H3",CCC12CCC3C(CCC4=CC(=O)CCC34)C1CCC2(O)C#C
DB09462,['CYP2E1'],Glycerin,"InChI=1S/C3H8O3/c4-1-3(6)2-5/h3-6H,1-2H2",OCC(O)CO
DB09499,['CYP2B6'],Thiosulfuric acid,"InChI=1S/H2O3S2/c1-5(2,3)4/h(H2,1,2,3,4)",OS(O)(=O)=S
DB09555,"['CYP2D6', 'CYP3A4']",Dexchlorpheniramine maleate,"InChI=1S/C16H19ClN2.C4H4O4/c1-19(2)12-10-15(16-5-3-4-11-18-16)13-6-8-14(17)9-7-13;5-3(6)1-2-4(7)8/h3-9,11,15H,10,12H2,1-2H3;1-2H,(H,5,6)(H,7,8)/b;2-1-/t15-;/m0./s1",OC(=O)\C=C/C(O)=O.CN(C)CC[C@@H](C1=CC=C(Cl)C=C1)C1=CC=CC=N1
DB09570,"['CYP3A4', 'CYP1A2', 'CYP2B6', 'CYP2C8', 'CYP2D6', 'CYP2C19', 'CYP2C9']",Ixazomib,"InChI=1S/C14H19BCl2N2O4/c1-8(2)5-12(15(22)23)19-13(20)7-18-14(21)10-6-9(16)3-4-11(10)17/h3-4,6,8,12,22-23H,5,7H2,1-2H3,(H,18,21)(H,19,20)/t12-/m0/s1",CC(C)C[C@H](NC(=O)CNC(=O)C1=CC(Cl)=CC=C1Cl)B(O)O
DB11155,['CYP1A1'],Triclocarban,"InChI=1S/C13H9Cl3N2O/c14-8-1-3-9(4-2-8)17-13(19)18-10-5-6-11(15)12(16)7-10/h1-7H,(H2,17,18,19)",ClC1=CC=C(NC(=O)NC2=CC(Cl)=C(Cl)C=C2)C=C1
DB11156,[],Pyrantel,"InChI=1S/C11H14N2S/c1-13-8-3-7-12-11(13)6-5-10-4-2-9-14-10/h2,4-6,9H,3,7-8H2,1H3/b6-5+",[H]\C(=C(\[H])C1=NCCCN1C)C1=CC=CS1
DB11273,['CYP3A4'],Dihydroergocornine,"InChI=1S/C31H41N5O5/c1-16(2)26-28(38)35-11-7-10-24(35)31(40)36(26)29(39)30(41-31,17(3)4)33-27(37)19-12-21-20-8-6-9-22-25(20)18(14-32-22)13-23(21)34(5)15-19/h6,8-9,14,16-17,19,21,23-24,26,32,40H,7,10-13,15H2,1-5H3,(H,33,37)/t19-,21-,23-,24+,26+,30-,31+/m1/s1",[H][C@@]12CCCN1C(=O)[C@H](C(C)C)N1C(=O)[C@](NC(=O)[C@H]3CN(C)[C@]4([H])CC5=CNC6=CC=CC(=C56)[C@@]4([H])C3)(O[C@@]21O)C(C)C
DB11274,['CYP3A4'],Dihydro-alpha-ergocryptine,"InChI=1S/C32H43N5O5/c1-17(2)12-25-29(39)36-11-7-10-26(36)32(41)37(25)30(40)31(42-32,18(3)4)34-28(38)20-13-22-21-8-6-9-23-27(21)19(15-33-23)14-24(22)35(5)16-20/h6,8-9,15,17-18,20,22,24-26,33,41H,7,10-14,16H2,1-5H3,(H,34,38)/t20-,22-,24-,25+,26+,31-,32+/m1/s1",[H][C@@]12CCCN1C(=O)[C@H](CC(C)C)N1C(=O)[C@](NC(=O)[C@H]3CN(C)[C@]4([H])CC5=CNC6=CC=CC(=C56)[C@@]4([H])C3)(O[C@@]21O)C(C)C
DB11362,"['CYP2C8', 'CYP3A4']",Selexipag,"InChI=1S/C26H32N4O4S/c1-20(2)30(16-10-11-17-34-19-24(31)29-35(3,32)33)23-18-27-25(21-12-6-4-7-13-21)26(28-23)22-14-8-5-9-15-22/h4-9,12-15,18,20H,10-11,16-17,19H2,1-3H3,(H,29,31)",CC(C)N(CCCCOCC(=O)NS(C)(=O)=O)C1=NC(C2=CC=CC=C2)=C(N=C1)C1=CC=CC=C1
DB11383,['CYP3A4'],Carbomycin,"InChI=1S/C42H67NO16/c1-21(2)16-32(47)57-40-25(6)53-34(20-42(40,8)50)58-37-24(5)54-41(36(49)35(37)43(9)10)59-38-27(14-15-44)17-22(3)28(46)12-13-29-30(56-29)18-23(4)52-33(48)19-31(39(38)51-11)55-26(7)45/h12-13,15,21-25,27,29-31,34-41,49-50H,14,16-20H2,1-11H3/b13-12+/t22-,23-,24-,25+,27+,29+,30+,31-,34+,35-,36-,37-,38+,39+,40+,41+,42-/m1/s1",[H][C@@]1(C[C@@](C)(O)[C@@H](OC(=O)CC(C)C)[C@H](C)O1)O[C@@H]1[C@@H](C)O[C@@]([H])(O[C@H]2[C@@H](CC=O)C[C@@H](C)C(=O)\C=C\[C@@H]3O[C@H]3C[C@@H](C)OC(=O)C[C@@H](OC(C)=O)[C@@H]2OC)[C@H](O)[C@H]1N(C)C
DB11400,['CYP3A4'],Doramectin,"InChI=1S/C50H74O14/c1-27-13-12-16-34-26-57-47-42(51)30(4)21-37(50(34,47)54)48(53)60-36-22-35(63-49(25-36)20-19-29(3)45(64-49)33-14-10-9-11-15-33)18-17-28(2)44(27)61-41-24-39(56-8)46(32(6)59-41)62-40-23-38(55-7)43(52)31(5)58-40/h12-13,16-17,19-21,27,29,31-33,35-47,51-52,54H,9-11,14-15,18,22-26H2,1-8H3/b13-12+,28-17+,34-16+/t27-,29-,31-,32-,35+,36-,37-,38-,39-,40-,41-,42+,43-,44-,45-,46-,47+,49+,50+/m0/s1",[H][C@@]12OC\C3=C/C=C/[C@H](C)[C@H](O[C@@]4([H])C[C@H](OC)[C@@H](O[C@@]5([H])C[C@H](OC)[C@@H](O)[C@H](C)O5)[C@H](C)O4)\C(C)=C\C[C@@H]4C[C@@H](C[C@]5(O4)O[C@H](C4CCCCC4)[C@@H](C)C=C5)OC(=O)[C@]([H])(C=C(C)[C@H]1O)[C@@]23O
DB11404,['CYP1A2'],Enrofloxacin,"InChI=1S/C19H22FN3O3/c1-2-21-5-7-22(8-6-21)17-10-16-13(9-15(17)20)18(24)14(19(25)26)11-23(16)12-3-4-12/h9-12H,2-8H2,1H3,(H,25,26)",CCN1CCN(CC1)C1=CC2=C(C=C1F)C(=O)C(=CN2C1CC1)C(O)=O
DB11405,['CYP3A4'],Eprinomectin,"InChI=1S/C49H73NO14/c1-25(2)43-28(5)17-18-48(64-43)23-35-20-34(63-48)16-15-27(4)44(26(3)13-12-14-33-24-57-46-42(52)29(6)19-36(47(53)60-35)49(33,46)54)61-40-22-38(56-11)45(31(8)59-40)62-39-21-37(55-10)41(30(7)58-39)50-32(9)51/h12-15,17-19,25-26,28,30-31,34-46,52,54H,16,20-24H2,1-11H3,(H,50,51)/b13-12-,27-15-,33-14-/t26-,28-,30-,31-,34+,35-,36-,37+,38-,39-,40-,41+,42+,43+,44-,45+,46+,48+,49+/m0/s1",[H]O[C@@H]1C(C)=C[C@@]2([H])C(=O)O[C@@]3([H])C[C@@]([H])(C\C=C(C)/[C@@H](O[C@H]4C[C@H](OC)[C@H](O[C@H]5C[C@@H](OC)[C@H](N([H])C(C)=O)[C@H](C)O5)[C@H](C)O4)[C@@H](C)\C=C/C=C4/CO[C@@]1([H])[C@]24O[H])O[C@@]1(C3)O[C@H](C(C)C)[C@@H](C)C=C1
DB11442,['CYP3A4'],Oleandomycin,"InChI=1S/C35H61NO12/c1-16-14-35(15-43-35)32(40)19(4)27(37)18(3)22(7)46-33(41)21(6)31(47-26-13-25(42-11)28(38)23(8)45-26)20(5)30(16)48-34-29(39)24(36(9)10)12-17(2)44-34/h16-31,34,37-39H,12-15H2,1-11H3/t16-,17+,18-,19+,20+,21+,22+,23-,24-,25-,26-,27-,28-,29+,30-,31-,34-,35+/m0/s1",CO[C@H]1C[C@H](O[C@H]2[C@H](C)[C@@H](O[C@@H]3O[C@H](C)C[C@@H]([C@H]3O)N(C)C)[C@@H](C)C[C@@]3(CO3)C(=O)[C@H](C)[C@@H](O)[C@@H](C)[C@@H](C)OC(=O)[C@@H]2C)O[C@@H](C)[C@@H]1O
DB11443,['CYP1A2'],Orbifloxacin,"InChI=1S/C19H20F3N3O3/c1-8-5-24(6-9(2)23-8)17-14(21)13(20)12-16(15(17)22)25(10-3-4-10)7-11(18(12)26)19(27)28/h7-10,23H,3-6H2,1-2H3,(H,27,28)/t8-,9+",[H][C@]1(C)CN(C[C@@]([H])(C)N1)C1=C(F)C(F)=C2C(=O)C(=CN(C3CC3)C2=C1F)C(O)=O
DB11450,['CYP1A2'],Pimobendan,"InChI=1S/C19H18N4O2/c1-11-9-17(24)22-23-18(11)13-5-8-15-16(10-13)21-19(20-15)12-3-6-14(25-2)7-4-12/h3-8,10-11H,9H2,1-2H3,(H,20,21)(H,22,24)",COC1=CC=C(C=C1)C1=NC2=CC(=CC=C2N1)C1=NNC(=O)CC1C
DB11459,['CYP3A4'],Selamectin,"InChI=1S/C43H63NO11/c1-24-11-10-14-30-23-50-40-36(44-48)27(4)19-33(43(30,40)47)41(46)52-32-20-31(16-15-25(2)38(24)53-35-21-34(49-6)37(45)28(5)51-35)54-42(22-32)18-17-26(3)39(55-42)29-12-8-7-9-13-29/h10-11,14-15,19,24,26,28-29,31-35,37-40,45,47-48H,7-9,12-13,16-18,20-23H2,1-6H3/b11-10+,25-15+,30-14+,44-36-/t24-,26-,28-,31+,32-,33-,34-,35-,37-,38-,39-,40+,42+,43+/m0/s1",[H][C@@]12OC\C3=C/C=C/[C@H](C)[C@H](O[C@@]4([H])C[C@H](OC)[C@@H](O)[C@H](C)O4)\C(C)=C\C[C@]4([H])C[C@@]([H])(C[C@]5(CC[C@H](C)[C@]([H])(O5)C5CCCCC5)O4)OC(=O)[C@]([H])(C=C(C)\C1=N\O)[C@@]23O
DB11470,['CYP3A4'],Tildipirosin,"InChI=1S/C41H71N3O8/c1-8-35-32(26-44-20-13-10-14-21-44)23-27(2)15-16-33(45)28(3)24-31(17-22-43-18-11-9-12-19-43)40(29(4)34(46)25-36(47)51-35)52-41-39(49)37(42(6)7)38(48)30(5)50-41/h15-16,23,28-32,34-35,37-41,46,48-49H,8-14,17-22,24-26H2,1-7H3/b16-15+,27-23+/t28-,29+,30-,31+,32-,34-,35-,37+,38-,39-,40-,41+/m1/s1",[H][C@@]1(O[C@H]2[C@@H](CCN3CCCCC3)C[C@@H](C)C(=O)\C=C\C(\C)=C\[C@H](CN3CCCCC3)[C@@H](CC)OC(=O)C[C@@H](O)[C@@H]2C)O[C@H](C)[C@@H](O)[C@@H]([C@H]1O)N(C)C
DB11487,"['CYP3A4', 'CYP3A5']",Dexamethasone isonicotinate,"InChI=1S/C28H32FNO6/c1-16-12-21-20-5-4-18-13-19(31)6-9-25(18,2)27(20,29)22(32)14-26(21,3)28(16,35)23(33)15-36-24(34)17-7-10-30-11-8-17/h6-11,13,16,20-22,32,35H,4-5,12,14-15H2,1-3H3/t16-,20+,21+,22+,25+,26+,27+,28+/m1/s1",[H][C@@]12C[C@@H](C)[C@](O)(C(=O)COC(=O)C3=CC=NC=C3)[C@@]1(C)C[C@H](O)[C@@]1(F)[C@@]2([H])CCC2=CC(=O)C=C[C@]12C
DB11491,['CYP1A2'],Sarafloxacin,"InChI=1S/C20H17F2N3O3/c21-12-1-3-13(4-2-12)25-11-15(20(27)28)19(26)14-9-16(22)18(10-17(14)25)24-7-5-23-6-8-24/h1-4,9-11,23H,5-8H2,(H,27,28)",OC(=O)C1=CN(C2=CC=C(F)C=C2)C2=CC(N3CCNCC3)=C(F)C=C2C1=O
DB11511,"['CYP1A2', 'CYP1A1']",Difloxacin,"InChI=1S/C21H19F2N3O3/c1-24-6-8-25(9-7-24)19-11-18-15(10-17(19)23)20(27)16(21(28)29)12-26(18)14-4-2-13(22)3-5-14/h2-5,10-12H,6-9H2,1H3,(H,28,29)",CN1CCN(CC1)C1=C(F)C=C2C(=C1)N(C=C(C(O)=O)C2=O)C1=CC=C(F)C=C1
DB11529,['CYP3A4'],Melengestrol,"InChI=1S/C23H30O3/c1-13-10-17-18(21(4)8-6-16(25)12-19(13)21)7-9-22(5)20(17)11-14(2)23(22,26)15(3)24/h10,12,17-18,20,26H,2,6-9,11H2,1,3-5H3/t17-,18+,20+,21-,22+,23+/m1/s1",[H][C@@]12CC(=C)[C@](O)(C(C)=O)[C@@]1(C)CC[C@@]1([H])[C@@]2([H])C=C(C)C2=CC(=O)CC[C@]12C
DB11560,"['CYP2C9', 'CYP3A4']",Lesinurad,"InChI=1S/C17H14BrN3O2S/c18-16-19-20-17(24-9-15(22)23)21(16)14-8-7-11(10-5-6-10)12-3-1-2-4-13(12)14/h1-4,7-8,10H,5-6,9H2,(H,22,23)",OC(=O)CSC1=NN=C(Br)N1C1=CC=C(C2CC2)C2=C1C=CC=C2
DB11574,"['CYP3A4', 'CYP3A5', 'CYP3A7', 'CYP3A43']",Elbasvir,"InChI=1S/C49H55N9O7/c1-27(2)41(54-48(61)63-5)45(59)56-20-10-14-37(56)43-50-25-34(52-43)30-17-19-36-32(22-30)23-39-33-18-16-31(24-40(33)65-47(58(36)39)29-12-8-7-9-13-29)35-26-51-44(53-35)38-15-11-21-57(38)46(60)42(28(3)4)55-49(62)64-6/h7-9,12-13,16-19,22-28,37-38,41-42,47H,10-11,14-15,20-21H2,1-6H3,(H,50,52)(H,51,53)(H,54,61)(H,55,62)/t37-,38-,41-,42-,47-/m0/s1",[H][C@]1(CCCN1C(=O)[C@@H](NC(=O)OC)C(C)C)C1=NC=C(N1)C1=CC2=C(C=C1)N1[C@@H](OC3=C(C=CC(=C3)C3=CN=C(N3)[C@]3([H])CCCN3C(=O)[C@@H](NC(=O)OC)C(C)C)C1=C2)C1=CC=CC=C1
DB11575,['CYP3A4'],Grazoprevir,"InChI=1S/C38H50N6O9S/c1-6-22-19-38(22,35(47)43-54(49,50)25-13-14-25)42-32(45)29-18-24-20-44(29)34(46)31(37(2,3)4)41-36(48)53-30-16-21(30)10-8-7-9-11-27-33(52-24)40-28-17-23(51-5)12-15-26(28)39-27/h6,12,15,17,21-22,24-25,29-31H,1,7-11,13-14,16,18-20H2,2-5H3,(H,41,48)(H,42,45)(H,43,47)/t21-,22-,24-,29+,30-,31-,38-/m1/s1",COC1=CC2=NC3=C(CCCCC[C@@H]4C[C@H]4OC(=O)N[C@H](C(=O)N4C[C@@H](C[C@H]4C(=O)N[C@@]4(C[C@H]4C=C)C(=O)NS(=O)(=O)C4CC4)O3)C(C)(C)C)N=C2C=C1
DB11581,['CYP3A4'],Venetoclax,"InChI=1S/C45H50ClN7O7S/c1-45(2)15-11-33(39(26-45)31-3-5-34(46)6-4-31)29-51-17-19-52(20-18-51)35-7-9-38(42(24-35)60-36-23-32-12-16-47-43(32)49-28-36)44(54)50-61(57,58)37-8-10-40(41(25-37)53(55)56)48-27-30-13-21-59-22-14-30/h3-10,12,16,23-25,28,30,48H,11,13-15,17-22,26-27,29H2,1-2H3,(H,47,49)(H,50,54)",CC1(C)CCC(CN2CCN(CC2)C2=CC=C(C(=O)NS(=O)(=O)C3=CC=C(NCC4CCOCC4)C(=C3)[N+]([O-])=O)C(OC3=CN=C4NC=CC4=C3)=C2)=C(C1)C1=CC=C(Cl)C=C1
DB11586,"['CYP3A4', 'CYP3A5', 'CYP2A6', 'CYP2B6', 'CYP2C9', 'CYP2C19', 'CYP2D6']",Asunaprevir,"InChI=1S/C35H46ClN5O9S/c1-9-19-16-35(19,31(44)40-51(46,47)22-11-12-22)39-28(42)25-15-21(49-29-24-14-20(36)10-13-23(24)26(48-8)17-37-29)18-41(25)30(43)27(33(2,3)4)38-32(45)50-34(5,6)7/h9-10,13-14,17,19,21-22,25,27H,1,11-12,15-16,18H2,2-8H3,(H,38,45)(H,39,42)(H,40,44)/t19-,21-,25+,27-,35-/m1/s1",COC1=CN=C(O[C@@H]2C[C@H](N(C2)C(=O)[C@@H](NC(=O)OC(C)(C)C)C(C)(C)C)C(=O)N[C@@]2(C[C@H]2C=C)C(=O)NS(=O)(=O)C2CC2)C2=C1C=CC(Cl)=C2
DB11611,['CYP2C9'],Lifitegrast,"InChI=1S/C29H24Cl2N2O7S/c1-41(38,39)20-4-2-3-16(11-20)12-23(29(36)37)32-27(34)25-22(30)13-19-15-33(9-7-21(19)26(25)31)28(35)18-6-5-17-8-10-40-24(17)14-18/h2-6,8,10-11,13-14,23H,7,9,12,15H2,1H3,(H,32,34)(H,36,37)/t23-/m0/s1",CS(=O)(=O)C1=CC(C[C@H](NC(=O)C2=C(Cl)C3=C(CN(CC3)C(=O)C3=CC=C4C=COC4=C3)C=C2Cl)C(O)=O)=CC=C1
DB11613,"['CYP2B6', 'CYP2C8', 'CYP3A4']",Velpatasvir,"InChI=1S/C49H54N8O8/c1-26(2)41(54-48(60)63-5)47(59)57-27(3)12-17-38(57)45-51-36-16-14-30-20-35-33-15-13-31(19-32(33)25-65-40(35)21-34(30)43(36)53-45)37-22-50-44(52-37)39-18-28(24-62-4)23-56(39)46(58)42(55-49(61)64-6)29-10-8-7-9-11-29/h7-11,13-16,19-22,26-28,38-39,41-42H,12,17-18,23-25H2,1-6H3,(H,50,52)(H,51,53)(H,54,60)(H,55,61)/t27-,28-,38-,39-,41-,42+/m0/s1",COC[C@H]1C[C@H](N(C1)C(=O)[C@H](NC(=O)OC)C1=CC=CC=C1)C1=NC=C(N1)C1=CC=C2C(COC3=CC4=C(C=CC5=C4NC(=N5)[C@@H]4CC[C@H](C)N4C(=O)[C@@H](NC(=O)OC)C(C)C)C=C23)=C1
DB11614,"['CYP3A4', 'CYP2C9', 'CYP2C19', 'CYP2D6']",Rupatadine,"InChI=1S/C26H26ClN3/c1-18-13-19(16-28-15-18)17-30-11-8-20(9-12-30)25-24-7-6-23(27)14-22(24)5-4-21-3-2-10-29-26(21)25/h2-3,6-7,10,13-16H,4-5,8-9,11-12,17H2,1H3",CC1=CC(CN2CCC(CC2)=C2C3=CC=C(Cl)C=C3CCC3=C2N=CC=C3)=CN=C1
DB11619,['CYP3A4'],Gestrinone,"InChI=1S/C21H24O2/c1-3-20-11-9-17-16-8-6-15(22)13-14(16)5-7-18(17)19(20)10-12-21(20,23)4-2/h2,9,11,13,18-19,23H,3,5-8,10,12H2,1H3/t18-,19+,20+,21+/m1/s1",[H][C@@]12CC[C@@](O)(C#C)[C@@]1(CC)C=CC1=C3CCC(=O)C=C3CC[C@@]21[H]
DB11632,"['CYP2C19', 'CYP2C8', 'CYP2C9', 'CYP1A2', 'CYP2B6']",Opicapone,"InChI=1S/C15H10Cl2N4O6/c1-5-10(13(17)20(24)6(2)11(5)16)14-18-15(27-19-14)7-3-8(21(25)26)12(23)9(22)4-7/h3-4,22-23H,1-2H3",CC1=C(C2=NOC(=N2)C2=CC(=C(O)C(O)=C2)[N+]([O-])=O)C(Cl)=[N+]([O-])C(C)=C1Cl
DB11633,"['CYP3A4', 'CYP3A5', 'CYP2C8', 'CYP2C9', 'CYP2C19', 'CYP2D6', 'CYP2B6']",Isavuconazole,"InChI=1S/C22H17F2N5OS/c1-14(21-28-20(10-31-21)16-4-2-15(9-25)3-5-16)22(30,11-29-13-26-12-27-29)18-8-17(23)6-7-19(18)24/h2-8,10,12-14,30H,11H2,1H3/t14-,22+/m0/s1",C[C@@H](C1=NC(=CS1)C1=CC=C(C=C1)C#N)[C@](O)(CN1C=NC=N1)C1=C(F)C=CC(F)=C1
DB11636,['CYP3A4'],Nomegestrol,"InChI=1S/C21H28O3/c1-12-10-18-16(15-5-4-14(23)11-17(12)15)6-8-20(3)19(18)7-9-21(20,24)13(2)22/h10-11,15-16,18-19,24H,4-9H2,1-3H3/t15-,16-,18-,19+,20+,21+/m1/s1",CC(=O)[C@@]1(O)CC[C@H]2[C@@H]3C=C(C)C4=CC(=O)CC[C@@H]4[C@H]3CC[C@]12C
DB11637,['CYP3A4'],Delamanid,"InChI=1S/C25H25F3N4O6/c1-24(15-31-14-22(32(33)34)29-23(31)38-24)16-35-18-4-2-17(3-5-18)30-12-10-20(11-13-30)36-19-6-8-21(9-7-19)37-25(26,27)28/h2-9,14,20H,10-13,15-16H2,1H3/t24-/m1/s1",C[C@]1(COC2=CC=C(C=C2)N2CCC(CC2)OC2=CC=C(OC(F)(F)F)C=C2)CN2C=C(N=C2O1)[N+]([O-])=O
DB11638,"['CYP2D6', 'CYP2C19']",Artenimol,"InChI=1S/C15H24O5/c1-8-4-5-11-9(2)12(16)17-13-15(11)10(8)6-7-14(3,18-13)19-20-15/h8-13,16H,4-7H2,1-3H3/t8-,9-,10+,11+,12+,13-,14-,15-/m1/s1",[H][C@@]12CC[C@@H](C)[C@]3([H])CC[C@@]4(C)OO[C@@]13[C@]([H])(O[C@H](O)[C@@H]2C)O4
DB11641,['CYP3A4'],Vinflunine,"InChI=1S/C45H54F2N4O8/c1-8-42-14-11-16-51-17-15-43(36(42)51)30-19-31(34(56-5)20-33(30)49(4)37(43)45(55,40(54)58-7)38(42)59-25(2)52)44(39(53)57-6)21-26-18-27(41(3,46)47)23-50(22-26)24-29-28-12-9-10-13-32(28)48-35(29)44/h9-14,19-20,26-27,36-38,48,55H,8,15-18,21-24H2,1-7H3/t26-,27+,36-,37+,38+,42+,43+,44-,45-/m0/s1",CC[C@@]12C=CCN3CC[C@@]4([C@H]13)[C@@H](N(C)C1=CC(OC)=C(C=C41)[C@]1(C[C@@H]3C[C@H](C[N@@](C3)CC3=C1NC1=CC=CC=C31)C(C)(F)F)C(=O)OC)[C@](O)([C@@H]2OC(C)=O)C(=O)OC
DB11642,"['CYP2D6', 'CYP1A2', 'CYP2B6', 'CYP3A4']",Pitolisant,"InChI=1S/C17H26ClNO/c18-17-9-7-16(8-10-17)6-4-14-20-15-5-13-19-11-2-1-3-12-19/h7-10H,1-6,11-15H2",ClC1=CC=C(CCCOCCCN2CCCCC2)C=C1
DB11652,"['CYP2C8', 'CYP3A4', 'CYP3A43', 'CYP3A5', 'CYP3A7']",Tucatinib,"InChI=1S/C26H24N8O2/c1-16-10-17(5-7-22(16)36-19-8-9-34-23(12-19)28-15-30-34)31-24-20-11-18(4-6-21(20)27-14-29-24)32-25-33-26(2,3)13-35-25/h4-12,14-15H,13H2,1-3H3,(H,32,33)(H,27,29,31)",CC1=CC(NC2=NC=NC3=CC=C(NC4=NC(C)(C)CO4)C=C23)=CC=C1OC1=CC2=NC=NN2C=C1
DB11672,"['CYP2C9', 'CYP3A4', 'CYP2B6', 'CYP1A2', 'CYP2D6']",Curcumin,"InChI=1S/C21H20O6/c1-26-20-11-14(5-9-18(20)24)3-7-16(22)13-17(23)8-4-15-6-10-19(25)21(12-15)27-2/h3-12,24-25H,13H2,1-2H3/b7-3+,8-4+",COC1=CC(\C=C\C(=O)CC(=O)\C=C\C2=CC(OC)=C(O)C=C2)=CC=C1O
DB11679,"['CYP2C8', 'CYP2C9', 'CYP2C19', 'CYP3A4', 'CYP3A5', 'CYP3A7']",Fruquintinib,"InChI=1S/C21H19N3O5/c1-11-19(20(25)22-2)13-6-5-12(7-16(13)28-11)29-21-14-8-17(26-3)18(27-4)9-15(14)23-10-24-21/h5-10H,1-4H3,(H,22,25)",CNC(=O)C1=C(C)OC2=CC(OC3=NC=NC4=CC(OC)=C(OC)C=C34)=CC=C12
DB11682,"['CYP2C8', 'CYP3A4']",Daprodustat,"InChI=1S/C19H27N3O6/c23-14(24)11-20-16(25)15-17(26)21(12-7-3-1-4-8-12)19(28)22(18(15)27)13-9-5-2-6-10-13/h12-13,15H,1-11H2,(H,20,25)(H,23,24)",OC(=O)CNC(=O)C1C(=O)N(C2CCCCC2)C(=O)N(C2CCCCC2)C1=O
DB11689,"['CYP2C19', 'CYP3A4', 'CYP2C9', 'CYP1A2', 'CYP2C8', 'CYP2E1', 'CYP3A5']",Selumetinib,"InChI=1S/C17H15BrClFN4O3/c1-24-8-21-16-13(24)7-10(17(26)23-27-5-4-25)15(14(16)20)22-12-3-2-9(18)6-11(12)19/h2-3,6-8,22,25H,4-5H2,1H3,(H,23,26)",CN1C=NC2=C(F)C(NC3=C(Cl)C=C(Br)C=C3)=C(C=C12)C(=O)NOCCO
DB11691,"['CYP3A4', 'CYP3A43', 'CYP3A5', 'CYP3A7']",Naldemedine,"InChI=1S/C32H34N4O6/c1-30(2,29-33-27(35-42-29)18-6-4-3-5-7-18)34-28(39)20-15-32(40)22-14-19-10-11-21(37)25-23(19)31(32,26(41-25)24(20)38)12-13-36(22)16-17-8-9-17/h3-7,10-11,17,22,26,37-38,40H,8-9,12-16H2,1-2H3,(H,34,39)/t22-,26+,31+,32-/m1/s1",[H][C@@]12OC3=C4C(C[C@@]5([H])N(CC6CC6)CC[C@@]14[C@@]5(O)CC(C(=O)NC(C)(C)C1=NC(=NO1)C1=CC=CC=C1)=C2O)=CC=C3O
DB11693,['CYP3A4'],Voclosporin,"InChI=1S/C63H111N11O12/c1-25-27-28-29-41(15)53(76)52-57(80)66-44(26-2)59(82)68(18)34-49(75)69(19)45(30-35(3)4)56(79)67-50(39(11)12)62(85)70(20)46(31-36(5)6)55(78)64-42(16)54(77)65-43(17)58(81)71(21)47(32-37(7)8)60(83)72(22)48(33-38(9)10)61(84)73(23)51(40(13)14)63(86)74(52)24/h25,27-28,35-48,50-53,76H,1,26,29-34H2,2-24H3,(H,64,78)(H,65,77)(H,66,80)(H,67,79)/b28-27+/t41-,42+,43-,44+,45+,46+,47+,48+,50+,51+,52+,53-/m1/s1",[H][C@@]1([C@H](O)[C@H](C)C\C=C\C=C)N(C)C(=O)[C@H](C(C)C)N(C)C(=O)[C@H](CC(C)C)N(C)C(=O)[C@H](CC(C)C)N(C)C(=O)[C@@H](C)NC(=O)[C@H](C)NC(=O)[C@H](CC(C)C)N(C)C(=O)[C@@H](NC(=O)[C@H](CC(C)C)N(C)C(=O)CN(C)C(=O)[C@H](CC)NC1=O)C(C)C
DB11697,"['CYP3A4', 'CYP1A2', 'CYP2C19']",Pacritinib,"InChI=1S/C28H32N4O3/c1-2-13-32(12-1)14-17-35-27-9-8-25-19-24(27)21-34-16-4-3-15-33-20-22-6-5-7-23(18-22)26-10-11-29-28(30-25)31-26/h3-11,18-19H,1-2,12-17,20-21H2,(H,29,30,31)/b4-3+",C(CN1CCCC1)OC1=CC=C2NC3=NC=CC(=N3)C3=CC(COC\C=C\COCC1=C2)=CC=C3
DB11703,"['CYP3A4', 'CYP3A5', 'CYP3A4', 'CYP3A43', 'CYP3A5', 'CYP3A7']",Acalabrutinib,"InChI=1S/C26H23N7O2/c1-2-6-21(34)32-15-5-7-19(32)25-31-22(23-24(27)29-14-16-33(23)25)17-9-11-18(12-10-17)26(35)30-20-8-3-4-13-28-20/h3-4,8-14,16,19H,5,7,15H2,1H3,(H2,27,29)(H,28,30,35)/t19-/m0/s1",CC#CC(=O)N1CCC[C@H]1C1=NC(=C2N1C=CN=C2N)C1=CC=C(C=C1)C(=O)NC1=CC=CC=N1
DB11712,"['CYP3A4', 'CYP3A5', 'CYP1A2', 'CYP2B6', 'CYP2C8', 'CYP2C9', 'CYP2C19', 'CYP2D6']",Tezacaftor,"InChI=1S/C26H27F3N2O6/c1-24(2,13-33)22-8-14-7-18(17(27)10-19(14)31(22)11-16(34)12-32)30-23(35)25(5-6-25)15-3-4-20-21(9-15)37-26(28,29)36-20/h3-4,7-10,16,32-34H,5-6,11-13H2,1-2H3,(H,30,35)/t16-/m1/s1",CC(C)(CO)C1=CC2=CC(NC(=O)C3(CC3)C3=CC=C4OC(F)(F)OC4=C3)=C(F)C=C2N1C[C@@H](O)CO
DB11718,"['CYP1A2', 'CYP2B6', 'CYP2C8', 'CYP2C9', 'CYP2C19', 'CYP2D6', 'CYP3A4', 'CYP3A5', 'CYP3A7']",Encorafenib,"InChI=1S/C22H27ClFN7O4S/c1-12(2)31-11-16(17-6-7-25-21(28-17)26-10-13(3)27-22(32)35-4)20(29-31)15-8-14(23)9-18(19(15)24)30-36(5,33)34/h6-9,11-13,30H,10H2,1-5H3,(H,27,32)(H,25,26,28)/t13-/m0/s1",COC(=O)N[C@@H](C)CNC1=NC=CC(=N1)C1=CN(N=C1C1=CC(Cl)=CC(NS(C)(=O)=O)=C1F)C(C)C
DB11730,['CYP3A4'],Ribociclib,"InChI=1S/C23H30N8O/c1-29(2)22(32)19-13-16-14-26-23(28-21(16)31(19)17-5-3-4-6-17)27-20-8-7-18(15-25-20)30-11-9-24-10-12-30/h7-8,13-15,17,24H,3-6,9-12H2,1-2H3,(H,25,26,27,28)",CN(C)C(=O)C1=CC2=CN=C(NC3=CC=C(C=N3)N3CCNCC3)N=C2N1C1CCCC1
DB11732,['CYP2D6'],Lasmiditan,"InChI=1S/C19H18F3N3O2/c1-25-7-5-11(6-8-25)18(26)15-3-2-4-16(23-15)24-19(27)17-13(21)9-12(20)10-14(17)22/h2-4,9-11H,5-8H2,1H3,(H,23,24,27)",CN1CCC(CC1)C(=O)C1=CC=CC(NC(=O)C2=C(F)C=C(F)C=C2F)=N1
DB11737,"['CYP3A4', 'CYP1A2', 'CYP3A5']",Icotinib,"InChI=1S/C22H21N3O4/c1-2-16-4-3-5-17(12-16)25-22-18-13-20-21(14-19(18)23-15-24-22)29-11-9-27-7-6-26-8-10-28-20/h1,3-5,12-15H,6-11H2,(H,23,24,25)",C#CC1=CC=CC(NC2=NC=NC3=CC4=C(OCCOCCOCCO4)C=C23)=C1
DB11739,"['CYP3A4', 'CYP3A5', 'CYP2B6', 'CYP2C19', 'CYP2C9', 'CYP2D6']",Vonoprazan,"InChI=1S/C17H16FN3O2S/c1-19-10-13-9-17(15-6-2-3-7-16(15)18)21(12-13)24(22,23)14-5-4-8-20-11-14/h2-9,11-12,19H,10H2,1H3",CNCC1=CN(C(=C1)C1=CC=CC=C1F)S(=O)(=O)C1=CC=CN=C1
DB11742,"['CYP3A4', 'CYP3A4', 'CYP3A43', 'CYP3A5', 'CYP3A7']",Ebastine,"InChI=1S/C32H39NO2/c1-32(2,3)28-18-16-25(17-19-28)30(34)15-10-22-33-23-20-29(21-24-33)35-31(26-11-6-4-7-12-26)27-13-8-5-9-14-27/h4-9,11-14,16-19,29,31H,10,15,20-24H2,1-3H3",CC(C)(C)C1=CC=C(C=C1)C(=O)CCCN1CCC(CC1)OC(C1=CC=CC=C1)C1=CC=CC=C1
DB11750,"['CYP3A4', 'CYP3A5']",Clobetasol,"InChI=1S/C22H28ClFO4/c1-12-8-16-15-5-4-13-9-14(25)6-7-19(13,2)21(15,24)17(26)10-20(16,3)22(12,28)18(27)11-23/h6-7,9,12,15-17,26,28H,4-5,8,10-11H2,1-3H3/t12-,15-,16-,17-,19-,20-,21-,22-/m0/s1",[H][C@@]12C[C@H](C)[C@](O)(C(=O)CCl)[C@@]1(C)C[C@H](O)[C@@]1(F)[C@@]2([H])CCC2=CC(=O)C=C[C@]12C
DB11752,['CYP3A4'],Bryostatin 1,"InChI=1S/C47H68O17/c1-10-11-12-13-14-15-39(51)62-43-31(22-41(53)58-9)21-34-25-37(28(2)48)61-42(54)24-32(50)23-35-26-38(59-29(3)49)45(6,7)46(55,63-35)27-36-19-30(20-40(52)57-8)18-33(60-36)16-17-44(4,5)47(43,56)64-34/h12-17,20,22,28,32-38,43,48,50,55-56H,10-11,18-19,21,23-27H2,1-9H3/b13-12+,15-14+,17-16+,30-20+,31-22+/t28-,32-,33+,34+,35-,36+,37-,38+,43+,46+,47-/m1/s1",[H][C@]12C[C@H](OC(C)=O)C(C)(C)[C@](O)(C[C@]3([H])C\C(C[C@@]([H])(O3)\C=C\C(C)(C)[C@]3(O)O[C@@]([H])(C\C(=C/C(=O)OC)[C@@H]3OC(=O)\C=C\C=C\CCC)C[C@@]([H])(OC(=O)C[C@H](O)C1)[C@@H](C)O)=C\C(=O)OC)O2
DB11753,"['CYP3A4', 'CYP2C19', 'CYP2B6', 'CYP2C8', 'CYP2C9', 'CYP1A2', 'CYP2D6']",Rifamycin,"InChI=1S/C37H47NO12/c1-16-11-10-12-17(2)36(46)38-23-15-24(40)26-27(32(23)44)31(43)21(6)34-28(26)35(45)37(8,50-34)48-14-13-25(47-9)18(3)33(49-22(7)39)20(5)30(42)19(4)29(16)41/h10-16,18-20,25,29-30,33,40-44H,1-9H3,(H,38,46)/b11-10+,14-13+,17-12-/t16-,18+,19+,20+,25-,29-,30+,33+,37-/m0/s1",CO[C@H]1\C=C\O[C@@]2(C)OC3=C(C)C(O)=C4C(O)=C(NC(=O)\C(C)=C/C=C/[C@H](C)[C@H](O)[C@@H](C)[C@@H](O)[C@@H](C)[C@H](OC(C)=O)[C@@H]1C)C=C(O)C4=C3C2=O
DB11757,"['CYP1A1', 'CYP3A4', 'CYP3A5', 'CYP3A4', 'CYP3A43', 'CYP3A5', 'CYP3A7', 'CYP1A2', 'CYP2B6', 'CYP2C8', 'CYP2C9', 'CYP2D6']",Istradefylline,"InChI=1S/C20H24N4O4/c1-6-23-18-17(19(25)24(7-2)20(23)26)22(3)16(21-18)11-9-13-8-10-14(27-4)15(12-13)28-5/h8-12H,6-7H2,1-5H3/b11-9+",[H]\C(=C(\[H])C1=CC(OC)=C(OC)C=C1)C1=NC2=C(N1C)C(=O)N(CC)C(=O)N2CC
DB11761,"['CYP3A4', 'CYP3A5']",Tenapanor,"InChI=1S/C50H66Cl4N8O10S2/c1-61-31-43(41-27-37(51)29-47(53)45(41)33-61)35-7-5-9-39(25-35)73(65,66)59-15-19-71-23-21-69-17-13-57-49(63)55-11-3-4-12-56-50(64)58-14-18-70-22-24-72-20-16-60-74(67,68)40-10-6-8-36(26-40)44-32-62(2)34-46-42(44)28-38(52)30-48(46)54/h5-10,25-30,43-44,59-60H,3-4,11-24,31-34H2,1-2H3,(H2,55,57,63)(H2,56,58,64)/t43-,44-/m0/s1",CN1C[C@@H](C2=CC(=CC=C2)S(=O)(=O)NCCOCCOCCNC(=O)NCCCCNC(=O)NCCOCCOCCNS(=O)(=O)C2=CC(=CC=C2)[C@@H]2CN(C)CC3=C2C=C(Cl)C=C3Cl)C2=C(C1)C(Cl)=CC(Cl)=C2
DB11763,"['CYP3A4', 'CYP2C8', 'CYP2C9', 'CYP2C19', 'CYP1A2', 'CYP2B6']",Momelotinib,"InChI=1S/C23H22N6O2/c24-10-12-25-22(30)18-3-1-17(2-4-18)21-9-11-26-23(28-21)27-19-5-7-20(8-6-19)29-13-15-31-16-14-29/h1-9,11H,12-16H2,(H,25,30)(H,26,27,28)",O=C(NCC#N)C1=CC=C(C=C1)C1=CC=NC(NC2=CC=C(C=C2)N2CCOCC2)=N1
DB11770,['CYP2D6'],Talinolol,"InChI=1S/C20H33N3O3/c1-20(2,3)21-13-17(24)14-26-18-11-9-16(10-12-18)23-19(25)22-15-7-5-4-6-8-15/h9-12,15,17,21,24H,4-8,13-14H2,1-3H3,(H2,22,23,25)",CC(C)(C)NCC(O)COC1=CC=C(NC(=O)NC2CCCCC2)C=C1
DB11774,['CYP1A2'],Pazufloxacin,"InChI=1S/C16H15FN2O4/c1-7-6-23-14-11(16(18)2-3-16)10(17)4-8-12(14)19(7)5-9(13(8)20)15(21)22/h4-5,7H,2-3,6,18H2,1H3,(H,21,22)/t7-/m0/s1",[H][C@]1(C)COC2=C3N1C=C(C(O)=O)C(=O)C3=CC(F)=C2C1(N)CC1
DB11779,['CYP3A4'],Danoprevir,"InChI=1S/C35H46FN5O9S/c1-34(2,3)50-32(45)37-27-13-8-6-4-5-7-11-22-17-35(22,31(44)39-51(47,48)24-14-15-24)38-29(42)28-16-23(19-41(28)30(27)43)49-33(46)40-18-21-10-9-12-26(36)25(21)20-40/h7,9-12,22-24,27-28H,4-6,8,13-20H2,1-3H3,(H,37,45)(H,38,42)(H,39,44)/b11-7-/t22-,23-,27+,28+,35-/m1/s1",CC(C)(C)OC(=O)N[C@H]1CCCCC\C=C/[C@@H]2C[C@]2(NC(=O)[C@@H]2C[C@H](CN2C1=O)OC(=O)N1CC2=CC=CC(F)=C2C1)C(=O)NS(=O)(=O)C1CC1
DB11785,['CYP2D6'],Anisodamine,"InChI=1S/C17H23NO4/c1-18-12-7-13(9-15(18)16(20)8-12)22-17(21)14(10-19)11-5-3-2-4-6-11/h2-6,12-16,19-20H,7-10H2,1H3/t12-,13-,14+,15+,16-/m0/s1",CN1[C@@H]2C[C@H](O)[C@H]1C[C@H](C2)OC(=O)[C@H](CO)C1=CC=CC=C1
DB11791,"['CYP3A4', 'CYP1A2']",Capmatinib,"InChI=1S/C23H17FN6O/c1-25-22(31)18-6-5-16(11-19(18)24)21-13-28-23-27-12-17(30(23)29-21)10-14-4-7-20-15(9-14)3-2-8-26-20/h2-9,11-13H,10H2,1H3,(H,25,31)",CNC(=O)C1=C(F)C=C(C=C1)C1=NN2C(CC3=CC4=C(C=C3)N=CC=C4)=CN=C2N=C1
DB11792,"['CYP3A4', 'CYP3A43', 'CYP3A5', 'CYP3A7']",Mirodenafil,"InChI=1S/C26H37N5O5S/c1-4-7-19-18-30(6-3)24-23(19)27-25(28-26(24)33)21-17-20(8-9-22(21)36-16-5-2)37(34,35)31-12-10-29(11-13-31)14-15-32/h8-9,17-18,32H,4-7,10-16H2,1-3H3,(H,27,28,33)",CCCOC1=CC=C(C=C1C1=NC2=C(N(CC)C=C2CCC)C(=O)N1)S(=O)(=O)N1CCN(CCO)CC1
DB11793,['CYP1A2'],Niraparib,"InChI=1S/C19H20N4O/c20-19(24)17-5-1-3-15-12-23(22-18(15)17)16-8-6-13(7-9-16)14-4-2-10-21-11-14/h1,3,5-9,12,14,21H,2,4,10-11H2,(H2,20,24)/t14-/m1/s1",NC(=O)C1=CC=CC2=CN(N=C12)C1=CC=C(C=C1)[C@@H]1CCCNC1
DB11796,['CYP3A4'],Fostemsavir,"InChI=1S/C25H26N7O8P/c1-16-27-14-32(28-16)23-21-20(19(39-2)12-26-23)18(13-31(21)15-40-41(36,37)38)22(33)25(35)30-10-8-29(9-11-30)24(34)17-6-4-3-5-7-17/h3-7,12-14H,8-11,15H2,1-2H3,(H2,36,37,38)",COC1=CN=C(N2C=NC(C)=N2)C2=C1C(=CN2COP(O)(O)=O)C(=O)C(=O)N1CCN(CC1)C(=O)C1=CC=CC=C1
DB11799,['CYP3A4'],Bictegravir,"InChI=1S/C21H18F3N3O5/c22-9-3-14(23)12(15(24)4-9)6-25-20(30)13-7-26-8-16-27(10-1-2-11(5-10)32-16)21(31)17(26)19(29)18(13)28/h3-4,7,10-11,16,29H,1-2,5-6,8H2,(H,25,30)/t10-,11+,16+/m0/s1",OC1=C2N(C[C@H]3O[C@@H]4CC[C@@H](C4)N3C2=O)C=C(C(=O)NCC2=C(F)C=C(F)C=C2F)C1=O
DB11800,['CYP3A4'],Tivozanib,"InChI=1S/C22H19ClN4O5/c1-12-8-21(27-32-12)26-22(28)25-16-5-4-13(9-15(16)23)31-18-6-7-24-17-11-20(30-3)19(29-2)10-14(17)18/h4-11H,1-3H3,(H2,25,26,27,28)",COC1=C(OC)C=C2C(OC3=CC(Cl)=C(NC(=O)NC4=NOC(C)=C4)C=C3)=CC=NC2=C1
DB11805,['CYP3A4'],Saracatinib,"InChI=1S/C27H32ClN5O5/c1-32-6-8-33(9-7-32)10-13-35-19-14-21-24(23(15-19)38-18-4-11-34-12-5-18)27(30-16-29-21)31-25-20(28)2-3-22-26(25)37-17-36-22/h2-3,14-16,18H,4-13,17H2,1H3,(H,29,30,31)",CN1CCN(CCOC2=CC3=C(C(NC4=C(Cl)C=CC5=C4OCO5)=NC=N3)C(OC3CCOCC3)=C2)CC1
DB11817,['CYP3A4'],Baricitinib,"InChI=1S/C16H17N7O2S/c1-2-26(24,25)22-9-16(10-22,4-5-17)23-8-12(7-21-23)14-13-3-6-18-15(13)20-11-19-14/h3,6-8,11H,2,4,9-10H2,1H3,(H,18,19,20)",CCS(=O)(=O)N1CC(CC#N)(C1)N1C=C(C=N1)C1=C2C=CNC2=NC=N1
DB11823,"['CYP2B6', 'CYP3A4', 'CYP2C19', 'CYP2C9']",Esketamine,"InChI=1S/C13H16ClNO/c1-15-13(9-5-4-8-12(13)16)10-6-2-3-7-11(10)14/h2-3,6-7,15H,4-5,8-9H2,1H3/t13-/m0/s1",CN[C@@]1(CCCCC1=O)C1=CC=CC=C1Cl
DB11828,['CYP3A4'],Neratinib,"InChI=1S/C30H29ClN6O3/c1-4-39-28-16-25-23(15-26(28)36-29(38)9-7-13-37(2)3)30(20(17-32)18-34-25)35-21-10-11-27(24(31)14-21)40-19-22-8-5-6-12-33-22/h5-12,14-16,18H,4,13,19H2,1-3H3,(H,34,35)(H,36,38)/b9-7+",CCOC1=C(NC(=O)\C=C\CN(C)C)C=C2C(NC3=CC=C(OCC4=CC=CC=N4)C(Cl)=C3)=C(C=NC2=C1)C#N
DB11837,"['CYP3A4', 'CYP2B6', 'CYP2D6', 'CYP3A5', 'CYP1A2', 'CYP2C19', 'CYP2E1']",Osilodrostat,"InChI=1S/C13H10FN3/c14-12-5-9(6-15)1-3-11(12)13-4-2-10-7-16-8-17(10)13/h1,3,5,7-8,13H,2,4H2/t13-/m1/s1",FC1=C(C=CC(=C1)C#N)[C@H]1CCC2=CN=CN12
DB11853,"['CYP3A4', 'CYP3A43', 'CYP3A5', 'CYP3A7', 'CYP2C8', 'CYP2B6']",Relugolix,"InChI=1S/C29H27F2N7O5S/c1-36(2)14-19-24-26(39)38(22-12-13-23(42-3)34-33-22)29(41)37(15-18-20(30)6-5-7-21(18)31)27(24)44-25(19)16-8-10-17(11-9-16)32-28(40)35-43-4/h5-13H,14-15H2,1-4H3,(H2,32,35,40)",CONC(=O)NC1=CC=C(C=C1)C1=C(CN(C)C)C2=C(S1)N(CC1=C(F)C=CC=C1F)C(=O)N(C2=O)C1=CC=C(OC)N=N1
DB11855,['CYP2D6'],Revefenacin,"InChI=1S/C35H43N5O4/c1-38(34(42)29-13-11-26(12-14-29)25-40-19-15-28(16-20-40)33(36)41)23-24-39-21-17-30(18-22-39)44-35(43)37-32-10-6-5-9-31(32)27-7-3-2-4-8-27/h2-14,28,30H,15-25H2,1H3,(H2,36,41)(H,37,43)",CN(CCN1CCC(CC1)OC(=O)NC1=CC=CC=C1C1=CC=CC=C1)C(=O)C1=CC=C(CN2CCC(CC2)C(N)=O)C=C1
DB11886,['CYP3A4'],Infigratinib,"InChI=1S/C26H31Cl2N7O3/c1-5-34-10-12-35(13-11-34)18-8-6-17(7-9-18)31-21-15-22(30-16-29-21)33(2)26(36)32-25-23(27)19(37-3)14-20(38-4)24(25)28/h6-9,14-16H,5,10-13H2,1-4H3,(H,32,36)(H,29,30,31)",CCN1CCN(CC1)C1=CC=C(NC2=CC(=NC=N2)N(C)C(=O)NC2=C(Cl)C(OC)=CC(OC)=C2Cl)C=C1
DB11892,['CYP1A2'],Prulifloxacin,"InChI=1S/C21H20FN3O6S/c1-10-16(31-21(29)30-10)9-23-3-5-24(6-4-23)15-8-14-12(7-13(15)22)18(26)17(20(27)28)19-25(14)11(2)32-19/h7-8,11H,3-6,9H2,1-2H3,(H,27,28)",CC1SC2=C(C(O)=O)C(=O)C3=CC(F)=C(C=C3N12)N1CCN(CC2=C(C)OC(=O)O2)CC1
DB11901,"['CYP3A4', 'CYP2C8', 'CYP2C19', 'CYP2C9']",Apalutamide,"InChI=1S/C21H15F4N5O2S/c1-27-17(31)13-4-3-11(8-15(13)22)30-19(33)29(18(32)20(30)5-2-6-20)12-7-14(21(23,24)25)16(9-26)28-10-12/h3-4,7-8,10H,2,5-6H2,1H3,(H,27,31)",CNC(=O)C1=CC=C(C=C1F)N1C(=S)N(C(=O)C11CCC1)C1=CC(=C(N=C1)C#N)C(F)(F)F
DB11915,"['CYP2D6', 'CYP3A4', 'CYP3A5']",Valbenazine,"InChI=1S/C24H38N2O4/c1-14(2)9-17-13-26-8-7-16-10-21(28-5)22(29-6)11-18(16)19(26)12-20(17)30-24(27)23(25)15(3)4/h10-11,14-15,17,19-20,23H,7-9,12-13,25H2,1-6H3/t17-,19-,20-,23+/m1/s1",COC1=C(OC)C=C2[C@H]3C[C@@H](OC(=O)[C@@H](N)C(C)C)[C@H](CC(C)C)CN3CCC2=C1
DB11919,['CYP3A4'],6-O-benzylguanine,"InChI=1S/C12H11N5O/c13-12-16-10-9(14-7-15-10)11(17-12)18-6-8-4-2-1-3-5-8/h1-5,7H,6H2,(H3,13,14,15,16,17)",NC1=NC(OCC2=CC=CC=C2)=C2N=CNC2=N1
DB11921,"['CYP3A4', 'CYP3A5']",Deflazacort,"InChI=1S/C25H31NO6/c1-13-26-25(20(30)12-31-14(2)27)21(32-13)10-18-17-6-5-15-9-16(28)7-8-23(15,3)22(17)19(29)11-24(18,25)4/h7-9,17-19,21-22,29H,5-6,10-12H2,1-4H3/t17-,18-,19-,21+,22+,23-,24-,25+/m0/s1",[H][C@@]12C[C@@]3([H])[C@]4([H])CCC5=CC(=O)C=C[C@]5(C)[C@@]4([H])[C@@]([H])(O)C[C@]3(C)[C@@]1(N=C(C)O2)C(=O)COC(C)=O
DB11932,"['CYP1A2', 'CYP3A4', 'CYP2B6']",Abametapir,"InChI=1S/C12H12N2/c1-9-3-5-11(13-7-9)12-6-4-10(2)8-14-12/h3-8H,1-2H3",CC1=CC=C(N=C1)C1=CC=C(C)C=N1
DB11942,['CYP3A4'],Selinexor,"InChI=1S/C17H11F6N7O/c18-16(19,20)11-5-10(6-12(7-11)17(21,22)23)15-26-9-30(29-15)4-1-14(31)28-27-13-8-24-2-3-25-13/h1-9H,(H,25,27)(H,28,31)/b4-1-",FC(F)(F)C1=CC(=CC(=C1)C1=NN(\C=C/C(=O)NNC2=NC=CN=C2)C=N1)C(F)(F)F
DB11943,"['CYP2E1', 'CYP2C9', 'CYP3A4']",Delafloxacin,"InChI=1S/C18H12ClF3N4O4/c19-12-13-7(1-9(20)14(12)25-3-6(27)4-25)15(28)8(18(29)30)5-26(13)17-11(22)2-10(21)16(23)24-17/h1-2,5-6,27H,3-4H2,(H2,23,24)(H,29,30)",NC1=NC(N2C=C(C(O)=O)C(=O)C3=CC(F)=C(N4CC(O)C4)C(Cl)=C23)=C(F)C=C1F
DB11951,"['CYP3A4', 'CYP3A5', 'CYP2B6', 'CYP3A4', 'CYP3A43', 'CYP3A5', 'CYP3A7']",Lemborexant,"InChI=1S/C22H20F2N4O2/c1-13-19(11-25-14(2)27-13)30-12-22(15-4-3-5-16(23)8-15)9-18(22)21(29)28-20-7-6-17(24)10-26-20/h3-8,10-11,18H,9,12H2,1-2H3,(H,26,28,29)/t18-,22+/m0/s1",CC1=NC=C(OC[C@]2(C[C@H]2C(=O)NC2=NC=C(F)C=C2)C2=CC=CC(F)=C2)C(C)=N1
DB11952,['CYP3A4'],Duvelisib,"InChI=1S/C22H17ClN6O/c1-13(28-21-19-20(25-11-24-19)26-12-27-21)17-10-14-6-5-9-16(23)18(14)22(30)29(17)15-7-3-2-4-8-15/h2-13H,1H3,(H2,24,25,26,27,28)/t13-/m0/s1",C[C@H](NC1=C2N=CNC2=NC=N1)C1=CC2=CC=CC(Cl)=C2C(=O)N1C1=CC=CC=C1
DB11960,['CYP3A4'],Carboxyamidotriazole,"InChI=1S/C17H12Cl3N5O2/c18-10-3-1-9(2-4-10)15(26)13-11(19)5-8(6-12(13)20)7-25-16(21)14(17(22)27)23-24-25/h1-6H,7,21H2,(H2,22,27)",NC(=O)C1=C(N)N(CC2=CC(Cl)=C(C(=O)C3=CC=C(Cl)C=C3)C(Cl)=C2)N=N1
DB11963,"['CYP2D6', 'CYP3A4', 'CYP2C9']",Dacomitinib,"InChI=1S/C24H25ClFN5O2/c1-33-22-14-20-17(24(28-15-27-20)29-16-7-8-19(26)18(25)12-16)13-21(22)30-23(32)6-5-11-31-9-3-2-4-10-31/h5-8,12-15H,2-4,9-11H2,1H3,(H,30,32)(H,27,28,29)/b6-5+",COC1=C(NC(=O)\C=C\CN2CCCCC2)C=C2C(NC3=CC(Cl)=C(F)C=C3)=NC=NC2=C1
DB11967,"['CYP1A2', 'CYP2C19']",Binimetinib,"InChI=1S/C17H15BrF2N4O3/c1-24-8-21-16-13(24)7-10(17(26)23-27-5-4-25)15(14(16)20)22-12-3-2-9(18)6-11(12)19/h2-3,6-8,22,25H,4-5H2,1H3,(H,23,26)",CN1C=NC2=C(F)C(NC3=CC=C(Br)C=C3F)=C(C=C12)C(=O)NOCCO
DB11978,"['CYP2C8', 'CYP3A4']",Glasdegib,"InChI=1S/C21H22N6O/c1-27-11-10-16(24-21(28)23-15-8-6-14(13-22)7-9-15)12-19(27)20-25-17-4-2-3-5-18(17)26-20/h2-9,16,19H,10-12H2,1H3,(H,25,26)(H2,23,24,28)/t16-,19-/m1/s1",CN1CC[C@H](C[C@@H]1C1=NC2=CC=CC=C2N1)NC(=O)NC1=CC=C(C=C1)C#N
DB11979,"['CYP3A4', 'CYP3A43', 'CYP3A5', 'CYP3A7', 'CYP2D6', 'CYP2C8']",Elagolix,"InChI=1S/C32H30F5N3O5/c1-19-28(21-11-6-14-26(45-2)29(21)34)30(43)40(18-25(20-9-4-3-5-10-20)38-16-8-15-27(41)42)31(44)39(19)17-22-23(32(35,36)37)12-7-13-24(22)33/h3-7,9-14,25,38H,8,15-18H2,1-2H3,(H,41,42)/t25-/m0/s1",COC1=CC=CC(=C1F)C1=C(C)N(CC2=C(C=CC=C2F)C(F)(F)F)C(=O)N(C[C@H](NCCCC(O)=O)C2=CC=CC=C2)C1=O
DB11986,['CYP3A4'],Entrectinib,"InChI=1S/C31H34F2N6O2/c1-38-8-10-39(11-9-38)25-3-4-26(29(19-25)34-24-6-12-41-13-7-24)31(40)35-30-27-17-20(2-5-28(27)36-37-30)14-21-15-22(32)18-23(33)16-21/h2-5,15-19,24,34H,6-14H2,1H3,(H2,35,36,37,40)",CN1CCN(CC1)C1=CC=C(C(=O)NC2=NNC3=CC=C(CC4=CC(F)=CC(F)=C4)C=C23)C(NC2CCOCC2)=C1
DB11995,"['CYP3A4', 'CYP2C9', 'CYP2C8']",Avatrombopag,"InChI=1S/C29H34Cl2N6O3S2/c30-20-15-23(41-17-20)24-27(37-12-10-35(11-13-37)21-4-2-1-3-5-21)42-29(33-24)34-26(38)19-14-22(31)25(32-16-19)36-8-6-18(7-9-36)28(39)40/h14-18,21H,1-13H2,(H,39,40)(H,33,34,38)",OC(=O)C1CCN(CC1)C1=C(Cl)C=C(C=N1)C(=O)NC1=NC(C2=CC(Cl)=CS2)=C(S1)N1CCN(CC1)C1CCCCC1
DB12001,"['CYP3A4', 'CYP1A2', 'CYP2B6', 'CYP2C8', 'CYP2C9', 'CYP2D6']",Abemaciclib,"InChI=1S/C27H32F2N8/c1-5-35-8-10-36(11-9-35)16-19-6-7-24(30-14-19)33-27-31-15-22(29)25(34-27)20-12-21(28)26-23(13-20)37(17(2)3)18(4)32-26/h6-7,12-15,17H,5,8-11,16H2,1-4H3,(H,30,31,33,34)",CCN1CCN(CC2=CC=C(NC3=NC=C(F)C(=N3)C3=CC(F)=C4N=C(C)N(C(C)C)C4=C3)N=C2)CC1
DB12005,"['CYP2B6', 'CYP2D6', 'CYP2C9', 'CYP2C19', 'CYP3A4', 'CYP2C8']",Nirogacestat,"InChI=1S/C27H41F2N5O/c1-7-8-23(32-20-10-9-18-11-19(28)12-22(29)21(18)13-20)25(35)33-24-14-34(17-31-24)27(5,6)16-30-15-26(2,3)4/h11-12,14,17,20,23,30,32H,7-10,13,15-16H2,1-6H3,(H,33,35)/t20-,23-/m0/s1",CCC[C@H](N[C@H]1CCC2=CC(F)=CC(F)=C2C1)C(=O)NC1=CN(C=N1)C(C)(C)CNCC(C)(C)C
DB12010,['CYP3A4'],Fostamatinib,"InChI=1S/C23H26FN6O9P/c1-23(2)21(31)30(11-38-40(32,33)34)20-14(39-23)6-7-17(28-20)27-19-13(24)10-25-22(29-19)26-12-8-15(35-3)18(37-5)16(9-12)36-4/h6-10H,11H2,1-5H3,(H2,32,33,34)(H2,25,26,27,28,29)",COC1=CC(NC2=NC=C(F)C(NC3=NC4=C(OC(C)(C)C(=O)N4COP(O)(O)=O)C=C3)=N2)=CC(OC)=C1OC
DB12015,"['CYP3A4', 'CYP2C9', 'CYP2C8', 'CYP2C19']",Alpelisib,"InChI=1S/C19H22F3N5O2S/c1-10-14(11-6-7-24-13(9-11)18(2,3)19(20,21)22)30-16(25-10)26-17(29)27-8-4-5-12(27)15(23)28/h6-7,9,12H,4-5,8H2,1-3H3,(H2,23,28)(H,25,26,29)/t12-/m0/s1",CC1=C(SC(NC(=O)N2CCC[C@H]2C(N)=O)=N1)C1=CC(=NC=C1)C(C)(C)C(F)(F)F
DB12016,"['CYP3A4', 'CYP3A5']",Ponesimod,"InChI=1S/C23H25ClN2O4S/c1-3-10-25-23-26(19-7-5-4-6-15(19)2)22(29)21(31-23)12-16-8-9-20(18(24)11-16)30-14-17(28)13-27/h4-9,11-12,17,27-28H,3,10,13-14H2,1-2H3/b21-12-,25-23-/t17-/m1/s1",CCC\N=C1/S\C(=C/C2=CC=C(OC[C@H](O)CO)C(Cl)=C2)C(=O)N1C1=CC=CC=C1C
DB12020,"['CYP3A4', 'CYP2C8', 'CYP2C19', 'CYP2B6']",Tecovirimat,"InChI=1S/C19H15F3N2O3/c20-19(21,22)9-3-1-8(2-4-9)16(25)23-24-17(26)14-10-5-6-11(13-7-12(10)13)15(14)18(24)27/h1-6,10-15H,7H2,(H,23,25)/t10-,11+,12+,13-,14-,15+",FC(F)(F)C1=CC=C(C=C1)C(=O)NN1C(=O)[C@H]2[C@H]([C@H]3C=C[C@@H]2[C@@H]2C[C@H]32)C1=O
DB12026,"['CYP3A4', 'CYP1A2', 'CYP2C8']",Voxilaprevir,"InChI=1S/C40H52F4N6O9S/c1-7-22-27-19-50(28(22)32(51)48-39(18-23(39)31(41)42)35(53)49-60(55,56)38(5)14-15-38)34(52)30(37(2,3)4)47-36(54)59-26-16-20(26)10-8-9-13-40(43,44)29-33(58-27)46-25-17-21(57-6)11-12-24(25)45-29/h11-12,17,20,22-23,26-28,30-31H,7-10,13-16,18-19H2,1-6H3,(H,47,54)(H,48,51)(H,49,53)/t20-,22-,23+,26-,27+,28+,30-,39-/m1/s1",CC[C@@H]1[C@@H]2CN([C@@H]1C(=O)N[C@@]1(C[C@H]1C(F)F)C(=O)NS(=O)(=O)C1(C)CC1)C(=O)[C@@H](NC(=O)O[C@@H]1C[C@H]1CCCCC(F)(F)C1=C(O2)N=C2C=C(OC)C=CC2=N1)C(C)(C)C
DB12070,"['CYP3A4', 'CYP3A43', 'CYP3A5', 'CYP3A7', 'CYP2D6', 'CYP2C8', 'CYP2C9', 'CYP2C19', 'CYP2B6']",Letermovir,"InChI=1S/C29H28F4N4O4/c1-40-20-6-3-5-19(16-20)35-11-13-36(14-12-35)28-34-27-21(7-4-8-22(27)30)23(17-26(38)39)37(28)24-15-18(29(31,32)33)9-10-25(24)41-2/h3-10,15-16,23H,11-14,17H2,1-2H3,(H,38,39)/t23-/m0/s1",COC1=CC=CC(=C1)N1CCN(CC1)C1=NC2=C(C=CC=C2F)[C@H](CC(O)=O)N1C1=CC(=CC=C1OC)C(F)(F)F
DB12092,['CYP3A4'],Naftopidil,"InChI=1S/C24H28N2O3/c1-28-24-11-5-4-10-22(24)26-15-13-25(14-16-26)17-20(27)18-29-23-12-6-8-19-7-2-3-9-21(19)23/h2-12,20,27H,13-18H2,1H3",COC1=CC=CC=C1N1CCN(CC(O)COC2=CC=CC3=CC=CC=C23)CC1
DB12093,['CYP3A4'],Tetrahydropalmatine,"InChI=1S/C21H25NO4/c1-23-18-6-5-13-9-17-15-11-20(25-3)19(24-2)10-14(15)7-8-22(17)12-16(13)21(18)26-4/h5-6,10-11,17H,7-9,12H2,1-4H3/t17-/m0/s1",COC1=CC=C2C[C@@H]3N(CCC4=CC(OC)=C(OC)C=C34)CC2=C1OC
DB12095,"['CYP3A4', 'CYP2B6', 'CYP2C9', 'CYP2C19', 'CYP2D6', 'CYP2C8']",Telotristat ethyl,"InChI=1S/C27H26ClF3N6O3/c1-3-39-25(38)20(32)12-16-4-6-17(7-5-16)21-14-23(35-26(33)34-21)40-24(27(29,30)31)19-9-8-18(28)13-22(19)37-11-10-15(2)36-37/h4-11,13-14,20,24H,3,12,32H2,1-2H3,(H2,33,34,35)/t20-,24+/m0/s1",CCOC(=O)[C@@H](N)CC1=CC=C(C=C1)C1=NC(N)=NC(O[C@H](C2=CC=C(Cl)C=C2N2C=CC(C)=N2)C(F)(F)F)=C1
DB12130,"['CYP3A4', 'CYP3A43', 'CYP3A5', 'CYP3A7', 'CYP3A5', 'CYP2B6', 'CYP2C8', 'CYP2C19', 'CYP3A4']",Lorlatinib,"InChI=1S/C21H19FN6O2/c1-11-15-7-13(22)4-5-14(15)21(29)27(2)10-16-19(17(8-23)28(3)26-16)12-6-18(30-11)20(24)25-9-12/h4-7,9,11H,10H2,1-3H3,(H2,24,25)/t11-/m1/s1",C[C@H]1OC2=C(N)N=CC(=C2)C2=C(C#N)N(C)N=C2CN(C)C(=O)C2=C1C=C(F)C=C2
DB12131,['CYP3A4'],Vinpocetine,"InChI=1S/C22H26N2O2/c1-3-22-11-7-12-23-13-10-16-15-8-5-6-9-17(15)24(19(16)20(22)23)18(14-22)21(25)26-4-2/h5-6,8-9,14,20H,3-4,7,10-13H2,1-2H3/t20-,22+/m1/s1",[H][C@]12N3CCC[C@@]1(CC)C=C(N1C4=CC=CC=C4C(CC3)=C21)C(=O)OCC
DB12141,['CYP3A4'],Gilteritinib,"InChI=1S/C29H44N8O3/c1-4-23-28(31-20-9-17-40-18-10-20)34-29(26(33-23)27(30)38)32-21-5-6-24(25(19-21)39-3)37-11-7-22(8-12-37)36-15-13-35(2)14-16-36/h5-6,19-20,22H,4,7-18H2,1-3H3,(H2,30,38)(H2,31,32,34)",CCC1=C(NC2CCOCC2)N=C(NC2=CC=C(N3CCC(CC3)N3CCN(C)CC3)C(OC)=C2)C(=N1)C(N)=O
DB12147,"['CYP2C9', 'CYP3A4']",Erdafitinib,"InChI=1S/C25H30N6O2/c1-17(2)26-8-9-31(20-10-21(32-4)13-22(11-20)33-5)19-6-7-23-24(12-19)29-25(15-27-23)18-14-28-30(3)16-18/h6-7,10-17,26H,8-9H2,1-5H3",COC1=CC(=CC(OC)=C1)N(CCNC(C)C)C1=CC=C2N=CC(=NC2=C1)C1=CN(C)N=C1
DB12151,"['CYP1A2', 'CYP2B6', 'CYP2C8', 'CYP2C9', 'CYP2C19', 'CYP2D6']",Brincidofovir,"InChI=1S/C27H52N3O7P/c1-2-3-4-5-6-7-8-9-10-11-12-13-14-15-19-35-20-16-21-37-38(33,34)24-36-25(23-31)22-30-18-17-26(28)29-27(30)32/h17-18,25,31H,2-16,19-24H2,1H3,(H,33,34)(H2,28,29,32)/t25-/m0/s1",CCCCCCCCCCCCCCCCOCCCOP(O)(=O)CO[C@H](CO)CN1C=CC(N)=NC1=O
DB12161,"['CYP2D6', 'CYP1A2', 'CYP3A5', 'CYP3A4']",Deutetrabenazine,"InChI=1S/C19H27NO3/c1-12(2)7-14-11-20-6-5-13-8-18(22-3)19(23-4)9-15(13)16(20)10-17(14)21/h8-9,12,14,16H,5-7,10-11H2,1-4H3/t14-,16-/m0/s1/i3D3,4D3",[2H]C([2H])([2H])OC1=CC2=C(C=C1OC([2H])([2H])[2H])[C@@H]1CC(=O)[C@@H](CC(C)C)CN1CC2
DB12184,['CYP3A4'],Gepirone,"InChI=1S/C19H29N5O2/c1-19(2)14-16(25)24(17(26)15-19)9-4-3-8-22-10-12-23(13-11-22)18-20-6-5-7-21-18/h5-7H,3-4,8-15H2,1-2H3",CC1(C)CC(=O)N(CCCCN2CCN(CC2)C2=NC=CC=N2)C(=O)C1
DB12212,['CYP2D6'],Landiolol,"InChI=1S/C25H39N3O8/c1-25(2)35-18-22(36-25)17-34-23(30)8-5-19-3-6-21(7-4-19)33-16-20(29)15-26-9-10-27-24(31)28-11-13-32-14-12-28/h3-4,6-7,20,22,26,29H,5,8-18H2,1-2H3,(H,27,31)/t20-,22+/m0/s1",CC1(C)OC[C@@H](COC(=O)CCC2=CC=C(OC[C@@H](O)CNCCNC(=O)N3CCOCC3)C=C2)O1
DB12218,['CYP3A4'],Capivasertib,"InChI=1S/C21H25ClN6O2/c22-15-3-1-14(2-4-15)17(6-12-29)27-20(30)21(23)7-10-28(11-8-21)19-16-5-9-24-18(16)25-13-26-19/h1-5,9,13,17,29H,6-8,10-12,23H2,(H,27,30)(H,24,25,26)/t17-/m0/s1",NC1(CCN(CC1)C1=C2C=CNC2=NC=N1)C(=O)N[C@@H](CCO)C1=CC=C(Cl)C=C1
DB12235,['CYP3A4'],Estetrol,"InChI=1S/C18H24O4/c1-18-7-6-12-11-5-3-10(19)8-9(11)2-4-13(12)14(18)15(20)16(21)17(18)22/h3,5,8,12-17,19-22H,2,4,6-7H2,1H3/t12-,13-,14-,15-,16-,17+,18+/m1/s1",[H][C@@]12[C@@H](O)[C@@H](O)[C@H](O)[C@@]1(C)CC[C@]1([H])C3=CC=C(O)C=C3CC[C@@]21[H]
DB12236,"['CYP3A4', 'CYP2C8', 'CYP2D6']",Bexagliflozin,"InChI=1S/C24H29ClO7/c25-19-8-3-15(24-23(29)22(28)21(27)20(13-26)32-24)12-16(19)11-14-1-4-17(5-2-14)30-9-10-31-18-6-7-18/h1-5,8,12,18,20-24,26-29H,6-7,9-11,13H2/t20-,21-,22+,23-,24+/m1/s1",OC[C@H]1O[C@H]([C@H](O)[C@@H](O)[C@@H]1O)C1=CC=C(Cl)C(CC2=CC=C(OCCOC3CC3)C=C2)=C1
DB12245,"['CYP1A2', 'CYP2C9', 'CYP3A4', 'CYP1A1', 'CYP2C19', 'CYP2D6', 'CYP2A6', 'CYP2C8', 'CYP2B6']",Triclabendazole,"InChI=1S/C14H9Cl3N2OS/c1-21-14-18-9-5-8(16)12(6-10(9)19-14)20-11-4-2-3-7(15)13(11)17/h2-6H,1H3,(H,18,19)",CSC1=NC2=C(N1)C=C(Cl)C(OC1=CC=CC(Cl)=C1Cl)=C2
DB12255,"['CYP2B6', 'CYP2C8', 'CYP3A4', 'CYP2C9']",Vadadustat,"InChI=1S/C14H11ClN2O4/c15-10-3-1-2-8(4-10)9-5-11(18)13(16-6-9)14(21)17-7-12(19)20/h1-6,18H,7H2,(H,17,21)(H,19,20)",OC(=O)CNC(=O)C1=C(O)C=C(C=N1)C1=CC(Cl)=CC=C1
DB12265,"['CYP1A2', 'CYP2B6', 'CYP2C19', 'CYP3A4', 'CYP3A5', 'CYP2D6']",Fexinidazole,"InChI=1S/C12H13N3O3S/c1-14-11(13-7-12(14)15(16)17)8-18-9-3-5-10(19-2)6-4-9/h3-7H,8H2,1-2H3",CSC1=CC=C(OCC2=NC=C(N2C)[N+]([O-])=O)C=C1
DB12266,['CYP3A4'],Epofolate,"InChI=1S/C67H92N16O22S3/c1-32-9-7-11-45-46(26-47(33(2)23-38-30-106-35(4)74-38)105-52(90)27-48(84)67(5,6)55(92)34(3)54(32)91)83(45)19-20-103-66(102)104-21-22-107-108-31-44(63(100)101)80-60(96)43(25-51(88)89)79-58(94)40(10-8-18-71-64(68)69)77-59(95)42(24-50(86)87)76-49(85)17-16-41(62(98)99)78-57(93)36-12-14-37(15-13-36)72-28-39-29-73-56-53(75-39)61(97)82-65(70)81-56/h12-15,23,29-30,32,34,40-48,54,72,84,91H,7-11,16-22,24-28,31H2,1-6H3,(H,76,85)(H,77,95)(H,78,93)(H,79,94)(H,80,96)(H,86,87)(H,88,89)(H,98,99)(H,100,101)(H4,68,69,71)(H3,70,73,81,82,97)/b33-23+/t32-,34+,40-,41-,42-,43-,44-,45+,46-,47-,48-,54-,83?/m0/s1",[H][C@]1(C)CCC[C@@H]2[C@H](C[C@H](OC(=O)C[C@H](O)C(C)(C)C(=O)[C@H](C)[C@H]1O)C(\C)=C\C1=CSC(C)=N1)N2CCOC(=O)OCCSSC[C@H](NC(=O)[C@H](CC(O)=O)NC(=O)[C@H](CCCNC(N)=N)NC(=O)[C@H](CC(O)=O)NC(=O)CC[C@H](NC(=O)C1=CC=C(NCC2=CN=C3N=C(N)NC(=O)C3=N2)C=C1)C(O)=O)C(O)=O
DB12267,"['CYP2C8', 'CYP3A4', 'CYP3A4', 'CYP3A43', 'CYP3A5', 'CYP3A7']",Brigatinib,"InChI=1S/C29H39ClN7O2P/c1-35-15-17-37(18-16-35)21-11-13-36(14-12-21)22-9-10-24(26(19-22)39-2)33-29-31-20-23(30)28(34-29)32-25-7-5-6-8-27(25)40(3,4)38/h5-10,19-21H,11-18H2,1-4H3,(H2,31,32,33,34)",COC1=CC(=CC=C1NC1=NC=C(Cl)C(NC2=CC=CC=C2P(C)(C)=O)=N1)N1CCC(CC1)N1CCN(C)CC1
DB12278,['CYP3A4'],Propiverine,"InChI=1S/C23H29NO3/c1-3-18-26-23(19-10-6-4-7-11-19,20-12-8-5-9-13-20)22(25)27-21-14-16-24(2)17-15-21/h4-13,21H,3,14-18H2,1-2H3",CCCOC(C(=O)OC1CCN(C)CC1)(C1=CC=CC=C1)C1=CC=CC=C1
DB12301,"['CYP3A4', 'CYP3A5']",Doravirine,"InChI=1S/C17H11ClF3N5O3/c1-25-13(23-24-16(25)28)8-26-3-2-12(17(19,20)21)14(15(26)27)29-11-5-9(7-22)4-10(18)6-11/h2-6H,8H2,1H3,(H,24,28)",CN1C(=O)NN=C1CN1C=CC(=C(OC2=CC(=CC(Cl)=C2)C#N)C1=O)C(F)(F)F
DB12307,"['CYP3A4', 'CYP3A43', 'CYP3A5', 'CYP3A7']",Foretinib,"InChI=1S/C34H34F2N4O6/c1-43-30-20-25-27(21-31(30)45-16-2-13-40-14-17-44-18-15-40)37-12-9-28(25)46-29-8-7-24(19-26(29)36)39-33(42)34(10-11-34)32(41)38-23-5-3-22(35)4-6-23/h3-9,12,19-21H,2,10-11,13-18H2,1H3,(H,38,41)(H,39,42)",COC1=C(OCCCN2CCOCC2)C=C2N=CC=C(OC3=CC=C(NC(=O)C4(CC4)C(=O)NC4=CC=C(F)C=C4)C=C3F)C2=C1
DB12319,['CYP2C19'],Benzbromarone,"InChI=1S/C17H12Br2O3/c1-2-13-15(10-5-3-4-6-14(10)22-13)16(20)9-7-11(18)17(21)12(19)8-9/h3-8,21H,2H2,1H3",CCC1=C(C(=O)C2=CC(Br)=C(O)C(Br)=C2)C2=CC=CC=C2O1
DB12329,['CYP3A4'],Eravacycline,"InChI=1S/C27H31FN4O8/c1-31(2)20-13-8-11-7-12-14(28)9-15(30-16(33)10-32-5-3-4-6-32)21(34)18(12)22(35)17(11)24(37)27(13,40)25(38)19(23(20)36)26(29)39/h9,11,13,20,34,36-37,40H,3-8,10H2,1-2H3,(H2,29,39)(H,30,33)/t11-,13-,20-,27-/m0/s1",[H][C@@]12CC3=C(F)C=C(NC(=O)CN4CCCC4)C(O)=C3C(=O)C1=C(O)[C@]1(O)C(=O)C(C(N)=O)=C(O)[C@@H](N(C)C)[C@]1([H])C2
DB12332,"['CYP2D6', 'CYP1A2', 'CYP3A4', 'CYP3A5', 'CYP3A7', 'CYP3A43', 'CYP2C19', 'CYP2C9', 'CYP2C8']",Rucaparib,"InChI=1S/C19H18FN3O/c1-21-10-11-2-4-12(5-3-11)18-14-6-7-22-19(24)15-8-13(20)9-16(23-18)17(14)15/h2-5,8-9,21,23H,6-7,10H2,1H3,(H,22,24)",CNCC1=CC=C(C=C1)C1=C2CCNC(=O)C3=C2C(N1)=CC(F)=C3
DB12371,"['CYP3A4', 'CYP2C9']",Siponimod,"InChI=1S/C29H35F3N2O3/c1-3-21-14-23(10-11-24(21)15-34-16-25(17-34)28(35)36)19(2)33-37-18-20-9-12-26(22-7-5-4-6-8-22)27(13-20)29(30,31)32/h9-14,22,25H,3-8,15-18H2,1-2H3,(H,35,36)/b33-19+",CCC1=CC(=CC=C1CN1CC(C1)C(O)=O)C(\C)=N\OCC1=CC=C(C2CCCCC2)C(=C1)C(F)(F)F
DB12390,"['CYP2C9', 'CYP2C8', 'CYP3A4']",Seladelpar,"InChI=1S/C21H23F3O5S/c1-3-27-17(11-28-16-6-4-15(5-7-16)21(22,23)24)13-30-18-8-9-19(14(2)10-18)29-12-20(25)26/h4-10,17H,3,11-13H2,1-2H3,(H,25,26)/t17-/m1/s1",CCO[C@H](COC1=CC=C(C=C1)C(F)(F)F)CSC1=CC=C(OCC(O)=O)C(C)=C1
DB12391,['CYP3A4'],Sagopilone,"InChI=1S/C30H41NO6S/c1-7-9-20-27(34)17(2)10-8-13-30(6)25(37-30)15-22(19-11-12-23-21(14-19)31-18(3)38-23)36-26(33)16-24(32)29(4,5)28(20)35/h7,11-12,14,17,20,22,24-25,27,32,34H,1,8-10,13,15-16H2,2-6H3/t17-,20+,22-,24-,25-,27-,30+/m0/s1",C[C@H]1CCC[C@@]2(C)O[C@H]2C[C@H](OC(=O)C[C@H](O)C(C)(C)C(=O)[C@H](CC=C)[C@H]1O)C1=CC=C2SC(C)=NC2=C1
DB12406,['CYP1A2'],Lisofylline,"InChI=1S/C13H20N4O3/c1-9(18)6-4-5-7-17-12(19)10-11(14-8-15(10)2)16(3)13(17)20/h8-9,18H,4-7H2,1-3H3/t9-/m1/s1",C[C@@H](O)CCCCN1C(=O)N(C)C2=C(N(C)C=N2)C1=O
DB12457,"['CYP3A4', 'CYP2C9']",Rimegepant,"InChI=1S/C28H28F2N6O3/c29-20-6-1-4-17(23(20)30)18-8-9-22(25-19(24(18)31)5-2-12-32-25)39-28(38)35-14-10-16(11-15-35)36-21-7-3-13-33-26(21)34-27(36)37/h1-7,12-13,16,18,22,24H,8-11,14-15,31H2,(H,33,34,37)/t18-,22+,24-/m0/s1",N[C@H]1[C@@H](CC[C@@H](OC(=O)N2CCC(CC2)N2C(=O)NC3=NC=CC=C23)C2=C1C=CC=N2)C1=C(F)C(F)=CC=C1
DB12466,"['CYP2C8', 'CYP2E1']",Favipiravir,"InChI=1S/C5H4FN3O2/c6-2-1-8-5(11)3(9-2)4(7)10/h1H,(H2,7,10)(H,8,11)",NC(=O)C1=NC(F)=CN=C1O
DB12471,"['CYP3A4', 'CYP2C8']",Ibrexafungerp,"InChI=1S/C44H67N5O4/c1-27(2)28(3)39(7)18-19-41(9)30-12-13-33-40(8)23-52-25-44(33,31(30)14-17-42(41,10)34(39)37(50)51)22-32(35(40)53-24-43(11,45)38(4,5)6)49-36(47-26-48-49)29-15-20-46-21-16-29/h14-16,20-21,26-28,30,32-35H,12-13,17-19,22-25,45H2,1-11H3,(H,50,51)/t28-,30+,32-,33+,34-,35+,39-,40-,41-,42+,43+,44+/m1/s1",[H][C@]12CC[C@@]3([H])[C@@]4(C)COC[C@@]3(C[C@H]([C@@H]4OC[C@](C)(N)C(C)(C)C)N3N=CN=C3C3=CC=NC=C3)C1=CC[C@@]1(C)[C@H](C(O)=O)[C@](C)(CC[C@]21C)[C@H](C)C(C)C
DB12474,"['CYP3A4', 'CYP2C9', 'CYP2C19']",Lynestrenol,"InChI=1S/C20H28O/c1-3-20(21)13-11-18-17-9-8-14-6-4-5-7-15(14)16(17)10-12-19(18,20)2/h1,6,15-18,21H,4-5,7-13H2,2H3/t15-,16+,17+,18-,19-,20-/m0/s1",C[C@]12CC[C@H]3[C@@H](CCC4=CCCC[C@H]34)[C@@H]1CC[C@@]2(O)C#C
DB12483,"['CYP3A4', 'CYP3A5', 'CYP3A7', 'CYP1A1']",Copanlisib,"InChI=1S/C23H28N8O4/c1-33-19-17(35-10-2-6-30-8-11-34-12-9-30)4-3-16-18(19)28-23(31-7-5-25-20(16)31)29-21(32)15-13-26-22(24)27-14-15/h3-4,13-14H,2,5-12H2,1H3,(H2,24,26,27)(H,28,29,32)",COC1=C(OCCCN2CCOCC2)C=CC2=C1N=C(NC(=O)C1=CN=C(N)N=C1)N1CCN=C21
DB12499,"['CYP1A2', 'CYP2B6', 'CYP2C8', 'CYP2C9', 'CYP2C19', 'CYP2D6', 'CYP2E1', 'CYP3A4']",Clascoterone,"InChI=1S/C24H34O5/c1-4-21(28)29-24(20(27)14-25)12-9-19-17-6-5-15-13-16(26)7-10-22(15,2)18(17)8-11-23(19,24)3/h13,17-19,25H,4-12,14H2,1-3H3/t17-,18+,19+,22+,23+,24+/m1/s1",[H][C@@]12CC[C@](OC(=O)CC)(C(=O)CO)[C@@]1(C)CC[C@@]1([H])[C@@]2([H])CCC2=CC(=O)CC[C@]12C
DB12500,"['CYP3A4', 'CYP2C19', 'CYP2D6']",Fedratinib,"InChI=1S/C27H36N6O3S/c1-20-19-28-26(30-21-10-12-23(13-11-21)36-17-16-33-14-5-6-15-33)31-25(20)29-22-8-7-9-24(18-22)37(34,35)32-27(2,3)4/h7-13,18-19,32H,5-6,14-17H2,1-4H3,(H2,28,29,30,31)",CC1=CN=C(NC2=CC=C(OCCN3CCCC3)C=C2)N=C1NC1=CC=CC(=C1)S(=O)(=O)NC(C)(C)C
DB12513,"['CYP3A4', 'CYP2C8']",Omaveloxolone,"InChI=1S/C33H44F2N2O3/c1-27(2)11-13-33(37-26(40)32(8,34)35)14-12-31(7)24(20(33)17-27)21(38)15-23-29(5)16-19(18-36)25(39)28(3,4)22(29)9-10-30(23,31)6/h15-16,20,22,24H,9-14,17H2,1-8H3,(H,37,40)/t20-,22-,24-,29-,30+,31+,33-/m0/s1",CC(F)(F)C(=O)N[C@]12CCC(C)(C)C[C@H]1[C@H]1C(=O)C=C3[C@@]4(C)C=C(C#N)C(=O)C(C)(C)[C@@H]4CC[C@@]3(C)[C@]1(C)CC2
DB12515,['CYP3A4'],9-aminocamptothecin,"InChI=1S/C20H17N3O4/c1-2-20(26)13-7-16-17-10(6-11-14(21)4-3-5-15(11)22-17)8-23(16)18(24)12(13)9-27-19(20)25/h3-7,26H,2,8-9,21H2,1H3/t20-/m0/s1",CC[C@@]1(O)C(=O)OCC2=C1C=C1N(CC3=C1N=C1C=CC=C(N)C1=C3)C2=O
DB12523,['CYP2D6'],Mizolastine,"InChI=1S/C24H25FN6O/c1-29(23-26-13-10-22(32)28-23)19-11-14-30(15-12-19)24-27-20-4-2-3-5-21(20)31(24)16-17-6-8-18(25)9-7-17/h2-10,13,19H,11-12,14-16H2,1H3,(H,26,28,32)",CN(C1CCN(CC1)C1=NC2=C(C=CC=C2)N1CC1=CC=C(F)C=C1)C1=NC=CC(=O)N1
DB12532,['CYP3A4'],Oxetacaine,"InChI=1S/C28H41N3O3/c1-27(2,19-23-13-9-7-10-14-23)29(5)25(33)21-31(17-18-32)22-26(34)30(6)28(3,4)20-24-15-11-8-12-16-24/h7-16,32H,17-22H2,1-6H3",CN(C(=O)CN(CCO)CC(=O)N(C)C(C)(C)CC1=CC=CC=C1)C(C)(C)CC1=CC=CC=C1
DB12537,['CYP3A4'],"1,2-Benzodiazepine","InChI=1S/C9H8N2/c1-2-6-9-8(4-1)5-3-7-10-11-9/h1-7,11H",N1N=CC=CC2=CC=CC=C12
DB12543,"['CYP3A4', 'CYP3A5', 'CYP2C19', 'CYP2C8']",Samidorphan,"InChI=1S/C21H26N2O4/c22-19(26)15-4-3-13-9-16-21(27)6-5-14(24)10-20(21,17(13)18(15)25)7-8-23(16)11-12-1-2-12/h3-4,12,16,25,27H,1-2,5-11H2,(H2,22,26)/t16-,20-,21-/m1/s1",NC(=O)C1=CC=C2C[C@H]3N(CC4CC4)CC[C@@]4(CC(=O)CC[C@@]34O)C2=C1O
DB12548,"['CYP3A4', 'CYP2B6', 'CYP2C9', 'CYP2C19']",Sparsentan,"InChI=1S/C32H40N4O5S/c1-5-7-14-29-33-32(17-10-11-18-32)31(37)36(29)20-24-15-16-26(25(19-24)21-40-6-2)27-12-8-9-13-28(27)42(38,39)35-30-22(3)23(4)41-34-30/h8-9,12-13,15-16,19H,5-7,10-11,14,17-18,20-21H2,1-4H3,(H,34,35)",CCCCC1=NC2(CCCC2)C(=O)N1CC1=CC=C(C(COCC)=C1)C1=CC=CC=C1S(=O)(=O)NC1=NOC(C)=C1C
DB12582,['CYP3A4'],Piperine,"InChI=1S/C17H19NO3/c19-17(18-10-4-1-5-11-18)7-3-2-6-14-8-9-15-16(12-14)21-13-20-15/h2-3,6-9,12H,1,4-5,10-11,13H2/b6-2+,7-3+",O=C(\C=C\C=C\C1=CC2=C(OCO2)C=C1)N1CCCCC1
DB12597,"['CYP3A4', 'CYP2C19', 'CYP2C9']",Asciminib,"InChI=1S/C20H18ClF2N5O3/c21-20(22,23)31-15-3-1-13(2-4-15)26-19(30)12-9-16(17-5-7-25-27-17)18(24-10-12)28-8-6-14(29)11-28/h1-5,7,9-10,14,29H,6,8,11H2,(H,25,27)(H,26,30)/t14-/m1/s1",O[C@@H]1CCN(C1)C1=C(C=C(C=N1)C(=O)NC1=CC=C(OC(F)(F)Cl)C=C1)C1=CC=NN1
DB12612,"['CYP2C8', 'CYP3A4']",Ozanimod,"InChI=1S/C23H24N4O3/c1-14(2)29-21-9-6-15(12-16(21)13-24)23-26-22(27-30-23)19-5-3-4-18-17(19)7-8-20(18)25-10-11-28/h3-6,9,12,14,20,25,28H,7-8,10-11H2,1-2H3/t20-/m0/s1",CC(C)OC1=C(C=C(C=C1)C1=NC(=NO1)C1=C2CC[C@H](NCCO)C2=CC=C1)C#N
DB12629,['CYP3A4'],"3,5-diiodothyropropionic acid","InChI=1S/C15H12I2O4/c16-12-7-9(1-6-14(19)20)8-13(17)15(12)21-11-4-2-10(18)3-5-11/h2-5,7-8,18H,1,6H2,(H,19,20)",OC(=O)CCC1=CC(I)=C(OC2=CC=C(O)C=C2)C(I)=C1
DB12645,"['CYP3A4', 'CYP1A2', 'CYP2B6']",Givinostat,"InChI=1S/C24H27N3O4/c1-3-27(4-2)15-17-5-7-21-14-18(6-8-20(21)13-17)16-31-24(29)25-22-11-9-19(10-12-22)23(28)26-30/h5-14,30H,3-4,15-16H2,1-2H3,(H,25,29)(H,26,28)",CCN(CC)CC1=CC=C2C=C(COC(=O)NC3=CC=C(C=C3)C(=O)NO)C=CC2=C1
DB12674,['CYP3A4'],Lurbinectedin,"InChI=1S/C41H44N4O10S/c1-17-11-20-12-25-39(48)45-26-14-52-40(49)41(38-22(9-10-42-41)23-13-21(50-5)7-8-24(23)43-38)15-56-37(31(45)30(44(25)4)27(20)32(47)33(17)51-6)29-28(26)36-35(53-16-54-36)18(2)34(29)55-19(3)46/h7-8,11,13,25-26,30-31,37,39,42-43,47-48H,9-10,12,14-16H2,1-6H3/t25-,26-,30+,31+,37+,39-,41+/m0/s1",[H][C@@]12[C@@H]3SC[C@]4(NCCC5=C4NC4=CC=C(OC)C=C54)C(=O)OC[C@H](N1[C@@H](O)[C@@H]1CC4=CC(C)=C(OC)C(O)=C4[C@@]2([H])N1C)C1=C2OCOC2=C(C)C(OC(C)=O)=C31
DB12693,['CYP2D6'],Ritanserin,"InChI=1S/C27H25F2N3OS/c1-18-24(26(33)32-16-17-34-27(32)30-18)12-15-31-13-10-21(11-14-31)25(19-2-6-22(28)7-3-19)20-4-8-23(29)9-5-20/h2-9,16-17H,10-15H2,1H3",CC1=C(CCN2CCC(CC2)=C(C2=CC=C(F)C=C2)C2=CC=C(F)C=C2)C(=O)N2C=CSC2=N1
DB12713,"['CYP3A4', 'CYP2D6']",Sotagliflozin,"InChI=1S/C21H25ClO5S/c1-3-26-15-7-4-12(5-8-15)10-14-11-13(6-9-16(14)22)20-18(24)17(23)19(25)21(27-20)28-2/h4-9,11,17-21,23-25H,3,10H2,1-2H3/t17-,18-,19+,20+,21-/m1/s1",CCOC1=CC=C(CC2=CC(=CC=C2Cl)[C@@H]2O[C@H](SC)[C@@H](O)[C@H](O)[C@H]2O)C=C1
DB12752,['CYP2D6'],Bucindolol,"InChI=1S/C22H25N3O2/c1-22(2,11-17-13-24-20-9-5-4-8-19(17)20)25-14-18(26)15-27-21-10-6-3-7-16(21)12-23/h3-10,13,18,24-26H,11,14-15H2,1-2H3",CC(C)(CC1=CNC2=CC=CC=C12)NCC(O)COC1=CC=CC=C1C#N
DB12781,"['CYP3A4', 'CYP2C8']",Balaglitazone,"InChI=1S/C20H17N3O4S/c1-23-17(21-15-5-3-2-4-14(15)19(23)25)11-27-13-8-6-12(7-9-13)10-16-18(24)22-20(26)28-16/h2-9,16H,10-11H2,1H3,(H,22,24,26)",CN1C(COC2=CC=C(CC3SC(=O)NC3=O)C=C2)=NC2=CC=CC=C2C1=O
DB12808,"['CYP2C9', 'CYP3A4', 'CYP2C8', 'CYP2B6']",Trifarotene,"InChI=1S/C29H33NO4/c1-29(2,3)25-19-23(10-12-26(25)30-14-4-5-15-30)24-18-22(11-13-27(24)34-17-16-31)20-6-8-21(9-7-20)28(32)33/h6-13,18-19,31H,4-5,14-17H2,1-3H3,(H,32,33)",CC(C)(C)C1=CC(=CC=C1N1CCCC1)C1=CC(=CC=C1OCCO)C1=CC=C(C=C1)C(O)=O
DB12816,['CYP2A6'],Terpinen-4-ol,"InChI=1S/C10H18O/c1-8(2)10(11)6-4-9(3)5-7-10/h4,8,11H,5-7H2,1-3H3",CC(C)C1(O)CCC(C)=CC1
DB12825,['CYP3A4'],Lefamulin,"InChI=1S/C28H45NO5S/c1-6-26(4)14-22(34-23(32)15-35-21-8-7-18(29)13-20(21)31)27(5)16(2)9-11-28(17(3)25(26)33)12-10-19(30)24(27)28/h6,16-18,20-22,24-25,31,33H,1,7-15,29H2,2-5H3/t16?,17-,18+,20+,21+,22+,24-,25-,26+,27-,28-/m0/s1",[H][C@@]12C(=O)CC[C@]11CCC(C)[C@@]2(C)[C@@H](C[C@@](C)(C=C)[C@@H](O)[C@@H]1C)OC(=O)CS[C@@H]1CC[C@@H](N)C[C@H]1O
DB12834,"['CYP3A4', 'CYP3A5', 'CYP2C19']",Secnidazole,"InChI=1S/C7H11N3O3/c1-5(11)4-9-6(2)8-3-7(9)10(12)13/h3,5,11H,4H2,1-2H3",CC(O)CN1C(C)=NC=C1N(=O)=O
DB12874,"['CYP3A4', 'CYP3A5', 'CYP3A7']",Quizartinib,"InChI=1S/C29H32N6O4S/c1-29(2,3)25-17-26(33-39-25)32-27(36)30-20-6-4-19(5-7-20)22-18-35-23-9-8-21(16-24(23)40-28(35)31-22)38-15-12-34-10-13-37-14-11-34/h4-9,16-18H,10-15H2,1-3H3,(H2,30,32,33,36)",CC(C)(C)C1=CC(NC(=O)NC2=CC=C(C=C2)C2=CN3C(SC4=C3C=CC(OCCN3CCOCC3)=C4)=N2)=NO1
DB12887,"['CYP3A4', 'CYP3A43', 'CYP3A5', 'CYP3A7', 'CYP3A4']",Tazemetostat,"InChI=1S/C34H44N4O4/c1-5-38(29-10-14-41-15-11-29)32-20-28(27-8-6-26(7-9-27)22-37-12-16-42-17-13-37)19-30(25(32)4)33(39)35-21-31-23(2)18-24(3)36-34(31)40/h6-9,18-20,29H,5,10-17,21-22H2,1-4H3,(H,35,39)(H,36,40)",CCN(C1CCOCC1)C1=C(C)C(=CC(=C1)C1=CC=C(CN2CCOCC2)C=C1)C(=O)NCC1=C(C)C=C(C)NC1=O
DB12914,['CYP2C8'],Resmetirom,"InChI=1S/C17H12Cl2N6O4/c1-7(2)9-5-13(22-23-15(9)26)29-14-10(18)3-8(4-11(14)19)25-17(28)21-16(27)12(6-20)24-25/h3-5,7H,1-2H3,(H,23,26)(H,21,27,28)",CC(C)C1=CC(OC2=C(Cl)C=C(C=C2Cl)N2N=C(C#N)C(=O)NC2=O)=NNC1=O
DB12923,['CYP3A4'],Gallopamil,"InChI=1S/C28H40N2O5/c1-20(2)28(19-29,22-17-25(33-6)27(35-8)26(18-22)34-7)13-9-14-30(3)15-12-21-10-11-23(31-4)24(16-21)32-5/h10-11,16-18,20H,9,12-15H2,1-8H3",COC1=CC(=CC(OC)=C1OC)C(CCCN(C)CCC1=CC(OC)=C(OC)C=C1)(C#N)C(C)C
DB12941,['CYP3A4'],Darolutamide,"InChI=1S/C19H19ClN6O2/c1-11(22-19(28)18-8-17(12(2)27)23-24-18)10-26-6-5-16(25-26)13-3-4-14(9-21)15(20)7-13/h3-8,11-12,27H,10H2,1-2H3,(H,22,28)(H,23,24)/t11-,12?/m0/s1",C[C@@H](CN1C=CC(=N1)C1=CC=C(C#N)C(Cl)=C1)NC(=O)C1=NNC(=C1)C(C)O
DB12945,['CYP1A2'],Dihydralazine,"InChI=1S/C8H10N6/c9-11-7-5-3-1-2-4-6(5)8(12-10)14-13-7/h1-4H,9-10H2,(H,11,13)(H,12,14)",NNC1=C2C=CC=CC2=C(NN)N=N1
DB12952,['CYP3A4'],Methylprednisone,"InChI=1S/C22H28O5/c1-12-8-14-15-5-7-22(27,18(26)11-23)21(15,3)10-17(25)19(14)20(2)6-4-13(24)9-16(12)20/h4,6,9,12,14-15,19,23,27H,5,7-8,10-11H2,1-3H3/t12-,14-,15-,19+,20-,21-,22-/m0/s1",C[C@H]1C[C@H]2[C@@H]3CC[C@](O)(C(=O)CO)[C@@]3(C)CC(=O)[C@@H]2[C@@]2(C)C=CC(=O)C=C12
DB12978,"['CYP3A4', 'CYP2B6', 'CYP2C9']",Pexidartinib,"InChI=1S/C20H15ClF3N5/c21-15-6-16-14(10-28-19(16)29-11-15)5-12-2-4-18(26-7-12)27-9-13-1-3-17(25-8-13)20(22,23)24/h1-4,6-8,10-11H,5,9H2,(H,26,27)(H,28,29)",FC(F)(F)C1=CC=C(CNC2=NC=C(CC3=CNC4=NC=C(Cl)C=C34)C=C2)C=N1
DB13003,"['CYP3A4', 'CYP3A5']",Cortivazol,"InChI=1S/C32H38N2O5/c1-18-11-23-25-12-19(2)32(38,28(37)17-39-20(3)35)31(25,5)15-27(36)29(23)30(4)14-21-16-33-34(26(21)13-24(18)30)22-9-7-6-8-10-22/h6-11,13,16,19,23,25,27,29,36,38H,12,14-15,17H2,1-5H3/t19-,23+,25+,27+,29-,30+,31+,32+/m1/s1",C[C@@H]1C[C@H]2[C@@H]3C=C(C)C4=CC5=C(C[C@]4(C)[C@H]3[C@@H](O)C[C@]2(C)[C@@]1(O)C(=O)COC(C)=O)C=NN5C1=CC=CC=C1
DB13074,['CYP3A4'],Macimorelin,"InChI=1S/C26H30N6O3/c1-26(2,27)25(35)31-22(11-16-13-28-20-9-5-3-7-18(16)20)24(34)32-23(30-15-33)12-17-14-29-21-10-6-4-8-19(17)21/h3-10,13-15,22-23,28-29H,11-12,27H2,1-2H3,(H,30,33)(H,31,35)(H,32,34)/t22-,23-/m1/s1",CC(C)(N)C(=O)N[C@H](CC1=CNC2=CC=CC=C12)C(=O)N[C@H](CC1=CNC2=CC=CC=C12)NC=O
DB13125,[],Lusutrombopag,"InChI=1S/C29H32Cl2N2O5S/c1-5-6-7-8-12-38-18(3)20-10-9-11-21(26(20)37-4)25-16-39-29(32-25)33-27(34)19-14-23(30)22(24(31)15-19)13-17(2)28(35)36/h9-11,13-16,18H,5-8,12H2,1-4H3,(H,35,36)(H,32,33,34)/b17-13+/t18-/m0/s1",CCCCCCO[C@@H](C)C1=C(OC)C(=CC=C1)C1=CSC(NC(=O)C2=CC(Cl)=C(\C=C(/C)C(O)=O)C(Cl)=C2)=N1
DB13132,['CYP2B6'],Artemisinin,"InChI=1S/C15H22O5/c1-8-4-5-11-9(2)12(16)17-13-15(11)10(8)6-7-14(3,18-13)19-20-15/h8-11,13H,4-7H2,1-3H3/t8-,9-,10+,11+,13-,14-,15-/m1/s1",[H][C@@]1(C)CC[C@@]2([H])[C@@]([H])(C)C(=O)O[C@]3([H])O[C@@]4(C)CC[C@]1([H])[C@@]23OO4
DB13136,['CYP2C9'],Fluindione,"InChI=1S/C15H9FO2/c16-10-7-5-9(6-8-10)13-14(17)11-3-1-2-4-12(11)15(13)18/h1-8,13H",FC1=CC=C(C=C1)C1C(=O)C2=CC=CC=C2C1=O
DB13141,"['CYP3A4', 'CYP3A43', 'CYP3A5', 'CYP3A7']",Ambroxol acefyllinate,"InChI=1S/C13H18Br2N2O.C9H10N4O4/c14-9-5-8(13(16)12(15)6-9)7-17-10-1-3-11(18)4-2-10;1-11-7-6(8(16)12(2)9(11)17)13(4-10-7)3-5(14)15/h5-6,10-11,17-18H,1-4,7,16H2;4H,3H2,1-2H3,(H,14,15)/t10-,11-;",CN1C2=C(N(CC(O)=O)C=N2)C(=O)N(C)C1=O.NC1=C(Br)C=C(Br)C=C1CN[C@H]1CC[C@H](O)CC1
DB13158,['CYP3A4'],Clobetasone,"InChI=1S/C22H26ClFO4/c1-12-8-16-15-5-4-13-9-14(25)6-7-19(13,2)21(15,24)17(26)10-20(16,3)22(12,28)18(27)11-23/h6-7,9,12,15-16,28H,4-5,8,10-11H2,1-3H3/t12-,15-,16-,19-,20-,21-,22-/m0/s1",[H][C@]1(C)C[C@@]2([H])[C@]3([H])CCC4=CC(=O)C=C[C@]4(C)[C@@]3(F)C(=O)C[C@]2(C)[C@@]1(O)C(=O)CCl
DB13174,"['CYP1A2', 'CYP3A4', 'CYP3A43', 'CYP3A5', 'CYP3A7', 'CYP2E1', 'CYP2C9', 'CYP2D6']",Rhein,"InChI=1S/C15H8O6/c16-9-3-1-2-7-11(9)14(19)12-8(13(7)18)4-6(15(20)21)5-10(12)17/h1-5,16-17H,(H,20,21)",OC(=O)C1=CC2=C(C(O)=C1)C(=O)C1=C(C=CC=C1O)C2=O
DB13179,"['CYP3A43', 'CYP2C8', 'CYP3A4', 'CYP3A7', 'CYP3A5']",Troleandomycin,"InChI=1S/C41H67NO15/c1-19-17-41(18-49-41)38(46)23(5)34(53-27(9)43)21(3)25(7)52-39(47)24(6)35(56-32-16-31(48-14)36(26(8)51-32)54-28(10)44)22(4)33(19)57-40-37(55-29(11)45)30(42(12)13)15-20(2)50-40/h19-26,30-37,40H,15-18H2,1-14H3/t19-,20+,21-,22+,23+,24+,25+,26-,30-,31-,32-,33-,34-,35-,36-,37+,40-,41+/m0/s1",CO[C@H]1C[C@H](O[C@H]2[C@H](C)[C@@H](O[C@@H]3O[C@H](C)C[C@@H]([C@H]3OC(C)=O)N(C)C)[C@@H](C)C[C@@]3(CO3)C(=O)[C@H](C)[C@@H](OC(C)=O)[C@@H](C)[C@@H](C)OC(=O)[C@@H]2C)O[C@@H](C)[C@@H]1OC(C)=O
DB13203,['CYP1A2'],Bamifylline,"InChI=1S/C20H27N5O3/c1-4-24(12-13-26)10-11-25-16(14-15-8-6-5-7-9-15)21-18-17(25)19(27)23(3)20(28)22(18)2/h5-9,26H,4,10-14H2,1-3H3",CCN(CCO)CCN1C(CC2=CC=CC=C2)=NC2=C1C(=O)N(C)C(=O)N2C
DB13208,"['CYP3A4', 'CYP3A5']",Prednylidene,"InChI=1S/C22H28O5/c1-12-8-16-15-5-4-13-9-14(24)6-7-20(13,2)19(15)17(25)10-21(16,3)22(12,27)18(26)11-23/h6-7,9,15-17,19,23,25,27H,1,4-5,8,10-11H2,2-3H3/t15-,16-,17-,19+,20-,21-,22-/m0/s1",C[C@]12C[C@H](O)[C@H]3[C@@H](CCC4=CC(=O)C=C[C@]34C)[C@@H]1CC(=C)[C@]2(O)C(=O)CO
DB13261,['CYP1A2'],Sitafloxacin,"InChI=1S/2C19H18ClF2N3O3.3H2O/c2*20-14-15-8(17(26)9(18(27)28)5-25(15)12-4-10(12)21)3-11(22)16(14)24-6-13(23)19(7-24)1-2-19;;;/h2*3,5,10,12-13H,1-2,4,6-7,23H2,(H,27,28);3*1H2/t2*10-,12+,13+;;;/m00.../s1",O.O.O.N[C@@H]1CN(CC11CC1)C1=C(F)C=C2C(=O)C(=CN([C@@H]3C[C@@H]3F)C2=C1Cl)C(O)=O.N[C@@H]1CN(CC11CC1)C1=C(F)C=C2C(=O)C(=CN([C@@H]3C[C@@H]3F)C2=C1Cl)C(O)=O
DB13338,['CYP3A4'],Flurithromycin,"InChI=1S/C37H66FNO13/c1-14-24-37(10,46)29(42)21(5)28(41)34(7,38)17-35(8,45)31(52-33-26(40)23(39(11)12)15-18(2)48-33)19(3)27(20(4)32(44)50-24)51-25-16-36(9,47-13)30(43)22(6)49-25/h18-27,29-31,33,40,42-43,45-46H,14-17H2,1-13H3/t18-,19+,20-,21+,22+,23+,24-,25+,26-,27+,29-,30+,31-,33+,34+,35-,36-,37-/m1/s1",CC[C@H]1OC(=O)[C@H](C)[C@@H](O[C@H]2C[C@@](C)(OC)[C@@H](O)[C@H](C)O2)[C@H](C)[C@@H](O[C@@H]2O[C@H](C)C[C@@H]([C@H]2O)N(C)C)[C@](C)(O)C[C@](C)(F)C(=O)[C@H](C)[C@@H](O)[C@]1(C)O
DB13345,['CYP3A4'],Dihydroergocristine,"InChI=1S/C35H41N5O5/c1-20(2)34(37-31(41)23-16-25-24-11-7-12-26-30(24)22(18-36-26)17-27(25)38(3)19-23)33(43)40-28(15-21-9-5-4-6-10-21)32(42)39-14-8-13-29(39)35(40,44)45-34/h4-7,9-12,18,20,23,25,27-29,36,44H,8,13-17,19H2,1-3H3,(H,37,41)/t23-,25-,27-,28+,29+,34-,35+/m1/s1",[H][C@@]12CCCN1C(=O)[C@H](CC1=CC=CC=C1)N1C(=O)[C@](NC(=O)[C@H]3CN(C)[C@]4([H])CC5=CNC6=CC=CC(=C56)[C@@]4([H])C3)(O[C@@]21O)C(C)C
DB13347,['CYP3A4'],Diphenadione,"InChI=1S/C23H16O3/c24-21-17-13-7-8-14-18(17)22(25)20(21)23(26)19(15-9-3-1-4-10-15)16-11-5-2-6-12-16/h1-14,19-20H",O=C(C(C1=CC=CC=C1)C1=CC=CC=C1)C1C(=O)C2=CC=CC=C2C1=O
DB13399,['CYP3A4'],Terguride,"InChI=1S/C20H28N4O/c1-4-24(5-2)20(25)22-14-10-16-15-7-6-8-17-19(15)13(11-21-17)9-18(16)23(3)12-14/h6-8,11,14,16,18,21H,4-5,9-10,12H2,1-3H3,(H,22,25)/t14-,16+,18+/m0/s1",[H][C@@]12CC3=CNC4=CC=CC(=C34)[C@@]1([H])C[C@@H](CN2C)NC(=O)N(CC)CC
DB13406,['CYP2C9'],Carbutamide,"InChI=1S/C11H17N3O3S/c1-2-3-8-13-11(15)14-18(16,17)10-6-4-9(12)5-7-10/h4-7H,2-3,8,12H2,1H3,(H2,13,14,15)",CCCCNC(=O)NS(=O)(=O)C1=CC=C(N)C=C1
DB13409,['CYP3A4'],Rokitamycin,"InChI=1S/C42H69NO15/c1-11-16-32(48)55-40-27(6)53-34(23-42(40,7)58-31(47)12-2)56-37-26(5)54-41(36(50)35(37)43(8)9)57-38-28(19-20-44)21-24(3)29(45)18-15-13-14-17-25(4)52-33(49)22-30(46)39(38)51-10/h13-15,18,20,24-30,34-41,45-46,50H,11-12,16-17,19,21-23H2,1-10H3/b14-13+,18-15+/t24-,25-,26-,27+,28+,29+,30-,34+,35-,36-,37-,38+,39+,40+,41+,42-/m1/s1",CCCC(=O)O[C@H]1[C@H](C)O[C@H](C[C@@]1(C)OC(=O)CC)O[C@@H]1[C@@H](C)O[C@@H](O[C@H]2[C@@H](CC=O)C[C@@H](C)[C@@H](O)\C=C\C=C\C[C@@H](C)OC(=O)C[C@@H](O)[C@@H]2OC)[C@H](O)[C@H]1N(C)C
DB13443,['CYP2D6'],Esatenolol,"InChI=1S/C14H22N2O3/c1-10(2)16-8-12(17)9-19-13-5-3-11(4-6-13)7-14(15)18/h3-6,10,12,16-17H,7-9H2,1-2H3,(H2,15,18)/t12-/m0/s1",CC(C)NC[C@H](O)COC1=CC=C(CC(N)=O)C=C1
DB13449,['CYP1A2'],Proxyphylline,"InChI=1S/C10H14N4O3/c1-6(15)4-14-5-11-8-7(14)9(16)13(3)10(17)12(8)2/h5-6,15H,4H2,1-3H3",CC(O)CN1C=NC2=C1C(=O)N(C)C(=O)N2C
DB13456,['CYP3A4'],Midecamycin,"InChI=1S/C41H67NO15/c1-11-30(45)54-29-21-32(47)51-24(4)16-14-13-15-17-28(44)23(3)20-27(18-19-43)37(38(29)50-10)57-40-35(48)34(42(8)9)36(25(5)53-40)56-33-22-41(7,49)39(26(6)52-33)55-31(46)12-2/h13-15,17,19,23-29,33-40,44,48-49H,11-12,16,18,20-22H2,1-10H3/b14-13+,17-15+/t23-,24-,25-,26+,27+,28+,29-,33+,34-,35-,36-,37+,38+,39+,40+,41-/m1/s1",[H][C@@]1(C[C@@](C)(O)[C@@H](OC(=O)CC)[C@H](C)O1)O[C@@H]1[C@@H](C)O[C@@]([H])(O[C@H]2[C@@H](CC=O)C[C@@H](C)[C@@H](O)\C=C\C=C\C[C@@H](C)OC(=O)C[C@@]([H])(OC(=O)CC)[C@@H]2OC)[C@H](O)[C@H]1N(C)C
DB13488,['CYP3A4'],Bencyclane,"InChI=1S/C19H31NO/c1-20(2)15-10-16-21-19(13-8-3-4-9-14-19)17-18-11-6-5-7-12-18/h5-7,11-12H,3-4,8-10,13-17H2,1-2H3",CN(C)CCCOC1(CC2=CC=CC=C2)CCCCCC1
DB13500,['CYP3A4'],Otilonium,"InChI=1S/C29H42N2O4/c1-5-8-9-10-11-14-22-34-27-16-13-12-15-26(27)28(32)30-25-19-17-24(18-20-25)29(33)35-23-21-31(4,6-2)7-3/h12-13,15-20H,5-11,14,21-23H2,1-4H3/p+1",CCCCCCCCOC1=CC=CC=C1C(=O)NC1=CC=C(C=C1)C(=O)OCC[N+](C)(CC)CC
DB13508,['CYP2D6'],Cloranolol,"InChI=1S/C13H19Cl2NO2/c1-13(2,3)16-7-10(17)8-18-12-6-9(14)4-5-11(12)15/h4-6,10,16-17H,7-8H2,1-3H3",CC(C)(C)NCC(O)COC1=CC(Cl)=CC=C1Cl
DB13528,['CYP3A4'],Chlormadinone,"InChI=1S/C21H27ClO3/c1-12(23)21(25)9-6-16-14-11-18(22)17-10-13(24)4-7-19(17,2)15(14)5-8-20(16,21)3/h10-11,14-16,25H,4-9H2,1-3H3/t14-,15+,16+,19-,20+,21+/m1/s1",[H][C@@]12CC[C@](O)(C(C)=O)[C@@]1(C)CC[C@@]1([H])[C@@]2([H])C=C(Cl)C2=CC(=O)CC[C@]12C
DB13530,['CYP2D6'],Mepindolol,"InChI=1S/C15H22N2O2/c1-10(2)16-8-12(18)9-19-15-6-4-5-14-13(15)7-11(3)17-14/h4-7,10,12,16-18H,8-9H2,1-3H3",CC(C)NCC(O)COC1=CC=CC2=C1C=C(C)N2
DB13573,['CYP1A2'],Acefylline,"InChI=1S/C9H10N4O4/c1-11-7-6(8(16)12(2)9(11)17)13(4-10-7)3-5(14)15/h4H,3H2,1-2H3,(H,14,15)",CN1C2=C(N(CC(O)=O)C=N2)C(=O)N(C)C1=O
DB13592,['CYP1A2'],Etamiphylline,"InChI=1S/C13H21N5O2/c1-5-17(6-2)7-8-18-9-14-11-10(18)12(19)16(4)13(20)15(11)3/h9H,5-8H2,1-4H3",CCN(CC)CCN1C=NC2=C1C(=O)N(C)C(=O)N2C
DB13602,['CYP3A4'],Promegestone,"InChI=1S/C22H30O2/c1-4-20(24)22(3)12-10-19-18-7-5-14-13-15(23)6-8-16(14)17(18)9-11-21(19,22)2/h13,18-19H,4-12H2,1-3H3/t18-,19+,21+,22-/m1/s1",CCC(=O)[C@@]1(C)CC[C@H]2[C@@H]3CCC4=CC(=O)CCC4=C3CC[C@]12C
DB13609,"['CYP3A4', 'CYP2E1', 'CYP1A2', 'CYP2D6', 'CYP2C9', 'CYP3A5']",Umifenovir,"InChI=1S/C22H25BrN2O3S/c1-5-28-22(27)20-18(13-29-14-9-7-6-8-10-14)25(4)17-11-16(23)21(26)15(19(17)20)12-24(2)3/h6-11,26H,5,12-13H2,1-4H3",CCOC(=O)C1=C(CSC2=CC=CC=C2)N(C)C2=CC(Br)=C(O)C(CN(C)C)=C12
DB13634,['CYP1A2'],Pentifylline,"InChI=1S/C13H20N4O2/c1-4-5-6-7-8-17-12(18)10-11(14-9-15(10)2)16(3)13(17)19/h9H,4-8H2,1-3H3",CCCCCCN1C(=O)N(C)C2=C(N(C)C=N2)C1=O
DB13675,['CYP2C9'],Metahexamide,"InChI=1S/C14H21N3O3S/c1-10-7-8-12(9-13(10)15)21(19,20)17-14(18)16-11-5-3-2-4-6-11/h7-9,11H,2-6,15H2,1H3,(H2,16,17,18)",CC1=CC=C(C=C1N)S(=O)(=O)NC(=O)NC1CCCCC1
DB13679,['CYP2D6'],Dexchlorpheniramine,"InChI=1S/C16H19ClN2/c1-19(2)12-10-15(16-5-3-4-11-18-16)13-6-8-14(17)9-7-13/h3-9,11,15H,10,12H2,1-2H3/t15-/m0/s1",CN(C)CC[C@@H](C1=CC=C(Cl)C=C1)C1=CC=CC=N1
DB13685,['CYP3A4'],Quingestanol,"InChI=1S/C25H34O2/c1-3-25(26)15-13-23-22-10-8-17-16-19(27-18-6-4-5-7-18)9-11-20(17)21(22)12-14-24(23,25)2/h1,8,16,18,20-23,26H,4-7,9-15H2,2H3/t20-,21+,22+,23-,24-,25-/m0/s1",C[C@]12CC[C@H]3[C@@H](CC=C4C=C(CC[C@H]34)OC3CCCC3)[C@@H]1CC[C@@]2(O)C#C
DB13725,['CYP3A4'],Terodiline,"InChI=1S/C20H27N/c1-16(21-20(2,3)4)15-19(17-11-7-5-8-12-17)18-13-9-6-10-14-18/h5-14,16,19,21H,15H2,1-4H3",CC(CC(C1=CC=CC=C1)C1=CC=CC=C1)NC(C)(C)C
DB13728,"['CYP3A4', 'CYP3A5']",Halometasone,"InChI=1S/C22H27ClF2O5/c1-10-4-11-12-5-15(24)13-6-16(27)14(23)7-19(13,2)21(12,25)17(28)8-20(11,3)22(10,30)18(29)9-26/h6-7,10-12,15,17,26,28,30H,4-5,8-9H2,1-3H3/t10-,11+,12+,15+,17+,19+,20+,21+,22+/m1/s1",C[C@@H]1C[C@H]2[C@@H]3C[C@H](F)C4=CC(=O)C(Cl)=C[C@]4(C)[C@@]3(F)[C@@H](O)C[C@]2(C)[C@@]1(O)C(=O)CO
DB13746,"['CYP2C8', 'CYP2C9', 'CYP2C19', 'CYP3A4', 'CYP1A1']",Bioallethrin,"InChI=1S/C19H26O3/c1-7-8-13-12(4)16(10-15(13)20)22-18(21)17-14(9-11(2)3)19(17,5)6/h7,9,14,16-17H,1,8,10H2,2-6H3",CC(C)=CC1C(C(=O)OC2CC(=O)C(CC=C)=C2C)C1(C)C
DB13757,['CYP2D6'],Epanolol,"InChI=1S/C20H23N3O4/c21-12-16-3-1-2-4-19(16)27-14-18(25)13-22-9-10-23-20(26)11-15-5-7-17(24)8-6-15/h1-8,18,22,24-25H,9-11,13-14H2,(H,23,26)",OC(CNCCNC(=O)CC1=CC=C(O)C=C1)COC1=CC=CC=C1C#N
DB13762,['CYP2C19'],Dexrabeprazole,"InChI=1S/C18H21N3O3S/c1-13-16(19-9-8-17(13)24-11-5-10-23-2)12-25(22)18-20-14-6-3-4-7-15(14)21-18/h3-4,6-9H,5,10-12H2,1-2H3,(H,20,21)/t25-/m1/s1",COCCCOC1=CC=NC(C[S@@](=O)C2=NC3=CC=CC=C3N2)=C1C
DB13766,['CYP3A4'],Lidoflazine,"InChI=1S/C30H35F2N3O/c1-22-5-3-6-23(2)30(22)33-29(36)21-35-19-17-34(18-20-35)16-4-7-28(24-8-12-26(31)13-9-24)25-10-14-27(32)15-11-25/h3,5-6,8-15,28H,4,7,16-21H2,1-2H3,(H,33,36)",CC1=CC=CC(C)=C1NC(=O)CN1CCN(CCCC(C2=CC=C(F)C=C2)C2=CC=C(F)C=C2)CC1
DB13772,['CYP1A2'],Rufloxacin,"InChI=1S/C17H18FN3O3S/c1-19-2-4-20(5-3-19)14-12(18)8-10-13-16(14)25-7-6-21(13)9-11(15(10)22)17(23)24/h8-9H,2-7H2,1H3,(H,23,24)",CN1CCN(CC1)C1=C(F)C=C2C(=O)C(=CN3CCSC1=C23)C(O)=O
DB13775,['CYP2D6'],Tertatolol,"InChI=1S/C16H25NO2S/c1-16(2,3)17-10-13(18)11-19-14-8-4-6-12-7-5-9-20-15(12)14/h4,6,8,13,17-18H,5,7,9-11H2,1-3H3",CC(C)(C)NCC(O)COC1=CC=CC2=C1SCCC2
DB13791,['CYP3A4'],Penfluridol,"InChI=1S/C28H27ClF5NO/c29-26-12-7-21(18-25(26)28(32,33)34)27(36)13-16-35(17-14-27)15-1-2-24(19-3-8-22(30)9-4-19)20-5-10-23(31)11-6-20/h3-12,18,24,36H,1-2,13-17H2",OC1(CCN(CCCC(C2=CC=C(F)C=C2)C2=CC=C(F)C=C2)CC1)C1=CC(=C(Cl)C=C1)C(F)(F)F
DB13812,['CYP1A2'],Bufylline,"InChI=1S/C7H8N4O2.C4H11NO/c1-10-5-4(8-3-9-5)6(12)11(2)7(10)13;1-4(2,5)3-6/h3H,1-2H3,(H,8,9);6H,3,5H2,1-2H3",CC(C)(N)CO.CN1C2=C(N=CN2)C(=O)N(C)C1=O
DB13823,['CYP1A2'],Pipemidic acid,"InChI=1S/C14H17N5O3/c1-2-18-8-10(13(21)22)11(20)9-7-16-14(17-12(9)18)19-5-3-15-4-6-19/h7-8,15H,2-6H2,1H3,(H,21,22)",CCN1C=C(C(O)=O)C(=O)C2=CN=C(N=C12)N1CCNCC1
DB13835,['CYP3A4'],Caroverine,"InChI=1S/C22H27N3O2/c1-4-24(5-2)14-15-25-21-9-7-6-8-19(21)23-20(22(25)26)16-17-10-12-18(27-3)13-11-17/h6-13H,4-5,14-16H2,1-3H3",CCN(CC)CCN1C(=O)C(CC2=CC=C(OC)C=C2)=NC2=CC=CC=C12
DB13843,"['CYP3A4', 'CYP3A5']",Cloprednol,"InChI=1S/C21H25ClO5/c1-19-5-3-11(24)7-14(19)15(22)8-12-13-4-6-21(27,17(26)10-23)20(13,2)9-16(25)18(12)19/h3,5,7-8,12-13,16,18,23,25,27H,4,6,9-10H2,1-2H3/t12-,13-,16-,18+,19-,20-,21-/m0/s1",[H][C@@]12CC[C@](O)(C(=O)CO)[C@@]1(C)C[C@]([H])(O)[C@@]1([H])[C@@]2([H])C=C(Cl)C2=CC(=O)C=C[C@]12C
DB13857,['CYP3A4'],Demegestone,"InChI=1S/C21H28O2/c1-13(22)20(2)11-9-19-18-6-4-14-12-15(23)5-7-16(14)17(18)8-10-21(19,20)3/h12,18-19H,4-11H2,1-3H3/t18-,19+,20-,21+/m1/s1",[H][C@@]12CC[C@](C)(C(C)=O)[C@@]1(C)CCC1=C3CCC(=O)C=C3CC[C@@]21[H]
DB13866,['CYP3A4'],Etynodiol,"InChI=1S/C20H28O2/c1-3-20(22)11-9-18-17-6-4-13-12-14(21)5-7-15(13)16(17)8-10-19(18,20)2/h1,12,14-18,21-22H,4-11H2,2H3/t14-,15-,16+,17+,18-,19-,20-/m0/s1",[H][C@@]12CC[C@@](O)(C#C)[C@@]1(C)CC[C@]1([H])[C@@]3([H])CC[C@H](O)C=C3CC[C@@]21[H]
DB13867,"['CYP3A4', 'CYP3A5', 'CYP3A7', 'CYP2C8']",Fluticasone,"InChI=1S/C22H27F3O4S/c1-11-6-13-14-8-16(24)15-7-12(26)4-5-19(15,2)21(14,25)17(27)9-20(13,3)22(11,29)18(28)30-10-23/h4-5,7,11,13-14,16-17,27,29H,6,8-10H2,1-3H3/t11-,13+,14+,16+,17+,19+,20+,21+,22+/m1/s1",[H][C@@]12C[C@@H](C)[C@](O)(C(=O)SCF)[C@@]1(C)C[C@H](O)[C@@]1(F)[C@@]2([H])C[C@H](F)C2=CC(=O)C=C[C@]12C
DB13874,"['CYP1A2', 'CYP2B6', 'CYP2C8', 'CYP2C9', 'CYP2C19', 'CYP2D6', 'CYP3A4']",Enasidenib,"InChI=1S/C19H17F6N7O/c1-17(2,33)9-27-15-30-14(11-4-3-5-12(29-11)18(20,21)22)31-16(32-15)28-10-6-7-26-13(8-10)19(23,24)25/h3-8,33H,9H2,1-2H3,(H2,26,27,28,30,31,32)",CC(C)(O)CNC1=NC(=NC(NC2=CC(=NC=C2)C(F)(F)F)=N1)C1=NC(=CC=C1)C(F)(F)F
DB13878,"['CYP3A4', 'CYP3A43', 'CYP3A5', 'CYP3A7']",Pibrentasvir,"InChI=1S/C57H65F5N10O8/c1-29(77-3)49(67-56(75)79-5)54(73)70-19-7-9-47(70)52-63-41-25-35(37(59)27-43(41)65-52)45-15-16-46(72(45)34-23-39(61)51(40(62)24-34)69-21-17-32(18-22-69)31-11-13-33(58)14-12-31)36-26-42-44(28-38(36)60)66-53(64-42)48-10-8-20-71(48)55(74)50(30(2)78-4)68-57(76)80-6/h11-14,23-30,32,45-50H,7-10,15-22H2,1-6H3,(H,63,65)(H,64,66)(H,67,75)(H,68,76)/t29-,30-,45-,46-,47+,48+,49+,50+/m1/s1",CO[C@H](C)[C@H](NC(=O)OC)C(=O)N1CCC[C@H]1C1=NC2=C(N1)C=C(F)C(=C2)[C@H]1CC[C@@H](N1C1=CC(F)=C(N2CCC(CC2)C2=CC=C(F)C=C2)C(F)=C1)C1=CC2=C(NC(=N2)[C@@H]2CCCN2C(=O)[C@@H](NC(=O)OC)[C@@H](C)OC)C=C1F
DB13879,"['CYP3A4', 'CYP3A43', 'CYP3A5', 'CYP3A7', 'CYP3A4']",Glecaprevir,"InChI=1S/C38H46F4N6O9S/c1-35(2,3)28-32(50)48-19-20(17-24(48)30(49)46-37(18-21(37)29(39)40)33(51)47-58(53,54)36(4)14-15-36)56-31-27(43-22-9-5-6-10-23(22)44-31)38(41,42)13-8-16-55-25-11-7-12-26(25)57-34(52)45-28/h5-6,8-10,13,20-21,24-26,28-29H,7,11-12,14-19H2,1-4H3,(H,45,52)(H,46,49)(H,47,51)/b13-8+/t20-,21+,24+,25-,26-,28-,37-/m1/s1",[H][C@@]12CN(C(=O)[C@@]([H])(NC(=O)O[C@]3([H])CCC[C@@]3([H])OC\C=C\C(F)(F)C3=NC4=C(C=CC=C4)N=C3O1)C(C)(C)C)[C@@]([H])(C2)C(=O)N[C@@]1(C[C@H]1C(F)F)C(=O)NS(=O)(=O)C1(C)CC1
DB13919,"['CYP2C8', 'CYP2C9']",Candesartan,"InChI=1S/C24H20N6O3/c1-2-33-24-25-20-9-5-8-19(23(31)32)21(20)30(24)14-15-10-12-16(13-11-15)17-6-3-4-7-18(17)22-26-28-29-27-22/h3-13H,2,14H2,1H3,(H,31,32)(H,26,27,28,29)",CCOC1=NC2=CC=CC(C(O)=O)=C2N1CC1=CC=C(C=C1)C1=CC=CC=C1C1=NN=NN1
DB13941,"['CYP3A4', 'CYP2C19', 'CYP2C9', 'CYP2B6', 'CYP2E1']",Piperaquine,"InChI=1S/C29H32Cl2N6/c30-22-2-4-24-26(20-22)32-8-6-28(24)36-16-12-34(13-17-36)10-1-11-35-14-18-37(19-15-35)29-7-9-33-27-21-23(31)3-5-25(27)29/h2-9,20-21H,1,10-19H2",ClC1=CC2=C(C=C1)C(=CC=N2)N1CCN(CCCN2CCN(CC2)C2=CC=NC3=C2C=CC(Cl)=C3)CC1
DB13943,"['CYP3A4', 'CYP3A5', 'CYP3A7', 'CYP1A1', 'CYP2B6', 'CYP2C19', 'CYP2C8', 'CYP2C9', 'CYP3A43']",Testosterone cypionate,"InChI=1S/C27H40O3/c1-26-15-13-20(28)17-19(26)8-9-21-22-10-11-24(27(22,2)16-14-23(21)26)30-25(29)12-7-18-5-3-4-6-18/h17-18,21-24H,3-16H2,1-2H3/t21-,22-,23-,24-,26-,27-/m0/s1",[H][C@@]12CC[C@H](OC(=O)CCC3CCCC3)[C@@]1(C)CC[C@@]1([H])[C@@]2([H])CCC2=CC(=O)CC[C@]12C
DB13944,"['CYP3A4', 'CYP3A5', 'CYP3A7', 'CYP1A1', 'CYP2B6', 'CYP2C19', 'CYP2C8', 'CYP2C9', 'CYP3A43']",Testosterone enanthate,"InChI=1S/C26H40O3/c1-4-5-6-7-8-24(28)29-23-12-11-21-20-10-9-18-17-19(27)13-15-25(18,2)22(20)14-16-26(21,23)3/h17,20-23H,4-16H2,1-3H3/t20-,21-,22-,23-,25-,26-/m0/s1",[H][C@@]12CC[C@H](OC(=O)CCCCCC)[C@@]1(C)CC[C@@]1([H])[C@@]2([H])CCC2=CC(=O)CC[C@]12C
DB13946,"['CYP3A4', 'CYP3A5', 'CYP3A7', 'CYP1A1', 'CYP2B6', 'CYP2C19', 'CYP2C8', 'CYP2C9', 'CYP3A43']",Testosterone undecanoate,"InChI=1S/C30H48O3/c1-4-5-6-7-8-9-10-11-12-28(32)33-27-16-15-25-24-14-13-22-21-23(31)17-19-29(22,2)26(24)18-20-30(25,27)3/h21,24-27H,4-20H2,1-3H3/t24-,25-,26-,27-,29-,30-/m0/s1",CCCCCCCCCCC(=O)O[C@H]1CC[C@H]2[C@@H]3CCC4=CC(=O)CC[C@]4(C)[C@H]3CC[C@]12C
DB13950,['CYP3A4'],WIN 55212-2,"InChI=1S/C27H26N2O3/c1-18-25(27(30)22-9-4-7-19-6-2-3-8-21(19)22)23-10-5-11-24-26(23)29(18)20(17-32-24)16-28-12-14-31-15-13-28/h2-11,20H,12-17H2,1H3/t20-/m1/s1",CC1=C(C(=O)C2=CC=CC3=CC=CC=C23)C2=C3N1[C@H](CN1CCOCC1)COC3=CC=C2
DB13952,"['CYP1A2', 'CYP3A4', 'CYP3A5', 'CYP3A7', 'CYP1A1', 'CYP2C19', 'CYP2C8', 'CYP2C9']",Estradiol acetate,"InChI=1S/C20H26O3/c1-12(21)23-14-4-6-15-13(11-14)3-5-17-16(15)9-10-20(2)18(17)7-8-19(20)22/h4,6,11,16-19,22H,3,5,7-10H2,1-2H3/t16-,17-,18+,19+,20+/m1/s1",[H][C@@]12CC[C@H](O)[C@@]1(C)CC[C@]1([H])C3=CC=C(OC(C)=O)C=C3CC[C@@]21[H]
DB13953,"['CYP1A2', 'CYP3A4', 'CYP3A5', 'CYP3A7', 'CYP1A1', 'CYP2C19', 'CYP2C8', 'CYP2C9']",Estradiol benzoate,"InChI=1S/C25H28O3/c1-25-14-13-20-19-10-8-18(28-24(27)16-5-3-2-4-6-16)15-17(19)7-9-21(20)22(25)11-12-23(25)26/h2-6,8,10,15,20-23,26H,7,9,11-14H2,1H3/t20-,21-,22+,23+,25+/m1/s1",[H][C@]1(O)CC[C@@]2([H])[C@]3([H])CCC4=CC(OC(=O)C5=CC=CC=C5)=CC=C4[C@@]3([H])CC[C@]12C
DB13954,"['CYP1A2', 'CYP3A4', 'CYP3A5', 'CYP3A7', 'CYP1A1', 'CYP2C19', 'CYP2C8', 'CYP2C9']",Estradiol cypionate,"InChI=1S/C26H36O3/c1-26-15-14-21-20-10-8-19(27)16-18(20)7-9-22(21)23(26)11-12-24(26)29-25(28)13-6-17-4-2-3-5-17/h8,10,16-17,21-24,27H,2-7,9,11-15H2,1H3/t21-,22-,23+,24+,26+/m1/s1",[H][C@@]1(CC[C@@]2([H])[C@]3([H])CCC4=CC(O)=CC=C4[C@@]3([H])CC[C@]12C)OC(=O)CCC1CCCC1
DB13955,"['CYP1A2', 'CYP3A4', 'CYP3A5', 'CYP3A7', 'CYP1A1', 'CYP2C19', 'CYP2C8', 'CYP2C9']",Estradiol dienanthate,"InChI=1S/C32H48O4/c1-4-6-8-10-12-30(33)35-24-15-17-25-23(22-24)14-16-27-26(25)20-21-32(3)28(27)18-19-29(32)36-31(34)13-11-9-7-5-2/h15,17,22,26-29H,4-14,16,18-21H2,1-3H3/t26-,27-,28+,29+,32+/m1/s1",CCCCCCC(=O)O[C@H]1CC[C@H]2[C@@H]3CCC4=CC(OC(=O)CCCCCC)=CC=C4[C@H]3CC[C@]12C
DB13956,"['CYP1A2', 'CYP3A4', 'CYP3A5', 'CYP3A7', 'CYP1A1', 'CYP2C19', 'CYP2C8', 'CYP2C9']",Estradiol valerate,"InChI=1S/C23H32O3/c1-3-4-5-22(25)26-21-11-10-20-19-8-6-15-14-16(24)7-9-17(15)18(19)12-13-23(20,21)2/h7,9,14,18-21,24H,3-6,8,10-13H2,1-2H3/t18-,19-,20+,21+,23+/m1/s1",[H][C@@]12CC[C@H](OC(=O)CCCC)[C@@]1(C)CC[C@]1([H])C3=C(CC[C@@]21[H])C=C(O)C=C3
DB13963,['CYP2E1'],"1,2-dichlorobenzene",InChI=1S/C6H4Cl2/c7-5-3-1-2-4-6(5)8/h1-4H,ClC1=C(Cl)C=CC=C1
DB13981,['CYP3A4'],Nomegestrol acetate,"InChI=1S/C23H30O4/c1-13-11-20-18(17-6-5-16(26)12-19(13)17)7-9-22(4)21(20)8-10-23(22,14(2)24)27-15(3)25/h11-12,17-18,20-21H,5-10H2,1-4H3/t17-,18-,20-,21+,22+,23+/m1/s1",[H][C@@]12CC[C@](OC(C)=O)(C(C)=O)[C@@]1(C)CC[C@]1([H])[C@@]3([H])CCC(=O)C=C3C(C)=C[C@@]21[H]
DB13997,"['CYP3A4', 'CYP2B6', 'CYP2C8']",Baloxavir marboxil,"InChI=1S/C27H23F2N3O7S/c1-36-27(35)39-14-38-25-19(33)8-9-31-24(25)26(34)30-10-11-37-12-21(30)32(31)23-15-6-7-18(28)22(29)17(15)13-40-20-5-3-2-4-16(20)23/h2-9,21,23H,10-14H2,1H3/t21-,23+/m1/s1",[H][C@@]12COCCN1C(=O)C1=C(OCOC(=O)OC)C(=O)C=CN1N2[C@H]1C2=CC=C(F)C(F)=C2CSC2=CC=CC=C12
DB14010,['CYP2D6'],"5-methoxy-N,N-dimethyltryptamine","InChI=1S/C13H18N2O/c1-15(2)7-6-10-9-14-13-5-4-11(16-3)8-12(10)13/h4-5,8-9,14H,6-7H2,1-3H3",COC1=CC=C2NC=C(CCN(C)C)C2=C1
DB14011,"['CYP2C9', 'CYP2C19', 'CYP3A4', 'CYP3A5', 'CYP2D6']",Nabiximols,"InChI=1S/2C21H30O2/c1-5-6-7-8-15-12-18(22)20-16-11-14(2)9-10-17(16)21(3,4)23-19(20)13-15;1-5-6-7-8-16-12-19(22)21(20(23)13-16)18-11-15(4)9-10-17(18)14(2)3/h11-13,16-17,22H,5-10H2,1-4H3;11-13,17-18,22-23H,2,5-10H2,1,3-4H3/t16-,17-;17-,18+/m10/s1",[H][C@]1(CCC(C)=C[C@@]1([H])C1=C(O)C=C(CCCCC)C=C1O)C(C)=C.[H][C@@]12CCC(C)=C[C@@]1([H])C1=C(O)C=C(CCCCC)C=C1OC2(C)C
DB14018,['CYP1A2'],Bromotheophylline,"InChI=1S/C7H7BrN4O2/c1-11-4-3(9-6(8)10-4)5(13)12(2)7(11)14/h1-2H3,(H,9,10)",CN1C2=C(NC(Br)=N2)C(=O)N(C)C1=O
DB14019,['CYP3A4'],Fosnetupitant,"InChI=1S/C31H35F6N4O5P/c1-20-8-6-7-9-24(20)25-17-27(40-10-12-41(5,13-11-40)19-46-47(43,44)45)38-18-26(25)39(4)28(42)29(2,3)21-14-22(30(32,33)34)16-23(15-21)31(35,36)37/h6-9,14-18H,10-13,19H2,1-5H3,(H-,43,44,45)",CN(C(=O)C(C)(C)C1=CC(=CC(=C1)C(F)(F)F)C(F)(F)F)C1=CN=C(C=C1C1=CC=CC=C1C)N1CC[N+](C)(COP(O)([O-])=O)CC1
DB14025,"['CYP1A2', 'CYP2C19', 'CYP2D6', 'CYP2C9']",Clinafloxacin,"InChI=1S/C17H17ClFN3O3/c18-13-14-10(5-12(19)15(13)21-4-3-8(20)6-21)16(23)11(17(24)25)7-22(14)9-1-2-9/h5,7-9H,1-4,6,20H2,(H,24,25)",NC1CCN(C1)C1=C(F)C=C2C(=O)C(=CN(C3CC3)C2=C1Cl)C(O)=O
DB14029,['CYP1A2'],Furafylline,"InChI=1S/C18H16FN3/c19-18-16(12-3-1-11(9-20)2-4-12)7-13(10-21-18)15-8-14-5-6-17(15)22-14/h1-4,7,10,14-15,17,22H,5-6,8H2",FC1=C(C=C(C=N1)C1CC2CCC1N2)C1=CC=C(C=C1)C#N
DB14033,['CYP2C9'],Acetyl sulfisoxazole,"InChI=1S/C13H15N3O4S/c1-8-9(2)15-20-13(8)16(10(3)17)21(18,19)12-6-4-11(14)5-7-12/h4-7H,14H2,1-3H3",CC(=O)N(C1=C(C)C(C)=NO1)S(=O)(=O)C1=CC=C(N)C=C1
DB14055,"['CYP3A4', 'CYP2C8', 'CYP2C9', 'CYP2C19']",(S)-Warfarin,"InChI=1S/C19H16O4/c1-12(20)11-15(13-7-3-2-4-8-13)17-18(21)14-9-5-6-10-16(14)23-19(17)22/h2-10,15,21H,11H2,1H3/t15-/m0/s1",CC(=O)C[C@@H](C1=CC=CC=C1)C1=C(O)C2=C(OC1=O)C=CC=C2
DB14063,['CYP3A4'],Dexverapamil,"InChI=1S/C27H38N2O4/c1-20(2)27(19-28,22-10-12-24(31-5)26(18-22)33-7)14-8-15-29(3)16-13-21-9-11-23(30-4)25(17-21)32-6/h9-12,17-18,20H,8,13-16H2,1-7H3/t27-/m1/s1",COC1=CC=C(CCN(C)CCC[C@@](C#N)(C(C)C)C2=CC(OC)=C(OC)C=C2)C=C1OC
DB14064,['CYP3A4'],Emopamil,"InChI=1S/C23H30N2/c1-20(2)23(19-24,22-13-8-5-9-14-22)16-10-17-25(3)18-15-21-11-6-4-7-12-21/h4-9,11-14,20H,10,15-18H2,1-3H3",CC(C)C(CCCN(C)CCC1=CC=CC=C1)(C#N)C1=CC=CC=C1
DB14065,['CYP3A4'],Lomerizine,"InChI=1S/C27H30F2N2O3/c1-32-24-13-8-21(26(33-2)27(24)34-3)18-30-14-16-31(17-15-30)25(19-4-9-22(28)10-5-19)20-6-11-23(29)12-7-20/h4-13,25H,14-18H2,1-3H3",COC1=CC=C(CN2CCN(CC2)C(C2=CC=C(F)C=C2)C2=CC=C(F)C=C2)C(OC)=C1OC
DB14066,['CYP3A4'],Tetrandrine,"InChI=1S/C38H42N2O6/c1-39-15-13-25-20-32(42-4)34-22-28(25)29(39)17-23-7-10-27(11-8-23)45-33-19-24(9-12-31(33)41-3)18-30-36-26(14-16-40(30)2)21-35(43-5)37(44-6)38(36)46-34/h7-12,19-22,29-30H,13-18H2,1-6H3/t29-,30-/m0/s1",COC1=CC=C2C[C@@H]3N(C)CCC4=C3C(OC3=CC5=C(CCN(C)[C@H]5CC5=CC=C(OC1=C2)C=C5)C=C3OC)=C(OC)C(OC)=C4
DB14068,['CYP3A4'],Dexniguldipine,"InChI=1S/C36H39N3O6/c1-25-31(34(40)44-3)33(27-12-10-17-30(24-27)39(42)43)32(26(2)37-25)35(41)45-23-11-20-38-21-18-36(19-22-38,28-13-6-4-7-14-28)29-15-8-5-9-16-29/h4-10,12-17,24,33,37H,11,18-23H2,1-3H3/t33-/m1/s1",[H]N1C(C)=C([C@@H](C2=CC(=CC=C2)[N+]([O-])=O)C(C(=O)OCCCN2CCC(CC2)(C2=CC=CC=C2)C2=CC=CC=C2)=C1C)C(=O)OC
DB14132,['CYP1A2'],8-chlorotheophylline,"InChI=1S/C7H7ClN4O2/c1-11-4-3(9-6(8)10-4)5(13)12(2)7(11)14/h1-2H3,(H,9,10)",CN1C2=C(NC(Cl)=N2)C(=O)N(C)C1=O
DB14185,"['CYP3A4', 'CYP2D6', 'CYP3A5', 'CYP3A7']",Aripiprazole lauroxil,"InChI=1S/C36H51Cl2N3O4/c1-2-3-4-5-6-7-8-9-10-16-35(43)45-28-41-33-27-30(19-17-29(33)18-20-34(41)42)44-26-12-11-21-39-22-24-40(25-23-39)32-15-13-14-31(37)36(32)38/h13-15,17,19,27H,2-12,16,18,20-26,28H2,1H3",CCCCCCCCCCCC(=O)OCN1C(=O)CCC2=CC=C(OCCCCN3CCN(CC3)C3=C(Cl)C(Cl)=CC=C3)C=C12
DB14512,"['CYP2C8', 'CYP3A4', 'CYP3A5']",Mometasone furoate,"InChI=1S/C27H30Cl2O6/c1-15-11-19-18-7-6-16-12-17(30)8-9-24(16,2)26(18,29)21(31)13-25(19,3)27(15,22(32)14-28)35-23(33)20-5-4-10-34-20/h4-5,8-10,12,15,18-19,21,31H,6-7,11,13-14H2,1-3H3/t15-,18+,19+,21+,24+,25+,26+,27+/m1/s1",[H][C@@]12C[C@@H](C)[C@](OC(=O)C3=CC=CO3)(C(=O)CCl)[C@@]1(C)C[C@H](O)[C@@]1(Cl)[C@@]2([H])CCC2=CC(=O)C=C[C@]12C
DB14538,"['CYP3A4', 'CYP3A5', 'CYP3A7', 'CYP2C8']",Hydrocortisone aceponate,"InChI=1S/C26H36O7/c1-5-22(31)33-26(21(30)14-32-15(2)27)11-9-19-18-7-6-16-12-17(28)8-10-24(16,3)23(18)20(29)13-25(19,26)4/h12,18-20,23,29H,5-11,13-14H2,1-4H3/t18-,19-,20-,23+,24-,25-,26-/m0/s1",[H][C@@]12CC[C@](OC(=O)CC)(C(=O)COC(C)=O)[C@@]1(C)C[C@H](O)[C@@]1([H])[C@@]2([H])CCC2=CC(=O)CC[C@]12C
DB14539,"['CYP3A4', 'CYP3A5', 'CYP3A7', 'CYP2C8']",Hydrocortisone acetate,"InChI=1S/C23H32O6/c1-13(24)29-12-19(27)23(28)9-7-17-16-5-4-14-10-15(25)6-8-21(14,2)20(16)18(26)11-22(17,23)3/h10,16-18,20,26,28H,4-9,11-12H2,1-3H3/t16-,17-,18-,20+,21-,22-,23-/m0/s1",[H][C@@]12CC[C@](O)(C(=O)COC(C)=O)[C@@]1(C)C[C@H](O)[C@@]1([H])[C@@]2([H])CCC2=CC(=O)CC[C@]12C
DB14540,"['CYP3A4', 'CYP3A5', 'CYP3A7', 'CYP2C8']",Hydrocortisone butyrate,"InChI=1S/C25H36O6/c1-4-5-21(30)31-25(20(29)14-26)11-9-18-17-7-6-15-12-16(27)8-10-23(15,2)22(17)19(28)13-24(18,25)3/h12,17-19,22,26,28H,4-11,13-14H2,1-3H3/t17-,18-,19-,22+,23-,24-,25-/m0/s1",[H][C@@]12CC[C@](OC(=O)CCC)(C(=O)CO)[C@@]1(C)C[C@H](O)[C@@]1([H])[C@@]2([H])CCC2=CC(=O)CC[C@]12C
DB14541,"['CYP3A4', 'CYP3A5', 'CYP3A7', 'CYP2C8']",Hydrocortisone cypionate,"InChI=1S/C29H42O6/c1-27-13-11-20(30)15-19(27)8-9-21-22-12-14-29(34,28(22,2)16-23(31)26(21)27)24(32)17-35-25(33)10-7-18-5-3-4-6-18/h15,18,21-23,26,31,34H,3-14,16-17H2,1-2H3/t21-,22-,23-,26+,27-,28-,29-/m0/s1",[H][C@@]12CC[C@](O)(C(=O)COC(=O)CCC3CCCC3)[C@@]1(C)C[C@H](O)[C@@]1([H])[C@@]2([H])CCC2=CC(=O)CC[C@]12C
DB14542,"['CYP3A4', 'CYP3A5', 'CYP3A7', 'CYP2C8']",Hydrocortisone phosphate,"InChI=1S/C21H31O8P/c1-19-7-5-13(22)9-12(19)3-4-14-15-6-8-21(25,17(24)11-29-30(26,27)28)20(15,2)10-16(23)18(14)19/h9,14-16,18,23,25H,3-8,10-11H2,1-2H3,(H2,26,27,28)/t14-,15-,16-,18+,19-,20-,21-/m0/s1",[H][C@@]12CC[C@](O)(C(=O)COP(O)(O)=O)[C@@]1(C)C[C@H](O)[C@@]1([H])[C@@]2([H])CCC2=CC(=O)CC[C@]12C
DB14543,"['CYP3A4', 'CYP3A5', 'CYP3A7', 'CYP2C8']",Hydrocortisone probutate,"InChI=1S/C28H40O7/c1-5-7-24(33)35-28(22(31)16-34-23(32)6-2)13-11-20-19-9-8-17-14-18(29)10-12-26(17,3)25(19)21(30)15-27(20,28)4/h14,19-21,25,30H,5-13,15-16H2,1-4H3/t19-,20-,21-,25+,26-,27-,28-/m0/s1",[H][C@@]12CC[C@](OC(=O)CCC)(C(=O)COC(=O)CC)[C@@]1(C)C[C@H](O)[C@@]1([H])[C@@]2([H])CCC2=CC(=O)CC[C@]12C
DB14544,"['CYP3A4', 'CYP3A5', 'CYP3A7', 'CYP2C8']",Hydrocortisone valerate,"InChI=1S/C26H38O6/c1-4-5-6-22(31)32-26(21(30)15-27)12-10-19-18-8-7-16-13-17(28)9-11-24(16,2)23(18)20(29)14-25(19,26)3/h13,18-20,23,27,29H,4-12,14-15H2,1-3H3/t18-,19-,20-,23+,24-,25-,26-/m0/s1",[H][C@@]12CC[C@](OC(=O)CCCC)(C(=O)CO)[C@@]1(C)C[C@H](O)[C@@]1([H])[C@@]2([H])CCC2=CC(=O)CC[C@]12C
DB14545,"['CYP3A4', 'CYP2C8']",Hydrocortisone succinate,"InChI=1S/C25H34O8/c1-23-9-7-15(26)11-14(23)3-4-16-17-8-10-25(32,24(17,2)12-18(27)22(16)23)19(28)13-33-21(31)6-5-20(29)30/h11,16-18,22,27,32H,3-10,12-13H2,1-2H3,(H,29,30)/t16-,17-,18-,22+,23-,24-,25-/m0/s1",[H][C@@]12CC[C@](O)(C(=O)COC(=O)CCC(O)=O)[C@@]1(C)C[C@H](O)[C@@]1([H])[C@@]2([H])CCC2=CC(=O)CC[C@]12C
DB14568,"['CYP3A4', 'CYP2B6', 'CYP2C9', 'CYP2C8']",Ivosidenib,"InChI=1S/C28H22ClF3N6O3/c29-21-4-2-1-3-20(21)25(26(40)36-18-11-28(31,32)12-18)37(19-10-17(30)14-34-15-19)27(41)22-5-6-24(39)38(22)23-9-16(13-33)7-8-35-23/h1-4,7-10,14-15,18,22,25H,5-6,11-12H2,(H,36,40)/t22-,25-/m0/s1",[H][C@@](N(C(=O)[C@]1([H])CCC(=O)N1C1=NC=CC(=C1)C#N)C1=CC(F)=CN=C1)(C(=O)NC1CC(F)(F)C1)C1=C(Cl)C=CC=C1
DB14570,['CYP3A4'],Hydroxyprogesterone,"InChI=1S/C21H30O3/c1-13(22)21(24)11-8-18-16-5-4-14-12-15(23)6-9-19(14,2)17(16)7-10-20(18,21)3/h12,16-18,24H,4-11H2,1-3H3/t16-,17+,18+,19+,20+,21+/m1/s1",[H][C@@]12CC[C@](O)(C(C)=O)[C@@]1(C)CC[C@@]1([H])[C@@]2([H])CCC2=CC(=O)CC[C@]12C
DB14575,"['CYP2C19', 'CYP3A4']",Eslicarbazepine,"InChI=1S/C15H14N2O2/c16-15(19)17-12-7-3-1-5-10(12)9-14(18)11-6-2-4-8-13(11)17/h1-8,14,18H,9H2,(H2,16,19)/t14-/m0/s1",NC(=O)N1C2=C(C[C@H](O)C3=C1C=CC=C3)C=CC=C2
DB14583,['CYP3A4'],Segesterone acetate,"InChI=1S/C23H30O4/c1-13-11-21-20-7-5-16-12-17(26)6-8-18(16)19(20)9-10-22(21,4)23(13,14(2)24)27-15(3)25/h12,18-21H,1,5-11H2,2-4H3/t18-,19+,20+,21-,22-,23-/m0/s1",[H][C@@]12CC(=C)[C@](OC(C)=O)(C(C)=O)[C@@]1(C)CC[C@]1([H])[C@@]3([H])CCC(=O)C=C3CC[C@@]21[H]
DB14598,['CYP3A4'],Edetate calcium disodium anhydrous,"InChI=1S/C10H16N2O8.Ca.2Na/c13-7(14)3-11(4-8(15)16)1-2-12(5-9(17)18)6-10(19)20;;;/h1-6H2,(H,13,14)(H,15,16)(H,17,18)(H,19,20);;;/q;+2;2*+1/p-4",[Na+].[Na+].[Ca++].[O-]C(=O)CN(CCN(CC([O-])=O)CC([O-])=O)CC([O-])=O
DB14600,['CYP3A4'],Edetate disodium anhydrous,"InChI=1S/C10H16N2O8.2Na/c13-7(14)3-11(4-8(15)16)1-2-12(5-9(17)18)6-10(19)20;;/h1-6H2,(H,13,14)(H,15,16)(H,17,18)(H,19,20);;/q;2*+1/p-2",[Na+].[Na+].OC(=O)CN(CCN(CC(O)=O)CC([O-])=O)CC([O-])=O
DB14631,"['CYP3A4', 'CYP3A5', 'CYP3A4', 'CYP3A43', 'CYP3A5', 'CYP3A7', 'CYP2A6', 'CYP2B6', 'CYP2C8', 'CYP2C9', 'CYP2C19']",Prednisolone phosphate,"InChI=1S/C21H29O8P/c1-19-7-5-13(22)9-12(19)3-4-14-15-6-8-21(25,17(24)11-29-30(26,27)28)20(15,2)10-16(23)18(14)19/h5,7,9,14-16,18,23,25H,3-4,6,8,10-11H2,1-2H3,(H2,26,27,28)/t14-,15-,16-,18+,19-,20-,21-/m0/s1",[H][C@@]12CC[C@](O)(C(=O)COP(O)(O)=O)[C@@]1(C)C[C@H](O)[C@@]1([H])[C@@]2([H])CCC2=CC(=O)C=C[C@]12C
DB14633,"['CYP3A4', 'CYP3A5']",Prednisolone hemisuccinate,"InChI=1S/C25H32O8/c1-23-9-7-15(26)11-14(23)3-4-16-17-8-10-25(32,24(17,2)12-18(27)22(16)23)19(28)13-33-21(31)6-5-20(29)30/h7,9,11,16-18,22,27,32H,3-6,8,10,12-13H2,1-2H3,(H,29,30)/t16-,17-,18-,22+,23-,24-,25-/m0/s1",[H][C@@]12CC[C@](O)(C(=O)COC(=O)CCC(O)=O)[C@@]1(C)C[C@H](O)[C@@]1([H])[C@@]2([H])CCC2=CC(=O)C=C[C@]12C
DB14634,"['CYP3A4', 'CYP3A5']",Fluprednidene acetate,"InChI=1S/C24H29FO6/c1-13-9-18-17-6-5-15-10-16(27)7-8-21(15,3)23(17,25)19(28)11-22(18,4)24(13,30)20(29)12-31-14(2)26/h7-8,10,17-19,28,30H,1,5-6,9,11-12H2,2-4H3/t17-,18-,19-,21-,22-,23-,24-/m0/s1",[H][C@@]12CC(=C)[C@](O)(C(=O)COC(C)=O)[C@@]1(C)C[C@H](O)[C@@]1(F)[C@@]2([H])CCC2=CC(=O)C=C[C@]12C
DB14635,"['CYP2C19', 'CYP2B6', 'CYP2C9', 'CYP3A4', 'CYP3A5', 'CYP2D6', 'CYP1A2']",Curcumin sulfate,"InChI=1S/C21H20O9S/c1-28-20-11-14(5-9-18(20)24)3-7-16(22)13-17(23)8-4-15-6-10-19(21(12-15)29-2)30-31(25,26)27/h3-12,24H,13H2,1-2H3,(H,25,26,27)/b7-3+,8-4+",COC1=CC(\C=C\C(=O)CC(=O)\C=C\C2=CC=C(OS(O)(=O)=O)C(OC)=C2)=CC=C1O
DB14637,['CYP3A4'],Fluprednisolone acetate,"InChI=1S/C23H29FO6/c1-12(25)30-11-19(28)23(29)7-5-15-14-9-17(24)16-8-13(26)4-6-21(16,2)20(14)18(27)10-22(15,23)3/h4,6,8,14-15,17-18,20,27,29H,5,7,9-11H2,1-3H3/t14-,15-,17-,18-,20+,21-,22-,23-/m0/s1",CC(=O)OCC(=O)[C@@]1(O)CC[C@H]2[C@@H]3C[C@H](F)C4=CC(=O)C=C[C@]4(C)[C@H]3[C@@H](O)C[C@]12C
DB14644,"['CYP3A4', 'CYP3A5']",Methylprednisolone hemisuccinate,"InChI=1S/C26H34O8/c1-14-10-16-17-7-9-26(33,20(29)13-34-22(32)5-4-21(30)31)25(17,3)12-19(28)23(16)24(2)8-6-15(27)11-18(14)24/h6,8,11,14,16-17,19,23,28,33H,4-5,7,9-10,12-13H2,1-3H3,(H,30,31)/t14-,16-,17-,19-,23+,24-,25-,26-/m0/s1",[H][C@@]12CC[C@](O)(C(=O)COC(=O)CCC(O)=O)[C@@]1(C)C[C@H](O)[C@@]1([H])[C@@]2([H])C[C@H](C)C2=CC(=O)C=C[C@]12C
DB14646,"['CYP3A4', 'CYP3A5']",Prednisone acetate,"InChI=1S/C23H28O6/c1-13(24)29-12-19(27)23(28)9-7-17-16-5-4-14-10-15(25)6-8-21(14,2)20(16)18(26)11-22(17,23)3/h6,8,10,16-17,20,28H,4-5,7,9,11-12H2,1-3H3/t16-,17-,20+,21-,22-,23-/m0/s1",[H][C@@]12CC[C@](O)(C(=O)COC(C)=O)[C@@]1(C)CC(=O)[C@@]1([H])[C@@]2([H])CCC2=CC(=O)C=C[C@]12C
DB14649,"['CYP3A4', 'CYP3A5', 'CYP3A7', 'CYP1A1', 'CYP2A6', 'CYP2B6', 'CYP2C19', 'CYP2C8', 'CYP2E1', 'CYP3A43']",Dexamethasone acetate,"InChI=1S/C24H31FO6/c1-13-9-18-17-6-5-15-10-16(27)7-8-21(15,3)23(17,25)19(28)11-22(18,4)24(13,30)20(29)12-31-14(2)26/h7-8,10,13,17-19,28,30H,5-6,9,11-12H2,1-4H3/t13-,17+,18+,19+,21+,22+,23+,24+/m1/s1",[H][C@@]12C[C@@H](C)[C@](O)(C(=O)COC(C)=O)[C@@]1(C)C[C@H](O)[C@@]1(F)[C@@]2([H])CCC2=CC(=O)C=C[C@]12C
DB14652,"['CYP3A4', 'CYP3A5']",Clocortolone acetate,"InChI=1S/C24H30ClFO5/c1-12-7-15-16-9-18(26)17-8-14(28)5-6-23(17,4)24(16,25)20(30)10-22(15,3)21(12)19(29)11-31-13(2)27/h5-6,8,12,15-16,18,20-21,30H,7,9-11H2,1-4H3/t12-,15+,16+,18+,20+,21-,22+,23+,24+/m1/s1",[H][C@@]12C[C@@H](C)[C@H](C(=O)COC(C)=O)[C@@]1(C)C[C@H](O)[C@@]1(Cl)[C@@]2([H])C[C@H](F)C2=CC(=O)C=C[C@]12C
DB14659,"['CYP3A4', 'CYP3A5']",Melengestrol acetate,"InChI=1S/C25H32O4/c1-14-11-19-20(23(5)9-7-18(28)13-21(14)23)8-10-24(6)22(19)12-15(2)25(24,16(3)26)29-17(4)27/h11,13,19-20,22H,2,7-10,12H2,1,3-6H3/t19-,20+,22+,23-,24+,25+/m1/s1",[H][C@@]12CC(=C)[C@](OC(C)=O)(C(C)=O)[C@@]1(C)CC[C@@]1([H])[C@@]2([H])C=C(C)C2=CC(=O)CC[C@]12C
DB14669,"['CYP3A4', 'CYP3A5']",Betamethasone phosphate,"InChI=1S/C22H30FO8P/c1-12-8-16-15-5-4-13-9-14(24)6-7-19(13,2)21(15,23)17(25)10-20(16,3)22(12,27)18(26)11-31-32(28,29)30/h6-7,9,12,15-17,25,27H,4-5,8,10-11H2,1-3H3,(H2,28,29,30)/t12-,15-,16-,17-,19-,20-,21-,22-/m0/s1",[H][C@@]12C[C@H](C)[C@](O)(C(=O)COP(O)(O)=O)[C@@]1(C)C[C@H](O)[C@@]1(F)[C@@]2([H])CCC2=CC(=O)C=C[C@]12C
DB14678,['CYP3A4'],Norethindrone enanthate,"InChI=1S/C27H38O3/c1-4-6-7-8-9-25(29)30-27(5-2)17-15-24-23-12-10-19-18-20(28)11-13-21(19)22(23)14-16-26(24,27)3/h2,18,21-24H,4,6-17H2,1,3H3/t21-,22+,23+,24-,26-,27-/m0/s1",[H][C@@]12CC[C@@](OC(=O)CCCCCC)(C#C)[C@@]1(C)CC[C@]1([H])[C@@]3([H])CCC(=O)C=C3CC[C@@]21[H]
DB14681,"['CYP3A4', 'CYP3A5']",Cortisone,"InChI=1S/C21H28O5/c1-19-7-5-13(23)9-12(19)3-4-14-15-6-8-21(26,17(25)11-22)20(15,2)10-16(24)18(14)19/h9,14-15,18,22,26H,3-8,10-11H2,1-2H3/t14-,15-,18+,19-,20-,21-/m0/s1",[H][C@@]12CC[C@](O)(C(=O)CO)[C@@]1(C)CC(=O)[C@@]1([H])[C@@]2([H])CCC2=CC(=O)CC[C@]12C
DB14723,['CYP3A4'],Larotrectinib,"InChI=1S/C21H22F2N6O2/c22-13-3-4-16(23)15(10-13)18-2-1-7-28(18)19-6-9-29-20(26-19)17(11-24-29)25-21(31)27-8-5-14(30)12-27/h3-4,6,9-11,14,18,30H,1-2,5,7-8,12H2,(H,25,31)/t14-,18+/m0/s1",O[C@H]1CCN(C1)C(=O)NC1=C2N=C(C=CN2N=C1)N1CCC[C@@H]1C1=C(F)C=CC(F)=C1
DB14737,"['CYP3A4', 'CYP2C9', 'CYP2B6', 'CYP2E1', 'CYP1A2', 'CYP2C19', 'CYP1A1', 'CYP2A6', 'CYP2D6', 'CYP3A5', 'CYP3A7']",Cannabinol,"InChI=1S/C21H26O2/c1-5-6-7-8-15-12-18(22)20-16-11-14(2)9-10-17(16)21(3,4)23-19(20)13-15/h9-13,22H,5-8H2,1-4H3",CCCCCC1=CC2=C(C(O)=C1)C1=C(C=CC(C)=C1)C(C)(C)O2
DB14761,"['CYP3A4', 'CYP2C8', 'CYP2D6']",Remdesivir,"InChI=1S/C27H35N6O8P/c1-4-18(5-2)13-38-26(36)17(3)32-42(37,41-19-9-7-6-8-10-19)39-14-21-23(34)24(35)27(15-28,40-21)22-12-11-20-25(29)30-16-31-33(20)22/h6-12,16-18,21,23-24,34-35H,4-5,13-14H2,1-3H3,(H,32,37)(H2,29,30,31)/t17-,21+,23+,24+,27-,42-/m0/s1",CCC(CC)COC(=O)[C@H](C)N[P@](=O)(OC[C@H]1O[C@](C#N)([C@H](O)[C@@H]1O)C1=CC=C2N1N=CN=C2N)OC1=CC=CC=C1
DB14766,"['CYP2C8', 'CYP2C9', 'CYP2C19', 'CYP3A4']",Etrasimod,"InChI=1S/C26H26F3NO3/c27-26(28,29)22-11-15(5-8-19(22)16-3-1-2-4-16)14-33-18-7-10-23-21(13-18)20-9-6-17(12-24(31)32)25(20)30-23/h5,7-8,10-11,13,16-17,30H,1-4,6,9,12,14H2,(H,31,32)/t17-/m1/s1",OC(=O)C[C@H]1CCC2=C1NC1=C2C=C(OCC2=CC(=C(C=C2)C2CCCC2)C(F)(F)F)C=C1
DB14840,"['CYP2C8', 'CYP3A4', 'CYP2D6', 'CYP2E1']",Ripretinib,"InChI=1S/C24H21BrFN5O2/c1-3-31-21-12-22(27-2)28-13-14(21)9-17(23(31)32)16-10-20(19(26)11-18(16)25)30-24(33)29-15-7-5-4-6-8-15/h4-13H,3H2,1-2H3,(H,27,28)(H2,29,30,33)",CCN1C(=O)C(=CC2=C1C=C(NC)N=C2)C1=C(Br)C=C(F)C(NC(=O)NC2=CC=CC=C2)=C1
DB14881,"['CYP3A4', 'CYP2D6', 'CYP2C9', 'CYP2C19']",Oliceridine,"InChI=1S/C22H30N2O2S/c1-25-18-7-15-27-19(18)16-23-13-10-21(20-6-2-5-12-24-20)11-14-26-22(17-21)8-3-4-9-22/h2,5-7,12,15,23H,3-4,8-11,13-14,16-17H2,1H3/t21-/m1/s1",COC1=C(CNCC[C@]2(CCOC3(CCCC3)C2)C2=NC=CC=C2)SC=C1
DB14895,['CYP3A4'],Vibegron,"InChI=1S/C26H28N4O3/c31-24-14-15-27-23-13-12-22(30(23)24)26(33)29-19-8-6-17(7-9-19)16-20-10-11-21(28-20)25(32)18-4-2-1-3-5-18/h1-9,14-15,20-22,25,28,32H,10-13,16H2,(H,29,33)/t20-,21+,22-,25+/m0/s1",[H][C@@]1(CC[C@@H](CC2=CC=C(NC(=O)[C@@H]3CCC4=NC=CC(=O)N34)C=C2)N1)[C@H](O)C1=CC=CC=C1
DB14921,"['CYP2C8', 'CYP3A5', 'CYP2C9', 'CYP2C19', 'CYP3A4', 'CYP2B6', 'CYP2D6']",Mavacamten,"InChI=1S/C15H19N3O2/c1-10(2)18-14(19)9-13(17-15(18)20)16-11(3)12-7-5-4-6-8-12/h4-11,16H,1-3H3,(H,17,20)/t11-/m0/s1",CC(C)N1C(=O)NC(N[C@@H](C)C2=CC=CC=C2)=CC1=O
DB14924,"['CYP3A4', 'CYP2C8', 'CYP1A2', 'CYP2C9']",Ritlecitinib,"InChI=1S/C15H19N5O/c1-3-13(21)20-8-11(5-4-10(20)2)19-15-12-6-7-16-14(12)17-9-18-15/h3,6-7,9-11H,1,4-5,8H2,2H3,(H2,16,17,18,19)/t10-,11+/m0/s1",C[C@H]1CC[C@H](CN1C(=O)C=C)NC1=NC=NC2=C1C=CN2
DB14973,"['CYP2C19', 'CYP2C9', 'CYP3A4', 'CYP2B6']",Abrocitinib,"InChI=1S/C14H21N5O2S/c1-3-6-22(20,21)18-10-7-11(8-10)19(2)14-12-4-5-15-13(12)16-9-17-14/h4-5,9-11,18H,3,6-8H2,1-2H3,(H,15,16,17)/t10-,11+",CCCS(=O)(=O)N[C@H]1C[C@H](C1)N(C)C1=C2C=CNC2=NC=N1
DB14975,"['CYP3A4', 'CYP2C9', 'CYP2B6', 'CYP2C19']",Voxelotor,"InChI=1S/C19H19N3O3/c1-13(2)22-16(8-10-21-22)19-14(5-4-9-20-19)12-25-18-7-3-6-17(24)15(18)11-23/h3-11,13,24H,12H2,1-2H3",CC(C)N1N=CC=C1C1=C(COC2=CC=CC(O)=C2C=O)C=CC=N1
DB14989,"['CYP2C9', 'CYP1A2', 'CYP3A4']",Umbralisib,"InChI=1S/C31H24F3N5O3/c1-15(2)41-24-9-7-18(12-22(24)34)27-26-30(35)36-14-37-31(26)39(38-27)16(3)29-25(17-5-4-6-19(32)11-17)28(40)21-13-20(33)8-10-23(21)42-29/h4-16H,1-3H3,(H2,35,36,37)/t16-/m0/s1",CC(C)OC1=C(F)C=C(C=C1)C1=NN([C@@H](C)C2=C(C3=CC=CC(F)=C3)C(=O)C3=CC(F)=CC=C3O2)C2=C1C(N)=NC=N2
DB15011,"['CYP3A4', 'CYP2C9', 'CYP1A2', 'CYP2B6']",Avacopan,"InChI=1S/C33H35F4N3O2/c1-20-12-15-25(19-27(20)33(35,36)37)39-31(41)26-10-6-18-40(32(42)29-21(2)7-5-11-28(29)34)30(26)22-13-16-24(17-14-22)38-23-8-3-4-9-23/h5,7,11-17,19,23,26,30,38H,3-4,6,8-10,18H2,1-2H3,(H,39,41)/t26-,30-/m0/s1",CC1=CC=C(NC(=O)[C@H]2CCCN([C@H]2C2=CC=C(NC3CCCC3)C=C2)C(=O)C2=C(F)C=CC=C2C)C=C1C(F)(F)F
DB15031,['CYP3A4'],Daridorexant,"InChI=1S/C23H23ClN6O2/c1-14-17(24)6-7-18-20(14)28-22(27-18)23(2)9-4-12-29(23)21(31)16-13-15(32-3)5-8-19(16)30-25-10-11-26-30/h5-8,10-11,13H,4,9,12H2,1-3H3,(H,27,28)/t23-/m0/s1",COC1=CC(C(=O)N2CCC[C@@]2(C)C2=NC3=C(N2)C=CC(Cl)=C3C)=C(C=C1)N1N=CC=N1
DB15035,"['CYP3A4', 'CYP2B6', 'CYP3A4', 'CYP3A43', 'CYP3A5', 'CYP3A7']",Zanubrutinib,"InChI=1S/C27H29N5O3/c1-2-23(33)31-16-13-18(14-17-31)22-12-15-29-27-24(26(28)34)25(30-32(22)27)19-8-10-21(11-9-19)35-20-6-4-3-5-7-20/h2-11,18,22,29H,1,12-17H2,(H2,28,34)/t22-/m0/s1",NC(=O)C1=C2NCC[C@@H](C3CCN(CC3)C(=O)C=C)N2N=C1C1=CC=C(OC2=CC=CC=C2)C=C1
DB15059,"['CYP3A4', 'CYP2C8', 'CYP2C9', 'CYP2C19']",Aprocitentan,"InChI=1S/C16H14Br2N6O4S/c17-11-3-1-10(2-4-11)13-14(24-29(19,25)26)22-9-23-15(13)27-5-6-28-16-20-7-12(18)8-21-16/h1-4,7-9H,5-6H2,(H2,19,25,26)(H,22,23,24)",NS(=O)(=O)NC1=C(C(OCCOC2=NC=C(Br)C=N2)=NC=N1)C1=CC=C(Br)C=C1
DB15091,"['CYP3A4', 'CYP2D6']",Upadacitinib,"InChI=1S/C17H19F3N6O/c1-2-10-7-25(16(27)24-9-17(18,19)20)8-11(10)13-5-22-14-6-23-15-12(26(13)14)3-4-21-15/h3-6,10-11,21H,2,7-9H2,1H3,(H,24,27)/t10-,11+/m1/s1",CC[C@@H]1CN(C[C@@H]1C1=CN=C2C=NC3=C(C=CN3)N12)C(=O)NCC(F)(F)F
DB15102,['CYP3A4'],Pemigatinib,"InChI=1S/C24H27F2N5O4/c1-4-30-21-14(11-27-23-16(21)9-15(28-23)13-29-5-7-35-8-6-29)12-31(24(30)32)22-19(25)17(33-2)10-18(34-3)20(22)26/h9-11H,4-8,12-13H2,1-3H3,(H,27,28)",CCN1C(=O)N(CC2=CN=C3NC(CN4CCOCC4)=CC3=C12)C1=C(F)C(OC)=CC(OC)=C1F
DB15114,"['CYP3A4', 'CYP3A5', 'CYP2C8']",Vamorolone,"InChI=1S/C22H28O4/c1-13-10-18-16-5-4-14-11-15(24)6-8-20(14,2)17(16)7-9-21(18,3)22(13,26)19(25)12-23/h6-8,11,13,16,18,23,26H,4-5,9-10,12H2,1-3H3/t13-,16-,18+,20+,21+,22+/m1/s1",C[C@@H]1C[C@H]2[C@@H]3CCC4=CC(=O)C=C[C@]4(C)C3=CC[C@]2(C)[C@@]1(O)C(=O)CO
DB15133,"['CYP3A4', 'CYP2C8', 'CYP2C9']",Tepotinib,"InChI=1S/C29H28N6O2/c1-34-12-10-21(11-13-34)20-37-26-17-31-29(32-18-26)25-7-3-5-23(15-25)19-35-28(36)9-8-27(33-35)24-6-2-4-22(14-24)16-30/h2-9,14-15,17-18,21H,10-13,19-20H2,1H3",CN1CCC(COC2=CN=C(N=C2)C2=CC(CN3N=C(C=CC3=O)C3=CC(=CC=C3)C#N)=CC=C2)CC1
DB15149,"['CYP3A4', 'CYP2C9', 'CYP2D6']",Futibatinib,"InChI=1S/C22H22N6O3/c1-4-19(29)27-8-7-15(12-27)28-22-20(21(23)24-13-25-22)18(26-28)6-5-14-9-16(30-2)11-17(10-14)31-3/h4,9-11,13,15H,1,7-8,12H2,2-3H3,(H2,23,24,25)/t15-/m0/s1",COC1=CC(=CC(OC)=C1)C#CC1=NN([C@H]2CCN(C2)C(=O)C=C)C2=C1C(N)=NC=N2
DB15233,"['CYP3A4', 'CYP2C9']",Avapritinib,"InChI=1S/C26H27FN10/c1-26(28,20-3-5-22(27)6-4-20)21-13-29-25(30-14-21)36-9-7-35(8-10-36)24-23-11-18(16-37(23)33-17-31-24)19-12-32-34(2)15-19/h3-6,11-17H,7-10,28H2,1-2H3/t26-/m0/s1",CN1C=C(C=N1)C1=CN2N=CN=C(N3CCN(CC3)C3=NC=C(C=N3)[C@@](C)(N)C3=CC=C(F)C=C3)C2=C1
DB15266,"['CYP2C8', 'CYP3A4', 'CYP2C9', 'CYP2C19', 'CYP1A2', 'CYP2B6']",Tovorafenib,"InChI=1S/C17H12Cl2F3N7O2S/c1-6(28-15(31)12-11(19)13(23)27-5-26-12)16-25-4-9(32-16)14(30)29-10-2-7(17(20,21)22)8(18)3-24-10/h2-6H,1H3,(H,28,31)(H2,23,26,27)(H,24,29,30)/t6-/m1/s1",C[C@@H](NC(=O)C1=C(Cl)C(N)=NC=N1)C1=NC=C(S1)C(=O)NC1=NC=C(Cl)C(=C1)C(F)(F)F
DB15275,"['CYP3A4', 'CYP3A43', 'CYP3A5', 'CYP3A7', 'CYP2B6']",Inavolisib,"InChI=1S/C18H19F2N5O4/c1-9(16(21)26)22-10-2-3-11-13(6-10)28-5-4-24-7-14(23-17(11)24)25-12(15(19)20)8-29-18(25)27/h2-3,6-7,9,12,15,22H,4-5,8H2,1H3,(H2,21,26)/t9-,12-/m0/s1",C[C@H](NC1=CC=C2C3=NC(=CN3CCOC2=C1)N1[C@@H](COC1=O)C(F)F)C(N)=O
DB15305,"['CYP1A1', 'CYP3A4', 'CYP3A7', 'CYP3A4', 'CYP3A43', 'CYP3A5', 'CYP3A7']",Risdiplam,"InChI=1S/C22H23N7O/c1-14-9-18(26-29-11-15(2)24-21(14)29)17-10-20(30)28-12-16(3-4-19(28)25-17)27-8-7-23-22(13-27)5-6-22/h3-4,9-12,23H,5-8,13H2,1-2H3",CC1=CN2N=C(C=C(C)C2=N1)C1=CC(=O)N2C=C(C=CC2=N1)N1CCNC2(CC2)C1
DB15328,"['CYP3A4', 'CYP2C8', 'CYP2C9', 'CYP2C19', 'CYP2D6']",Ubrogepant,"InChI=1S/C29H26F3N5O3/c1-16-20(17-6-3-2-4-7-17)11-22(26(39)37(16)15-29(30,31)32)35-25(38)19-10-18-12-28(13-23(18)34-14-19)21-8-5-9-33-24(21)36-27(28)40/h2-10,14,16,20,22H,11-13,15H2,1H3,(H,35,38)(H,33,36,40)/t16-,20-,22+,28+/m1/s1",C[C@@H]1[C@@H](C[C@H](NC(=O)C2=CN=C3C[C@]4(CC3=C2)C(=O)NC2=NC=CC=C42)C(=O)N1CC(F)(F)F)C1=CC=CC=C1
DB15357,"['CYP2D6', 'CYP2B6', 'CYP1A2', 'CYP2C9', 'CYP2C19', 'CYP3A4']",Xanomeline,"InChI=1S/C14H23N3OS/c1-3-4-5-6-10-18-14-13(15-19-16-14)12-8-7-9-17(2)11-12/h8H,3-7,9-11H2,1-2H3",CCCCCCOC1=NSN=C1C1=CCCN(C)C1
DB15442,['CYP1A2'],Trilaciclib,"InChI=1S/C24H30N8O/c1-30-9-11-31(12-10-30)18-5-6-20(25-15-18)28-23-26-14-17-13-19-22(33)27-16-24(7-3-2-4-8-24)32(19)21(17)29-23/h5-6,13-15H,2-4,7-12,16H2,1H3,(H,27,33)(H,25,26,28,29)",CN1CCN(CC1)C1=CN=C(NC2=NC3=C(C=C4N3C3(CCCCC3)CNC4=O)C=N2)C=C1
DB15444,"['CYP3A4', 'CYP3A5', 'CYP1A2', 'CYP2B6', 'CYP2C8', 'CYP2C9', 'CYP2C19', 'CYP2D6']",Elexacaftor,"InChI=1S/C26H34F3N7O4S/c1-16-12-25(5,6)35(13-16)22-18(23(37)33-41(38,39)19-14-34(7)31-17(19)2)8-9-20(30-22)36-11-10-21(32-36)40-15-24(3,4)26(27,28)29/h8-11,14,16H,12-13,15H2,1-7H3,(H,33,37)/t16-/m0/s1",C[C@@H]1CN(C2=NC(=CC=C2C(=O)NS(=O)(=O)C2=CN(C)N=C2C)N2C=CC(OCC(C)(C)C(F)(F)F)=N2)C(C)(C)C1
DB15463,"['CYP2C19', 'CYP3A4']",Belzutifan,"InChI=1S/C17H12F3NO4S/c1-26(23,24)12-3-2-11(13-14(12)17(22)16(20)15(13)19)25-10-5-8(7-21)4-9(18)6-10/h2-6,15-17,22H,1H3/t15-,16-,17+/m1/s1",CS(=O)(=O)C1=CC=C(OC2=CC(=CC(F)=C2)C#N)C2=C1[C@H](O)[C@H](F)[C@@H]2F
DB15489,['CYP3A4'],Mexazolam,"InChI=1S/C18H16Cl2N2O2/c1-11-10-24-18(13-4-2-3-5-15(13)20)14-8-12(19)6-7-16(14)21-17(23)9-22(11)18/h2-8,11H,9-10H2,1H3,(H,21,23)",CC1COC2(N1CC(O)=NC1=C2C=C(Cl)C=C1)C1=CC=CC=C1Cl
DB15490,['CYP3A4'],Zuranolone,"InChI=1S/C25H35N3O2/c1-24(30)9-7-18-17(11-24)3-4-20-19(18)8-10-25(2)21(20)5-6-22(25)23(29)15-28-14-16(12-26)13-27-28/h13-14,17-22,30H,3-11,15H2,1-2H3/t17-,18+,19-,20-,21+,22-,24-,25+/m1/s1",[H][C@@]1(CC[C@@]2([H])[C@]3([H])CC[C@]4([H])C[C@](C)(O)CC[C@]4([H])[C@@]3([H])CC[C@]12C)C(=O)CN1C=C(C=N1)C#N
DB15566,['CYP3A4'],Prednisolone acetate,"InChI=1S/C23H30O6/c1-13(24)29-12-19(27)23(28)9-7-17-16-5-4-14-10-15(25)6-8-21(14,2)20(16)18(26)11-22(17,23)3/h6,8,10,16-18,20,26,28H,4-5,7,9,11-12H2,1-3H3/t16-,17-,18-,20+,21-,22-,23-/m0/s1",[H][C@@]12CC[C@](O)(C(=O)COC(C)=O)[C@@]1(C)C[C@]([H])(O)[C@@]1([H])[C@@]2([H])CCC2=CC(=O)C=C[C@]12C
DB15568,"['CYP3A4', 'CYP2C8', 'CYP1A2', 'CYP2B6', 'CYP2C9', 'CYP2D6']",Adagrasib,"InChI=1S/C32H35ClFN7O2/c1-21(34)31(42)41-17-16-40(18-23(41)11-13-35)30-25-12-15-39(28-10-4-7-22-6-3-9-26(33)29(22)28)19-27(25)36-32(37-30)43-20-24-8-5-14-38(24)2/h3-4,6-7,9-10,23-24H,1,5,8,11-12,14-20H2,2H3/t23-,24-/m0/s1",[H][C@@]1(COC2=NC3=C(CCN(C3)C3=CC=CC4=C3C(Cl)=CC=C4)C(=N2)N2CCN(C(=O)C(F)=C)[C@@]([H])(CC#N)C2)CCCN1C
DB15569,"['CYP3A4', 'CYP3A43', 'CYP3A5', 'CYP3A7', 'CYP2C8', 'CYP2C9', 'CYP2B6']",Sotorasib,"InChI=1S/C30H30F2N6O3/c1-6-23(40)36-12-13-37(18(5)15-36)28-19-14-21(32)26(24-20(31)8-7-9-22(24)39)34-29(19)38(30(41)35-28)27-17(4)10-11-33-25(27)16(2)3/h6-11,14,16,18,39H,1,12-13,15H2,2-5H3/t18-/m0/s1",CC(C)C1=NC=CC(C)=C1N1C(=O)N=C(N2CCN(C[C@@H]2C)C(=O)C=C)C2=CC(F)=C(N=C12)C1=C(O)C=CC=C1F
DB15636,[],Zilucoplan,"InChI=1S/C172H278N24O55/c1-9-10-11-12-13-14-15-16-17-18-19-20-27-44-146(202)182-136(170(226)227)53-56-144(200)177-64-67-229-69-71-231-73-75-233-77-79-235-81-83-237-85-87-239-89-91-241-93-95-243-97-99-245-101-103-247-105-107-249-109-111-251-113-112-250-110-108-248-106-104-246-102-100-244-98-96-242-94-92-240-90-88-238-86-84-236-82-80-234-78-76-232-74-72-230-70-68-228-66-59-145(201)175-60-31-29-41-135(169(224)225)186-165(220)152(126-37-25-22-26-38-126)193-162(217)142-43-34-65-196(142)168(223)140(116-125-47-51-129(199)52-48-125)190-157(212)133(54-57-148(204)205)184-161(216)139(117-127-120-180-154-130(127)39-32-62-178-154)188-159(214)138(115-124-45-49-128(198)50-46-124)189-166(221)153(172(5,6)7)194-163(218)143(119-150(208)209)195(8)167(222)141-118-147(203)176-61-30-28-40-131(181-122(4)197)158(213)192-151(121(2)3)164(219)185-134(55-58-149(206)207)156(211)183-132(42-33-63-179-171(173)174)155(210)187-137(160(215)191-141)114-123-35-23-21-24-36-123/h21,23-24,32,35-36,39,45-52,62,120-121,126,131-143,151-153,198-199H,9-20,22,25-31,33-34,37-38,40-44,53-61,63-119H2,1-8H3,(H,175,201)(H,176,203)(H,177,200)(H,178,180)(H,181,197)(H,182,202)(H,183,211)(H,184,216)(H,185,219)(H,186,220)(H,187,210)(H,188,214)(H,189,221)(H,190,212)(H,191,215)(H,192,213)(H,193,217)(H,194,218)(H,204,205)(H,206,207)(H,208,209)(H,224,225)(H,226,227)(H4,173,174,179)/t131-,132-,133-,134-,135-,136-,137-,138-,139-,140-,141-,142-,143-,151-,152-,153+/m0/s1",CCCCCCCCCCCCCCCC(=O)N[C@@H](CCC(=O)NCCOCCOCCOCCOCCOCCOCCOCCOCCOCCOCCOCCOCCOCCOCCOCCOCCOCCOCCOCCOCCOCCOCCOCCOCCC(=O)NCCCC[C@H](NC(=O)[C@@H](NC(=O)[C@@H]1CCCN1C(=O)[C@H](CC1=CC=C(O)C=C1)NC(=O)[C@H](CCC(O)=O)NC(=O)[C@H](CC1=CNC2=NC=CC=C12)NC(=O)[C@H](CC1=CC=C(O)C=C1)NC(=O)[C@@H](NC(=O)[C@H](CC(O)=O)N(C)C(=O)[C@@H]1CC(=O)NCCCC[C@H](NC(C)=O)C(=O)N[C@@H](C(C)C)C(=O)N[C@@H](CCC(O)=O)C(=O)N[C@@H](CCCNC(N)=N)C(=O)N[C@@H](CC2=CC=CC=C2)C(=O)N1)C(C)(C)C)C1CCCCC1)C(O)=O)C(O)=O
DB15669,"['CYP1A2', 'CYP2C9', 'CYP2C19']",Fezolinetant,"InChI=1S/C16H15FN6OS/c1-9-13-19-20-14(15-18-10(2)21-25-15)23(13)8-7-22(9)16(24)11-3-5-12(17)6-4-11/h3-6,9H,7-8H2,1-2H3/t9-/m1/s1",C[C@H]1N(CCN2C1=NN=C2C1=NC(C)=NS1)C(=O)C1=CC=C(F)C=C1
DB15673,['CYP3A4'],Lenacapavir,"InChI=1S/C39H32ClF10N7O5S2/c1-36(2,63(3,59)60)10-9-21-5-6-22(23-7-8-26(40)30-32(23)57(17-37(43,44)45)54-35(30)55-64(4,61)62)31(51-21)27(13-18-11-19(41)14-20(42)12-18)52-28(58)16-56-34-29(33(53-56)39(48,49)50)24-15-25(24)38(34,46)47/h5-8,11-12,14,24-25,27H,13,15-17H2,1-4H3,(H,52,58)(H,54,55)/t24-,25+,27-/m0/s1",[H][C@]12C[C@@]1([H])C(F)(F)C1=C2C(=NN1CC(=O)N[C@@H](CC1=CC(F)=CC(F)=C1)C1=NC(=CC=C1C1=CC=C(Cl)C2=C1N(CC(F)(F)F)N=C2NS(C)(=O)=O)C#CC(C)(C)S(C)(=O)=O)C(F)(F)F
DB15685,"['CYP3A4', 'CYP2C8', 'CYP3A4', 'CYP3A43', 'CYP3A5', 'CYP3A7']",Selpercatinib,"InChI=1S/C29H31N7O3/c1-29(2,37)18-39-24-9-25(28-21(10-30)13-33-36(28)17-24)20-5-6-26(31-12-20)34-15-22-8-23(16-34)35(22)14-19-4-7-27(38-3)32-11-19/h4-7,9,11-13,17,22-23,37H,8,14-16,18H2,1-3H3",COC1=NC=C(CN2C3CC2CN(C3)C2=CC=C(C=N2)C2=CC(OCC(C)(C)O)=CN3N=CC(C#N)=C23)C=C1
DB15688,"['CYP3A4', 'CYP2D6']",Zavegepant,"InChI=1S/C36H46N8O3/c1-24-19-25(20-28-23-37-40-33(24)28)21-32(35(46)43-17-15-42(16-18-43)29-9-11-41(2)12-10-29)39-36(47)44-13-7-26(8-14-44)30-22-27-5-3-4-6-31(27)38-34(30)45/h3-6,19-20,22-23,26,29,32H,7-18,21H2,1-2H3,(H,37,40)(H,38,45)(H,39,47)/t32-/m1/s1",CN1CCC(CC1)N1CCN(CC1)C(=O)[C@@H](CC1=CC2=C(NN=C2)C(C)=C1)NC(=O)N1CCC(CC1)C1=CC2=C(NC1=O)C=CC=C2
DB15822,"['CYP3A4', 'CYP3A5', 'CYP2D6', 'CYP1A2', 'CYP2C8', 'CYP2C9']",Pralsetinib,"InChI=1S/C27H32FN9O2/c1-16-11-22(33-23-12-17(2)35-36-23)34-25(31-16)19-7-9-27(39-4,10-8-19)26(38)32-18(3)20-5-6-24(29-13-20)37-15-21(28)14-30-37/h5-6,11-15,18-19H,7-10H2,1-4H3,(H,32,38)(H2,31,33,34,35,36)/t18-,19-,27+/m0/s1",CO[C@@]1(CC[C@@H](CC1)C1=NC(NC2=NNC(C)=C2)=CC(C)=N1)C(=O)N[C@@H](C)C1=CC=C(N=C1)N1C=C(F)C=N1
DB15982,"['CYP2D6', 'CYP3A4']",Berotralstat,"InChI=1S/C30H26F4N6O/c31-24-10-9-22(28(37-17-18-7-8-18)21-5-1-3-19(11-21)15-35)13-25(24)38-29(41)26-14-27(30(32,33)34)39-40(26)23-6-2-4-20(12-23)16-36/h1-6,9-14,18,28,37H,7-8,16-17,36H2,(H,38,41)/t28-/m1/s1",NCC1=CC(=CC=C1)N1N=C(C=C1C(=O)NC1=CC(=CC=C1F)[C@H](NCC1CC1)C1=CC=CC(=C1)C#N)C(F)(F)F
DB16098,['CYP3A4'],Atogepant,"InChI=1S/C29H23F6N5O3/c1-13-16(22-18(30)4-5-19(31)23(22)32)8-20(26(42)40(13)12-29(33,34)35)38-25(41)15-7-14-9-28(10-21(14)37-11-15)17-3-2-6-36-24(17)39-27(28)43/h2-7,11,13,16,20H,8-10,12H2,1H3,(H,38,41)(H,36,39,43)/t13-,16-,20+,28+/m1/s1",C[C@@H]1[C@@H](C[C@H](NC(=O)C2=CN=C3C[C@]4(CC3=C2)C(=O)NC2=C4C=CC=N2)C(=O)N1CC(F)(F)F)C1=C(F)C(F)=CC=C1F
DB16157,"['CYP2C9', 'CYP2D6']",Ensifentrine,"InChI=1S/C26H31N5O4/c1-15-10-16(2)24(17(3)11-15)29-23-14-20-19-13-22(35-5)21(34-4)12-18(19)6-8-30(20)26(33)31(23)9-7-28-25(27)32/h10-14H,6-9H2,1-5H3,(H3,27,28,32)/b29-23+",COC1=C(OC)C=C2C(CCN3C(=O)N(CCNC(N)=O)\C(C=C23)=N\C2=C(C)C=C(C)C=C2C)=C1
DB16165,"['CYP3A4', 'CYP2C8', 'CYP1A1']",Finerenone,"InChI=1S/C21H22N4O3/c1-5-28-21-18-17(14-7-6-13(9-22)8-15(14)27-4)16(20(23)26)12(3)25-19(18)11(2)10-24-21/h6-8,10,17,25H,5H2,1-4H3,(H2,23,26)/t17-/m1/s1",CCOC1=NC=C(C)C2=C1[C@H](C1=CC=C(C=C1OC)C#N)C(C(N)=O)=C(C)N2
DB16200,"['CYP2C8', 'CYP2D6']",Iptacopan,"InChI=1S/C25H30N2O4/c1-4-31-19-10-12-27(22(14-19)17-5-7-18(8-6-17)25(28)29)15-21-20-9-11-26-24(20)16(2)13-23(21)30-3/h5-9,11,13,19,22,26H,4,10,12,14-15H2,1-3H3,(H,28,29)/t19-,22-/m0/s1",CCO[C@H]1CCN(CC2=C(OC)C=C(C)C3=C2C=CN3)[C@@H](C1)C1=CC=C(C=C1)C(O)=O
DB16216,['CYP3A4'],Lazertinib,"InChI=1S/C30H34N8O3/c1-5-28(39)32-23-17-24(26(40-4)18-25(23)37-13-15-41-16-14-37)33-30-31-12-11-27(34-30)38-20-22(19-36(2)3)29(35-38)21-9-7-6-8-10-21/h5-12,17-18,20H,1,13-16,19H2,2-4H3,(H,32,39)(H,31,33,34)",COC1=C(NC2=NC=CC(=N2)N2C=C(CN(C)C)C(=N2)C2=CC=CC=C2)C=C(NC(=O)C=C)C(=C1)N1CCOCC1
DB16217,"['CYP1A2', 'CYP3A4', 'CYP3A5', 'CYP2D6', 'CYP1A1']",Leniolisib,"InChI=1S/C21H25F3N6O2/c1-3-18(31)30-6-4-13(10-30)28-19-15-11-29(7-5-17(15)26-12-27-19)14-8-16(21(22,23)24)20(32-2)25-9-14/h8-9,12-13H,3-7,10-11H2,1-2H3,(H,26,27,28)/t13-/m0/s1",CCC(=O)N1CC[C@@H](C1)NC1=C2CN(CCC2=NC=N1)C1=CN=C(OC)C(=C1)C(F)(F)F
DB16226,['CYP3A4'],Maralixibat,"InChI=1S/C40H56N3O4S/c1-5-7-19-40(20-8-6-2)30-48(45,46)37-18-15-34(41(3)4)27-36(37)38(39(40)44)33-13-16-35(17-14-33)47-29-32-11-9-31(10-12-32)28-43-24-21-42(22-25-43)23-26-43/h9-18,27,38-39,44H,5-8,19-26,28-30H2,1-4H3/q+1/t38-,39-/m1/s1",CCCCC1(CCCC)CS(=O)(=O)C2=CC=C(C=C2[C@H]([C@H]1O)C1=CC=C(OCC2=CC=C(C[N+]34CCN(CC3)CC4)C=C2)C=C1)N(C)C
DB16236,"['CYP3A4', 'CYP2B6', 'CYP2C8', 'CYP2C9', 'CYP2C19', 'CYP1A2']",Mitapivat,"InChI=1S/C24H26N4O3S/c29-24(28-15-13-27(14-16-28)17-18-6-7-18)20-8-10-21(11-9-20)26-32(30,31)22-5-1-3-19-4-2-12-25-23(19)22/h1-5,8-12,18,26H,6-7,13-17H2",O=C(N1CCN(CC2CC2)CC1)C1=CC=C(NS(=O)(=O)C2=CC=CC3=C2N=CC=C3)C=C1
DB16267,"['CYP3A4', 'CYP2C8', 'CYP2C9', 'CYP1A2', 'CYP2C19', 'CYP2B6']",Olutasidenib,"InChI=1S/C18H15ClN4O2/c1-10(21-16-6-4-13(9-20)23(2)18(16)25)14-8-11-7-12(19)3-5-15(11)22-17(14)24/h3-8,10,21H,1-2H3,(H,22,24)/t10-/m0/s1",C[C@H](NC1=CC=C(C#N)N(C)C1=O)C1=CC2=C(NC1=O)C=CC(Cl)=C2
DB16349,['CYP2C19'],Vicagrel,"InChI=1S/C18H18ClNO4S/c1-11(21)24-16-9-12-10-20(8-7-15(12)25-16)17(18(22)23-2)13-5-3-4-6-14(13)19/h3-6,9,17H,7-8,10H2,1-2H3/t17-/m0/s1",COC(=O)[C@@H](N1CCC2=C(C1)C=C(OC(C)=O)S2)C1=C(Cl)C=CC=C1
DB16390,"['CYP3A4', 'CYP3A5', 'CYP3A7']",Mobocertinib,"InChI=1S/C32H39N7O4/c1-9-29(40)34-24-16-25(28(42-8)17-27(24)38(6)15-14-37(4)5)35-32-33-18-22(31(41)43-20(2)3)30(36-32)23-19-39(7)26-13-11-10-12-21(23)26/h9-13,16-20H,1,14-15H2,2-8H3,(H,34,40)(H,33,35,36)",COC1=C(NC2=NC=C(C(=O)OC(C)C)C(=N2)C2=CN(C)C3=C2C=CC=C3)C=C(NC(=O)C=C)C(=C1)N(C)CCN(C)C
DB16650,"['CYP1A2', 'CYP2B6', 'CYP2D6']",Deucravacitinib,"InChI=1S/C20H22N8O3/c1-21-20(30)16-14(9-15(25-26-16)24-19(29)11-7-8-11)23-13-6-4-5-12(17(13)31-3)18-22-10-28(2)27-18/h4-6,9-11H,7-8H2,1-3H3,(H,21,30)(H2,23,24,25,29)/i1D3",[2H]C([2H])([2H])NC(=O)C1=C(NC2=CC=CC(C3=NN(C)C=N3)=C2OC)C=C(NC(=O)C2CC2)N=N1
DB16691,['CYP3A4'],Nirmatrelvir,"InChI=1S/C23H32F3N5O4/c1-21(2,3)16(30-20(35)23(24,25)26)19(34)31-10-13-14(22(13,4)5)15(31)18(33)29-12(9-27)8-11-6-7-28-17(11)32/h11-16H,6-8,10H2,1-5H3,(H,28,32)(H,29,33)(H,30,35)/t11-,12-,13-,14-,15-,16+/m0/s1",[H][C@]12CN([C@H](C(=O)N[C@@H](C[C@]3([H])CCNC3=O)C#N)[C@@]1([H])C2(C)C)C(=O)[C@@H](NC(=O)C(F)(F)F)C(C)(C)C
DB16703,"['CYP3A4', 'CYP2C8', 'CYP2D6', 'CYP1A2', 'CYP2C19']",Belumosudil,"InChI=1S/C26H24N6O2/c1-16(2)28-24(33)15-34-20-7-5-6-17(13-20)25-30-23-9-4-3-8-21(23)26(31-25)29-19-10-11-22-18(12-19)14-27-32-22/h3-14,16H,15H2,1-2H3,(H,27,32)(H,28,33)(H,29,30,31)",CC(C)NC(=O)COC1=CC=CC(=C1)C1=NC2=C(C=CC=C2)C(NC2=CC=C3NN=CC3=C2)=N1
DB16826,"['CYP2B6', 'CYP2C8', 'CYP2C9', 'CYP2C19', 'CYP3A4', 'CYP3A5']",Repotrectinib,"InChI=1S/C18H18FN5O2/c1-10-8-20-18(25)14-9-21-24-6-5-16(23-17(14)24)22-11(2)13-7-12(19)3-4-15(13)26-10/h3-7,9-11H,8H2,1-2H3,(H,20,25)(H,22,23)/t10-,11+/m0/s1",C[C@H]1CNC(=O)C2=C3N=C(N[C@H](C)C4=CC(F)=CC=C4O1)C=CN3N=C2
DB17083,"['CYP2C9', 'CYP3A4', 'CYP2C8']",Linzagolix,"InChI=1S/C22H15F3N2O7S/c1-32-14-4-3-10(23)18(25)9(14)7-34-16-6-13(11(24)5-15(16)33-2)27-20(28)17-12(26-22(27)31)8-35-19(17)21(29)30/h3-6,8H,7H2,1-2H3,(H,26,31)(H,29,30)",COC1=C(COC2=C(OC)C=C(F)C(=C2)N2C(=O)NC3=CSC(C(O)=O)=C3C2=O)C(F)=C(F)C=C1
DB17097,"['CYP1A2', 'CYP2B6', 'CYP2C8', 'CYP2C9', 'CYP2C19', 'CYP2D6', 'CYP3A4']",Vorasidenib,"InChI=1S/C14H13ClF6N6/c1-6(13(16,17)18)22-11-25-10(8-4-3-5-9(15)24-8)26-12(27-11)23-7(2)14(19,20)21/h3-7H,1-2H3,(H2,22,23,25,26,27)/t6-,7-/m1/s1",C[C@@H](NC1=NC(=NC(N[C@H](C)C(F)(F)F)=N1)C1=CC=CC(Cl)=N1)C(F)(F)F
DB17472,"['CYP3A4', 'CYP2C8', 'CYP2C9', 'CYP1A2', 'CYP2B6', 'CYP2C19', 'CYP2D6', 'CYP3A5']",Pirtobrutinib,"InChI=1S/C22H21F4N5O3/c1-11(22(24,25)26)31-19(27)17(20(28)32)18(30-31)13-5-3-12(4-6-13)10-29-21(33)15-9-14(23)7-8-16(15)34-2/h3-9,11H,10,27H2,1-2H3,(H2,28,32)(H,29,33)/t11-/m0/s1",COC1=C(C=C(F)C=C1)C(=O)NCC1=CC=C(C=C1)C1=NN([C@@H](C)C(F)(F)F)C(N)=C1C(N)=O
DB18515,"['CYP3A4', 'CYP2C8']",Revumenib,"InChI=1S/C32H47FN6O4S/c1-5-39(23(3)4)31(40)27-17-25(33)9-12-28(27)43-29-18-34-22-35-30(29)38-20-32(21-38)13-15-37(16-14-32)19-24-7-10-26(11-8-24)36-44(41,42)6-2/h9,12,17-18,22-24,26,36H,5-8,10-11,13-16,19-21H2,1-4H3/t24-,26-",CCN(C(C)C)C(=O)C1=CC(F)=CC=C1OC1=CN=CN=C1N1CC2(C1)CCN(C[C@H]1CC[C@@H](CC1)NS(=O)(=O)CC)CC2
DB18716,['CYP2E1'],Enmetazobactam,"InChI=1S/C11H14N4O5S/c1-11(6-14-4-3-13(2)12-14)9(10(17)18)15-7(16)5-8(15)21(11,19)20/h3-4,8-9H,5-6H2,1-2H3/t8-,9+,11-/m1/s1",[H][C@@]12CC(=O)N1[C@@H](C([O-])=O)[C@](C)(CN1C=C[N+](C)=N1)S2(=O)=O
DB18847,"['CYP2C9', 'CYP3A4', 'CYP1A2']",Deuruxolitinib,"InChI=1S/C17H18N6/c18-7-5-15(12-3-1-2-4-12)23-10-13(9-22-23)16-14-6-8-19-17(14)21-11-20-16/h6,8-12,15H,1-5H2,(H,19,20,21)/t15-/m1/s1/i1D2,2D2,3D2,4D2",[2H]C1([2H])C([C@@H](CC#N)N2C=C(C=N2)C2=C3C=CNC3=NC=N2)C([2H])([2H])C([2H])([2H])C1([2H])[2H]
DB19325,"['CYP2D6', 'CYP3A4']",Sofpironium,"InChI=1S/C22H32NO5/c1-3-27-20(24)16-23(2)14-13-19(15-23)28-21(25)22(26,18-11-7-8-12-18)17-9-5-4-6-10-17/h4-6,9-10,18-19,26H,3,7-8,11-16H2,1-2H3/q+1/t19-,22-,23?/m1/s1",CCOC(=O)C[N+]1(C)CC[C@H](C1)OC(=O)[C@@](O)(C1CCCC1)C1=CC=CC=C1
DB19353,"['CYP3A4', 'CYP2D6']",Benzgalantamine,"InChI=1S/C24H25NO4/c1-25-13-12-24-11-10-18(28-23(26)16-6-4-3-5-7-16)14-20(24)29-22-19(27-2)9-8-17(15-25)21(22)24/h3-11,18,20H,12-15H2,1-2H3/t18-,20-,24-/m0/s1",[H][C@]12C[C@@H](OC(=O)C3=CC=CC=C3)C=C[C@]11CCN(C)CC3=CC=C(OC)C(O2)=C13
DB00286,"['CYP3A4', 'CYP1A2']","Sodium (8ξ,9ξ,14ξ)-17-oxoestra-1,3,5(10)-trien-3-yl sulfate","InChI=1S/C18H22O5S.Na/c1-18-9-8-14-13-5-3-12(23-24(20,21)22)10-11(13)2-4-15(14)16(18)6-7-17(18)19;/h3,5,10,14-16H,2,4,6-9H2,1H3,(H,20,21,22);/q;+1/p-1/t14?,15?,16?,18-;/m0./s1",C[C@]12CCC3c4ccc(OS(=O)(=O)[O-])cc4CCC3C1CCC2=O.[Na+]
DB01049,['CYP3A4'],Ergoloid mesylate,"InChI=1S/C29H37N5O5.CH4O3S/c1-15(2)28(27(37)34-16(3)26(36)33-10-6-9-23(33)29(34,38)39-28)31-25(35)18-11-20-19-7-5-8-21-24(19)17(13-30-21)12-22(20)32(4)14-18;1-5(2,3)4/h5,7-8,13,15-16,18,20,22-23,30,38H,6,9-12,14H2,1-4H3,(H,31,35);1H3,(H,2,3,4)/t16-,18+,20+,22+,23-,28+,29-;/m0./s1",CC(C)[C@@]1(NC(=O)[C@@H]2C[C@@H]3c4cccc5[nH]cc(c45)C[C@H]3N(C)C2)O[C@@]2(O)[C@@H]3CCCN3C(=O)[C@H](C)N2C1=O.CS(=O)(=O)O
DB09568,"['CYP3A4', 'CYP3A43', 'CYP3A5', 'CYP3A7']",Eicosapentanoic acid,"InChI=1S/C20H30O2/c1-2-3-4-5-6-7-8-9-10-11-12-13-14-15-16-17-18-19-20(21)22/h3-4,6-7,9-10,12-13,15-16H,2,5,8,11,14,17-19H2,1H3,(H,21,22)/b4-3-,7-6-,10-9-,13-12-,16-15-",CC/C=C\C/C=C\C/C=C\C/C=C\C/C=C\CCCC(=O)O
DB09568,"['CYP3A4', 'CYP3A43', 'CYP3A5', 'CYP3A7']",CLUPANODONIC ACID,"InChI=1S/C22H34O2/c1-2-3-4-5-6-7-8-9-10-11-12-13-14-15-16-17-18-19-20-21-22(23)24/h3-4,6-7,9-10,12-13,15-16H,2,5,8,11,14,17-21H2,1H3,(H,23,24)/b4-3-,7-6-,10-9-,13-12-,16-15-",CC/C=C\C/C=C\C/C=C\C/C=C\C/C=C\CCCCCC(=O)O
DB09568,"['CYP3A4', 'CYP3A43', 'CYP3A5', 'CYP3A7']",Osbond acid,"InChI=1S/C22H34O2/c1-2-3-4-5-6-7-8-9-10-11-12-13-14-15-16-17-18-19-20-21-22(23)24/h6-7,9-10,12-13,15-16,18-19H,2-5,8,11,14,17,20-21H2,1H3,(H,23,24)/b7-6-,10-9-,13-12-,16-15-,19-18-",CCCCC/C=C\C/C=C\C/C=C\C/C=C\C/C=C\CCC(=O)O
DB09568,"['CYP3A4', 'CYP3A43', 'CYP3A5', 'CYP3A7']",W-3-ARACHIDONIC ACID,"InChI=1S/C20H32O2/c1-2-3-4-5-6-7-8-9-10-11-12-13-14-15-16-17-18-19-20(21)22/h3-4,6-7,9-10,12-13H,2,5,8,11,14-19H2,1H3,(H,21,22)/b4-3-,7-6-,10-9-,13-12-",CC/C=C\C/C=C\C/C=C\C/C=C\CCCCCCC(=O)O
DB09568,"['CYP3A4', 'CYP3A43', 'CYP3A5', 'CYP3A7']",heneicosapentaenoic acid,"InChI=1S/C21H32O2/c1-2-3-4-5-6-7-8-9-10-11-12-13-14-15-16-17-18-19-20-21(22)23/h3-4,6-7,9-10,12-13,15-16H,2,5,8,11,14,17-20H2,1H3,(H,22,23)/b4-3-,7-6-,10-9-,13-12-,16-15-",CC/C=C\C/C=C\C/C=C\C/C=C\C/C=C\CCCCC(=O)O
DB11077,[],"3,6,9,12,15,18,21,24,27,30,33,36,39,42,45-Pentadecaoxaheptatetracontane-1,47-diol","InChI=1S/C32H66O17/c33-1-3-35-5-7-37-9-11-39-13-15-41-17-19-43-21-23-45-25-27-47-29-31-49-32-30-48-28-26-46-24-22-44-20-18-42-16-14-40-12-10-38-8-6-36-4-2-34/h33-34H,1-32H2",OCCOCCOCCOCCOCCOCCOCCOCCOCCOCCOCCOCCOCCOCCOCCOCCO
DB11077,[],Triethylene glycol,"InChI=1S/C6H14O4/c7-1-3-9-5-6-10-4-2-8/h7-8H,1-6H2",OCCOCCOCCO
DB11635,['CYP3A4'],Tocofersolan,"InChI=1S/C35H58O6/c1-24(2)12-9-13-25(3)14-10-15-26(4)16-11-20-35(8)21-19-30-29(7)33(27(5)28(6)34(30)41-35)40-32(38)18-17-31(37)39-23-22-36/h24-26,36H,9-23H2,1-8H3/t25-,26-,35-/m1/s1",Cc1c(C)c2c(c(C)c1OC(=O)CCC(=O)OCCO)CC[C@@](C)(CCC[C@H](C)CCC[C@H](C)CCCC(C)C)O2
DB14003,['CYP3A4'],Tocopheryl acetate,"InChI=1S/C31H52O3/c1-21(2)13-10-14-22(3)15-11-16-23(4)17-12-19-31(9)20-18-28-26(7)29(33-27(8)32)24(5)25(6)30(28)34-31/h21-23H,10-20H2,1-9H3/t22-,23-,31-/m1/s1",CC(=O)Oc1c(C)c(C)c2c(c1C)CC[C@@](C)(CCC[C@H](C)CCC[C@H](C)CCCC(C)C)O2
DB14046,['CYP2E1'],"1,4-Dichlorobenzene",InChI=1S/C6H4Cl2/c7-5-1-2-6(8)4-3-5/h1-4H,Clc1ccc(Cl)cc1
